date,sku_id,on_hand_units,on_order_units,lead_time_days,reorder_point
2024-01-01,SKU0001,81,0,24,44
2024-01-08,SKU0001,74,20,24,44
2024-01-15,SKU0001,54,0,24,44
2024-01-22,SKU0001,20,25,24,44
2024-01-29,SKU0001,113,111,24,44
2024-02-05,SKU0001,81,0,24,44
2024-02-12,SKU0001,64,0,24,44
2024-02-19,SKU0001,130,95,24,44
2024-02-26,SKU0001,109,25,24,44
2024-03-04,SKU0001,80,0,24,44
2024-03-11,SKU0001,71,0,24,44
2024-03-18,SKU0001,44,0,24,44
2024-03-25,SKU0001,231,212,24,44
2024-04-01,SKU0001,216,14,24,44
2024-04-08,SKU0001,195,0,24,44
2024-04-15,SKU0001,186,0,24,44
2024-04-22,SKU0001,171,0,24,44
2024-04-29,SKU0001,137,0,24,44
2024-05-06,SKU0001,130,14,24,44
2024-05-13,SKU0001,112,0,24,44
2024-05-20,SKU0001,104,0,24,44
2024-05-27,SKU0001,83,0,24,44
2024-06-03,SKU0001,58,0,24,44
2024-06-10,SKU0001,234,199,24,44
2024-06-17,SKU0001,206,0,24,44
2024-06-24,SKU0001,177,0,24,44
2024-07-01,SKU0001,146,0,24,44
2024-07-08,SKU0001,133,24,24,44
2024-07-15,SKU0001,123,23,24,44
2024-07-22,SKU0001,95,0,24,44
2024-07-29,SKU0001,76,0,24,44
2024-08-05,SKU0001,50,0,24,44
2024-08-12,SKU0001,206,176,24,44
2024-08-19,SKU0001,194,0,24,44
2024-08-26,SKU0001,186,0,24,44
2024-09-02,SKU0001,156,0,24,44
2024-09-09,SKU0001,135,0,24,44
2024-09-16,SKU0001,114,0,24,44
2024-09-23,SKU0001,93,0,24,44
2024-09-30,SKU0001,70,0,24,44
2024-10-07,SKU0001,65,0,24,44
2024-10-14,SKU0001,52,0,24,44
2024-10-21,SKU0001,254,219,24,44
2024-10-28,SKU0001,248,0,24,44
2024-11-04,SKU0001,216,0,24,44
2024-11-11,SKU0001,203,0,24,44
2024-11-18,SKU0001,183,0,24,44
2024-11-25,SKU0001,155,0,24,44
2024-12-02,SKU0001,138,24,24,44
2024-12-09,SKU0001,123,0,24,44
2024-12-16,SKU0001,95,0,24,44
2024-12-23,SKU0001,69,27,24,44
2024-12-30,SKU0001,49,14,24,44
2025-01-06,SKU0001,132,108,24,44
2025-01-13,SKU0001,116,0,24,44
2025-01-20,SKU0001,91,0,24,44
2025-01-27,SKU0001,68,10,24,44
2025-02-03,SKU0001,60,0,24,44
2025-02-10,SKU0001,45,0,24,44
2025-02-17,SKU0001,222,209,24,44
2025-02-24,SKU0001,188,0,24,44
2025-03-03,SKU0001,176,0,24,44
2025-03-10,SKU0001,150,0,24,44
2025-03-17,SKU0001,143,0,24,44
2025-03-24,SKU0001,136,0,24,44
2025-03-31,SKU0001,110,0,24,44
2025-04-07,SKU0001,99,0,24,44
2025-04-14,SKU0001,78,0,24,44
2025-04-21,SKU0001,68,0,24,44
2025-04-28,SKU0001,49,0,24,44
2025-05-05,SKU0001,23,0,24,44
2025-05-12,SKU0001,206,190,24,44
2025-05-19,SKU0001,179,12,24,44
2025-05-26,SKU0001,169,0,24,44
2025-06-02,SKU0001,150,20,24,44
2025-06-09,SKU0001,142,0,24,44
2025-06-16,SKU0001,114,0,24,44
2025-06-23,SKU0001,104,0,24,44
2025-06-30,SKU0001,86,0,24,44
2025-07-07,SKU0001,71,4,24,44
2025-07-14,SKU0001,197,159,24,44
2025-07-21,SKU0001,169,8,24,44
2025-07-28,SKU0001,150,0,24,44
2025-08-04,SKU0001,132,0,24,44
2025-08-11,SKU0001,99,0,24,44
2025-08-18,SKU0001,70,0,24,44
2025-08-25,SKU0001,57,0,24,44
2025-09-01,SKU0001,181,154,24,44
2025-09-08,SKU0001,166,0,24,44
2025-09-15,SKU0001,137,9,24,44
2025-09-22,SKU0001,116,19,24,44
2025-09-29,SKU0001,91,0,24,44
2025-10-06,SKU0001,79,0,24,44
2025-10-13,SKU0001,55,0,24,44
2025-10-20,SKU0001,41,0,24,44
2025-10-27,SKU0001,137,104,24,44
2025-11-03,SKU0001,116,0,24,44
2025-11-10,SKU0001,102,0,24,44
2025-11-17,SKU0001,73,0,24,44
2025-11-24,SKU0001,62,0,24,44
2025-12-01,SKU0001,262,233,24,44
2025-12-08,SKU0001,250,0,24,44
2025-12-15,SKU0001,240,4,24,44
2025-12-22,SKU0001,227,0,24,44
2025-12-29,SKU0001,209,0,24,44
2024-01-01,SKU0002,69,0,24,53
2024-01-08,SKU0002,61,0,24,53
2024-01-15,SKU0002,41,0,24,53
2024-01-22,SKU0002,167,143,24,53
2024-01-29,SKU0002,140,0,24,53
2024-02-05,SKU0002,113,0,24,53
2024-02-12,SKU0002,80,7,24,53
2024-02-19,SKU0002,73,24,24,53
2024-02-26,SKU0002,156,110,24,53
2024-03-04,SKU0002,130,26,24,53
2024-03-11,SKU0002,117,0,24,53
2024-03-18,SKU0002,103,0,24,53
2024-03-25,SKU0002,84,15,24,53
2024-04-01,SKU0002,133,82,24,53
2024-04-08,SKU0002,120,0,24,53
2024-04-15,SKU0002,112,8,24,53
2024-04-22,SKU0002,92,0,24,53
2024-04-29,SKU0002,65,17,24,53
2024-05-06,SKU0002,35,0,24,53
2024-05-13,SKU0002,159,153,24,53
2024-05-20,SKU0002,151,0,24,53
2024-05-27,SKU0002,144,0,24,53
2024-06-03,SKU0002,128,0,24,53
2024-06-10,SKU0002,108,0,24,53
2024-06-17,SKU0002,84,0,24,53
2024-06-24,SKU0002,288,237,24,53
2024-07-01,SKU0002,266,0,24,53
2024-07-08,SKU0002,245,21,24,53
2024-07-15,SKU0002,236,0,24,53
2024-07-22,SKU0002,231,0,24,53
2024-07-29,SKU0002,198,0,24,53
2024-08-05,SKU0002,171,0,24,53
2024-08-12,SKU0002,142,0,24,53
2024-08-19,SKU0002,112,0,24,53
2024-08-26,SKU0002,99,0,24,53
2024-09-02,SKU0002,70,0,24,53
2024-09-09,SKU0002,55,0,24,53
2024-09-16,SKU0002,35,0,24,53
2024-09-23,SKU0002,172,150,24,53
2024-09-30,SKU0002,140,0,24,53
2024-10-07,SKU0002,123,0,24,53
2024-10-14,SKU0002,110,0,24,53
2024-10-21,SKU0002,92,0,24,53
2024-10-28,SKU0002,58,0,24,53
2024-11-04,SKU0002,260,229,24,53
2024-11-11,SKU0002,254,0,24,53
2024-11-18,SKU0002,239,0,24,53
2024-11-25,SKU0002,230,0,24,53
2024-12-02,SKU0002,198,0,24,53
2024-12-09,SKU0002,189,4,24,53
2024-12-16,SKU0002,176,13,24,53
2024-12-23,SKU0002,168,21,24,53
2024-12-30,SKU0002,162,24,24,53
2025-01-06,SKU0002,156,0,24,53
2025-01-13,SKU0002,136,0,24,53
2025-01-20,SKU0002,111,0,24,53
2025-01-27,SKU0002,77,0,24,53
2025-02-03,SKU0002,57,0,24,53
2025-02-10,SKU0002,123,87,24,53
2025-02-17,SKU0002,92,0,24,53
2025-02-24,SKU0002,80,0,24,53
2025-03-03,SKU0002,197,150,24,53
2025-03-10,SKU0002,192,0,24,53
2025-03-17,SKU0002,176,2,24,53
2025-03-24,SKU0002,146,12,24,53
2025-03-31,SKU0002,114,25,24,53
2025-04-07,SKU0002,84,0,24,53
2025-04-14,SKU0002,72,0,24,53
2025-04-21,SKU0002,38,0,24,53
2025-04-28,SKU0002,227,212,24,53
2025-05-05,SKU0002,198,0,24,53
2025-05-12,SKU0002,177,0,24,53
2025-05-19,SKU0002,147,0,24,53
2025-05-26,SKU0002,129,0,24,53
2025-06-02,SKU0002,117,7,24,53
2025-06-09,SKU0002,99,0,24,53
2025-06-16,SKU0002,80,0,24,53
2025-06-23,SKU0002,65,0,24,53
2025-06-30,SKU0002,202,153,24,53
2025-07-07,SKU0002,186,0,24,53
2025-07-14,SKU0002,174,0,24,53
2025-07-21,SKU0002,161,0,24,53
2025-07-28,SKU0002,131,0,24,53
2025-08-04,SKU0002,112,0,24,53
2025-08-11,SKU0002,79,0,24,53
2025-08-18,SKU0002,49,0,24,53
2025-08-25,SKU0002,209,187,24,53
2025-09-01,SKU0002,199,0,24,53
2025-09-08,SKU0002,172,0,24,53
2025-09-15,SKU0002,152,25,24,53
2025-09-22,SKU0002,119,18,24,53
2025-09-29,SKU0002,96,21,24,53
2025-10-06,SKU0002,76,28,24,53
2025-10-13,SKU0002,43,0,24,53
2025-10-20,SKU0002,10,0,24,53
2025-10-27,SKU0002,240,240,24,53
2025-11-03,SKU0002,214,17,24,53
2025-11-10,SKU0002,194,18,24,53
2025-11-17,SKU0002,186,0,24,53
2025-11-24,SKU0002,165,0,24,53
2025-12-01,SKU0002,140,0,24,53
2025-12-08,SKU0002,120,0,24,53
2025-12-15,SKU0002,100,0,24,53
2025-12-22,SKU0002,81,0,24,53
2025-12-29,SKU0002,151,100,24,53
2024-01-01,SKU0003,214,0,9,36
2024-01-08,SKU0003,182,0,9,36
2024-01-15,SKU0003,154,0,9,36
2024-01-22,SKU0003,127,0,9,36
2024-01-29,SKU0003,96,0,9,36
2024-02-05,SKU0003,68,0,9,36
2024-02-12,SKU0003,53,28,9,36
2024-02-19,SKU0003,44,0,9,36
2024-02-26,SKU0003,177,154,9,36
2024-03-04,SKU0003,169,0,9,36
2024-03-11,SKU0003,143,0,9,36
2024-03-18,SKU0003,128,0,9,36
2024-03-25,SKU0003,100,0,9,36
2024-04-01,SKU0003,76,0,9,36
2024-04-08,SKU0003,42,0,9,36
2024-04-15,SKU0003,25,0,9,36
2024-04-22,SKU0003,178,161,9,36
2024-04-29,SKU0003,156,0,9,36
2024-05-06,SKU0003,135,0,9,36
2024-05-13,SKU0003,130,0,9,36
2024-05-20,SKU0003,113,0,9,36
2024-05-27,SKU0003,100,0,9,36
2024-06-03,SKU0003,95,0,9,36
2024-06-10,SKU0003,81,0,9,36
2024-06-17,SKU0003,60,0,9,36
2024-06-24,SKU0003,52,0,9,36
2024-07-01,SKU0003,27,8,9,36
2024-07-08,SKU0003,3,0,9,36
2024-07-15,SKU0003,195,195,9,36
2024-07-22,SKU0003,164,7,9,36
2024-07-29,SKU0003,152,25,9,36
2024-08-05,SKU0003,124,0,9,36
2024-08-12,SKU0003,92,0,9,36
2024-08-19,SKU0003,60,1,9,36
2024-08-26,SKU0003,51,0,9,36
2024-09-02,SKU0003,45,0,9,36
2024-09-09,SKU0003,12,7,9,36
2024-09-16,SKU0003,0,0,9,36
2024-09-23,SKU0003,0,0,9,36
2024-09-30,SKU0003,86,86,9,36
2024-10-07,SKU0003,78,0,9,36
2024-10-14,SKU0003,70,0,9,36
2024-10-21,SKU0003,49,0,9,36
2024-10-28,SKU0003,244,218,9,36
2024-11-04,SKU0003,217,0,9,36
2024-11-11,SKU0003,204,0,9,36
2024-11-18,SKU0003,184,0,9,36
2024-11-25,SKU0003,150,2,9,36
2024-12-02,SKU0003,127,6,9,36
2024-12-09,SKU0003,96,0,9,36
2024-12-16,SKU0003,79,5,9,36
2024-12-23,SKU0003,51,0,9,36
2024-12-30,SKU0003,41,0,9,36
2025-01-06,SKU0003,20,0,9,36
2025-01-13,SKU0003,122,122,9,36
2025-01-20,SKU0003,89,0,9,36
2025-01-27,SKU0003,72,0,9,36
2025-02-03,SKU0003,50,0,9,36
2025-02-10,SKU0003,271,239,9,36
2025-02-17,SKU0003,253,0,9,36
2025-02-24,SKU0003,233,0,9,36
2025-03-03,SKU0003,225,3,9,36
2025-03-10,SKU0003,192,0,9,36
2025-03-17,SKU0003,179,0,9,36
2025-03-24,SKU0003,151,0,9,36
2025-03-31,SKU0003,128,0,9,36
2025-04-07,SKU0003,119,0,9,36
2025-04-14,SKU0003,102,0,9,36
2025-04-21,SKU0003,79,9,9,36
2025-04-28,SKU0003,66,0,9,36
2025-05-05,SKU0003,49,0,9,36
2025-05-12,SKU0003,42,0,9,36
2025-05-19,SKU0003,20,0,9,36
2025-05-26,SKU0003,190,190,9,36
2025-06-02,SKU0003,178,0,9,36
2025-06-09,SKU0003,150,0,9,36
2025-06-16,SKU0003,130,0,9,36
2025-06-23,SKU0003,107,0,9,36
2025-06-30,SKU0003,78,0,9,36
2025-07-07,SKU0003,51,0,9,36
2025-07-14,SKU0003,186,165,9,36
2025-07-21,SKU0003,173,0,9,36
2025-07-28,SKU0003,145,0,9,36
2025-08-04,SKU0003,129,14,9,36
2025-08-11,SKU0003,123,0,9,36
2025-08-18,SKU0003,116,2,9,36
2025-08-25,SKU0003,103,0,9,36
2025-09-01,SKU0003,84,0,9,36
2025-09-08,SKU0003,74,0,9,36
2025-09-15,SKU0003,42,0,9,36
2025-09-22,SKU0003,37,0,9,36
2025-09-29,SKU0003,163,143,9,36
2025-10-06,SKU0003,151,18,9,36
2025-10-13,SKU0003,131,0,9,36
2025-10-20,SKU0003,116,0,9,36
2025-10-27,SKU0003,98,0,9,36
2025-11-03,SKU0003,70,0,9,36
2025-11-10,SKU0003,61,0,9,36
2025-11-17,SKU0003,35,20,9,36
2025-11-24,SKU0003,183,159,9,36
2025-12-01,SKU0003,174,12,9,36
2025-12-08,SKU0003,144,0,9,36
2025-12-15,SKU0003,111,0,9,36
2025-12-22,SKU0003,90,0,9,36
2025-12-29,SKU0003,66,0,9,36
2024-01-01,SKU0004,97,0,26,32
2024-01-08,SKU0004,90,0,26,32
2024-01-15,SKU0004,71,14,26,32
2024-01-22,SKU0004,57,0,26,32
2024-01-29,SKU0004,47,18,26,32
2024-02-05,SKU0004,36,0,26,32
2024-02-12,SKU0004,189,163,26,32
2024-02-19,SKU0004,163,14,26,32
2024-02-26,SKU0004,150,0,26,32
2024-03-04,SKU0004,138,0,26,32
2024-03-11,SKU0004,117,0,26,32
2024-03-18,SKU0004,93,0,26,32
2024-03-25,SKU0004,70,0,26,32
2024-04-01,SKU0004,64,0,26,32
2024-04-08,SKU0004,33,0,26,32
2024-04-15,SKU0004,188,170,26,32
2024-04-22,SKU0004,160,0,26,32
2024-04-29,SKU0004,144,0,26,32
2024-05-06,SKU0004,124,0,26,32
2024-05-13,SKU0004,116,0,26,32
2024-05-20,SKU0004,86,0,26,32
2024-05-27,SKU0004,56,15,26,32
2024-06-03,SKU0004,51,0,26,32
2024-06-10,SKU0004,35,0,26,32
2024-06-17,SKU0004,129,110,26,32
2024-06-24,SKU0004,115,5,26,32
2024-07-01,SKU0004,92,0,26,32
2024-07-08,SKU0004,60,0,26,32
2024-07-15,SKU0004,51,17,26,32
2024-07-22,SKU0004,34,0,26,32
2024-07-29,SKU0004,21,0,26,32
2024-08-05,SKU0004,185,185,26,32
2024-08-12,SKU0004,151,0,26,32
2024-08-19,SKU0004,124,0,26,32
2024-08-26,SKU0004,111,0,26,32
2024-09-02,SKU0004,78,0,26,32
2024-09-09,SKU0004,71,0,26,32
2024-09-16,SKU0004,63,0,26,32
2024-09-23,SKU0004,39,0,26,32
2024-09-30,SKU0004,18,0,26,32
2024-10-07,SKU0004,9,0,26,32
2024-10-14,SKU0004,80,80,26,32
2024-10-21,SKU0004,72,15,26,32
2024-10-28,SKU0004,44,0,26,32
2024-11-04,SKU0004,260,247,26,32
2024-11-11,SKU0004,246,0,26,32
2024-11-18,SKU0004,212,0,26,32
2024-11-25,SKU0004,188,0,26,32
2024-12-02,SKU0004,181,0,26,32
2024-12-09,SKU0004,169,0,26,32
2024-12-16,SKU0004,137,1,26,32
2024-12-23,SKU0004,121,11,26,32
2024-12-30,SKU0004,113,0,26,32
2025-01-06,SKU0004,86,0,26,32
2025-01-13,SKU0004,60,0,26,32
2025-01-20,SKU0004,33,0,26,32
2025-01-27,SKU0004,240,234,26,32
2025-02-03,SKU0004,228,0,26,32
2025-02-10,SKU0004,216,25,26,32
2025-02-17,SKU0004,183,0,26,32
2025-02-24,SKU0004,163,22,26,32
2025-03-03,SKU0004,146,0,26,32
2025-03-10,SKU0004,123,0,26,32
2025-03-17,SKU0004,98,0,26,32
2025-03-24,SKU0004,78,0,26,32
2025-03-31,SKU0004,63,0,26,32
2025-04-07,SKU0004,37,0,26,32
2025-04-14,SKU0004,188,173,26,32
2025-04-21,SKU0004,157,20,26,32
2025-04-28,SKU0004,150,0,26,32
2025-05-05,SKU0004,132,0,26,32
2025-05-12,SKU0004,106,0,26,32
2025-05-19,SKU0004,82,0,26,32
2025-05-26,SKU0004,69,3,26,32
2025-06-02,SKU0004,47,0,26,32
2025-06-09,SKU0004,216,199,26,32
2025-06-16,SKU0004,210,0,26,32
2025-06-23,SKU0004,194,0,26,32
2025-06-30,SKU0004,179,0,26,32
2025-07-07,SKU0004,170,10,26,32
2025-07-14,SKU0004,159,9,26,32
2025-07-21,SKU0004,141,0,26,32
2025-07-28,SKU0004,110,0,26,32
2025-08-04,SKU0004,95,0,26,32
2025-08-11,SKU0004,62,0,26,32
2025-08-18,SKU0004,35,0,26,32
2025-08-25,SKU0004,252,232,26,32
2025-09-01,SKU0004,231,0,26,32
2025-09-08,SKU0004,217,0,26,32
2025-09-15,SKU0004,183,0,26,32
2025-09-22,SKU0004,156,0,26,32
2025-09-29,SKU0004,151,0,26,32
2025-10-06,SKU0004,138,0,26,32
2025-10-13,SKU0004,128,0,26,32
2025-10-20,SKU0004,119,0,26,32
2025-10-27,SKU0004,113,0,26,32
2025-11-03,SKU0004,92,0,26,32
2025-11-10,SKU0004,68,0,26,32
2025-11-17,SKU0004,50,0,26,32
2025-11-24,SKU0004,28,0,26,32
2025-12-01,SKU0004,3,5,26,32
2025-12-08,SKU0004,152,152,26,32
2025-12-15,SKU0004,128,0,26,32
2025-12-22,SKU0004,100,0,26,32
2025-12-29,SKU0004,80,28,26,32
2024-01-01,SKU0005,278,0,24,19
2024-01-08,SKU0005,272,29,24,19
2024-01-15,SKU0005,254,0,24,19
2024-01-22,SKU0005,226,9,24,19
2024-01-29,SKU0005,196,0,24,19
2024-02-05,SKU0005,188,26,24,19
2024-02-12,SKU0005,163,0,24,19
2024-02-19,SKU0005,129,0,24,19
2024-02-26,SKU0005,115,0,24,19
2024-03-04,SKU0005,106,0,24,19
2024-03-11,SKU0005,89,25,24,19
2024-03-18,SKU0005,81,0,24,19
2024-03-25,SKU0005,61,0,24,19
2024-04-01,SKU0005,44,0,24,19
2024-04-08,SKU0005,27,0,24,19
2024-04-15,SKU0005,131,124,24,19
2024-04-22,SKU0005,109,0,24,19
2024-04-29,SKU0005,97,0,24,19
2024-05-06,SKU0005,82,0,24,19
2024-05-13,SKU0005,71,0,24,19
2024-05-20,SKU0005,52,0,24,19
2024-05-27,SKU0005,46,0,24,19
2024-06-03,SKU0005,36,4,24,19
2024-06-10,SKU0005,22,0,24,19
2024-06-17,SKU0005,251,238,24,19
2024-06-24,SKU0005,241,4,24,19
2024-07-01,SKU0005,233,0,24,19
2024-07-08,SKU0005,214,0,24,19
2024-07-15,SKU0005,202,0,24,19
2024-07-22,SKU0005,177,25,24,19
2024-07-29,SKU0005,164,0,24,19
2024-08-05,SKU0005,134,26,24,19
2024-08-12,SKU0005,106,0,24,19
2024-08-19,SKU0005,93,0,24,19
2024-08-26,SKU0005,81,0,24,19
2024-09-02,SKU0005,47,0,24,19
2024-09-09,SKU0005,24,0,24,19
2024-09-16,SKU0005,218,218,24,19
2024-09-23,SKU0005,197,0,24,19
2024-09-30,SKU0005,169,0,24,19
2024-10-07,SKU0005,149,0,24,19
2024-10-14,SKU0005,132,25,24,19
2024-10-21,SKU0005,127,0,24,19
2024-10-28,SKU0005,111,0,24,19
2024-11-04,SKU0005,87,0,24,19
2024-11-11,SKU0005,61,0,24,19
2024-11-18,SKU0005,32,0,24,19
2024-11-25,SKU0005,138,120,24,19
2024-12-02,SKU0005,130,20,24,19
2024-12-09,SKU0005,105,23,24,19
2024-12-16,SKU0005,85,0,24,19
2024-12-23,SKU0005,73,0,24,19
2024-12-30,SKU0005,52,0,24,19
2025-01-06,SKU0005,195,177,24,19
2025-01-13,SKU0005,164,0,24,19
2025-01-20,SKU0005,147,0,24,19
2025-01-27,SKU0005,126,0,24,19
2025-02-03,SKU0005,100,0,24,19
2025-02-10,SKU0005,94,0,24,19
2025-02-17,SKU0005,79,0,24,19
2025-02-24,SKU0005,55,1,24,19
2025-03-03,SKU0005,33,0,24,19
2025-03-10,SKU0005,231,228,24,19
2025-03-17,SKU0005,208,0,24,19
2025-03-24,SKU0005,185,0,24,19
2025-03-31,SKU0005,158,0,24,19
2025-04-07,SKU0005,133,0,24,19
2025-04-14,SKU0005,120,0,24,19
2025-04-21,SKU0005,93,0,24,19
2025-04-28,SKU0005,61,15,24,19
2025-05-05,SKU0005,55,0,24,19
2025-05-12,SKU0005,27,0,24,19
2025-05-19,SKU0005,0,0,24,19
2025-05-26,SKU0005,0,10,24,19
2025-06-02,SKU0005,195,195,24,19
2025-06-09,SKU0005,185,0,24,19
2025-06-16,SKU0005,151,0,24,19
2025-06-23,SKU0005,119,0,24,19
2025-06-30,SKU0005,88,0,24,19
2025-07-07,SKU0005,61,0,24,19
2025-07-14,SKU0005,44,0,24,19
2025-07-21,SKU0005,24,0,24,19
2025-07-28,SKU0005,216,213,24,19
2025-08-04,SKU0005,198,0,24,19
2025-08-11,SKU0005,190,0,24,19
2025-08-18,SKU0005,160,23,24,19
2025-08-25,SKU0005,155,0,24,19
2025-09-01,SKU0005,144,6,24,19
2025-09-08,SKU0005,110,0,24,19
2025-09-15,SKU0005,81,0,24,19
2025-09-22,SKU0005,55,0,24,19
2025-09-29,SKU0005,32,0,24,19
2025-10-06,SKU0005,163,145,24,19
2025-10-13,SKU0005,146,0,24,19
2025-10-20,SKU0005,124,0,24,19
2025-10-27,SKU0005,91,10,24,19
2025-11-03,SKU0005,75,0,24,19
2025-11-10,SKU0005,47,3,24,19
2025-11-17,SKU0005,33,0,24,19
2025-11-24,SKU0005,8,0,24,19
2025-12-01,SKU0005,0,0,24,19
2025-12-08,SKU0005,161,161,24,19
2025-12-15,SKU0005,150,14,24,19
2025-12-22,SKU0005,130,0,24,19
2025-12-29,SKU0005,112,7,24,19
2024-01-01,SKU0006,48,0,18,19
2024-01-08,SKU0006,23,14,18,19
2024-01-15,SKU0006,133,122,18,19
2024-01-22,SKU0006,119,0,18,19
2024-01-29,SKU0006,92,0,18,19
2024-02-05,SKU0006,84,0,18,19
2024-02-12,SKU0006,50,0,18,19
2024-02-19,SKU0006,28,2,18,19
2024-02-26,SKU0006,131,131,18,19
2024-03-04,SKU0006,114,0,18,19
2024-03-11,SKU0006,107,0,18,19
2024-03-18,SKU0006,90,16,18,19
2024-03-25,SKU0006,83,7,18,19
2024-04-01,SKU0006,75,0,18,19
2024-04-08,SKU0006,45,0,18,19
2024-04-15,SKU0006,148,130,18,19
2024-04-22,SKU0006,118,0,18,19
2024-04-29,SKU0006,101,0,18,19
2024-05-06,SKU0006,95,0,18,19
2024-05-13,SKU0006,84,6,18,19
2024-05-20,SKU0006,53,11,18,19
2024-05-27,SKU0006,41,0,18,19
2024-06-03,SKU0006,128,110,18,19
2024-06-10,SKU0006,122,0,18,19
2024-06-17,SKU0006,104,0,18,19
2024-06-24,SKU0006,95,0,18,19
2024-07-01,SKU0006,65,0,18,19
2024-07-08,SKU0006,44,0,18,19
2024-07-15,SKU0006,24,0,18,19
2024-07-22,SKU0006,11,0,18,19
2024-07-29,SKU0006,2,0,18,19
2024-08-05,SKU0006,163,163,18,19
2024-08-12,SKU0006,147,0,18,19
2024-08-19,SKU0006,126,10,18,19
2024-08-26,SKU0006,118,0,18,19
2024-09-02,SKU0006,111,0,18,19
2024-09-09,SKU0006,92,11,18,19
2024-09-16,SKU0006,71,0,18,19
2024-09-23,SKU0006,62,7,18,19
2024-09-30,SKU0006,46,0,18,19
2024-10-07,SKU0006,38,0,18,19
2024-10-14,SKU0006,189,183,18,19
2024-10-21,SKU0006,155,0,18,19
2024-10-28,SKU0006,138,25,18,19
2024-11-04,SKU0006,104,0,18,19
2024-11-11,SKU0006,75,0,18,19
2024-11-18,SKU0006,48,24,18,19
2024-11-25,SKU0006,191,175,18,19
2024-12-02,SKU0006,185,0,18,19
2024-12-09,SKU0006,179,0,18,19
2024-12-16,SKU0006,151,0,18,19
2024-12-23,SKU0006,127,0,18,19
2024-12-30,SKU0006,99,0,18,19
2025-01-06,SKU0006,79,0,18,19
2025-01-13,SKU0006,61,16,18,19
2025-01-20,SKU0006,27,0,18,19
2025-01-27,SKU0006,90,90,18,19
2025-02-03,SKU0006,62,3,18,19
2025-02-10,SKU0006,34,0,18,19
2025-02-17,SKU0006,11,0,18,19
2025-02-24,SKU0006,203,203,18,19
2025-03-03,SKU0006,189,0,18,19
2025-03-10,SKU0006,165,0,18,19
2025-03-17,SKU0006,142,0,18,19
2025-03-24,SKU0006,109,2,18,19
2025-03-31,SKU0006,84,0,18,19
2025-04-07,SKU0006,62,0,18,19
2025-04-14,SKU0006,56,0,18,19
2025-04-21,SKU0006,29,0,18,19
2025-04-28,SKU0006,209,207,18,19
2025-05-05,SKU0006,185,0,18,19
2025-05-12,SKU0006,170,0,18,19
2025-05-19,SKU0006,137,0,18,19
2025-05-26,SKU0006,121,0,18,19
2025-06-02,SKU0006,104,0,18,19
2025-06-09,SKU0006,82,0,18,19
2025-06-16,SKU0006,62,0,18,19
2025-06-23,SKU0006,52,0,18,19
2025-06-30,SKU0006,28,0,18,19
2025-07-07,SKU0006,164,154,18,19
2025-07-14,SKU0006,135,0,18,19
2025-07-21,SKU0006,128,0,18,19
2025-07-28,SKU0006,102,19,18,19
2025-08-04,SKU0006,71,9,18,19
2025-08-11,SKU0006,62,0,18,19
2025-08-18,SKU0006,34,0,18,19
2025-08-25,SKU0006,195,193,18,19
2025-09-01,SKU0006,164,8,18,19
2025-09-08,SKU0006,151,0,18,19
2025-09-15,SKU0006,138,0,18,19
2025-09-22,SKU0006,111,0,18,19
2025-09-29,SKU0006,100,0,18,19
2025-10-06,SKU0006,72,0,18,19
2025-10-13,SKU0006,39,0,18,19
2025-10-20,SKU0006,25,0,18,19
2025-10-27,SKU0006,2,0,18,19
2025-11-03,SKU0006,196,196,18,19
2025-11-10,SKU0006,175,0,18,19
2025-11-17,SKU0006,158,0,18,19
2025-11-24,SKU0006,143,0,18,19
2025-12-01,SKU0006,125,0,18,19
2025-12-08,SKU0006,111,0,18,19
2025-12-15,SKU0006,97,0,18,19
2025-12-22,SKU0006,79,0,18,19
2025-12-29,SKU0006,56,0,18,19
2024-01-01,SKU0007,136,0,27,57
2024-01-08,SKU0007,103,0,27,57
2024-01-15,SKU0007,69,0,27,57
2024-01-22,SKU0007,58,0,27,57
2024-01-29,SKU0007,229,198,27,57
2024-02-05,SKU0007,217,0,27,57
2024-02-12,SKU0007,193,0,27,57
2024-02-19,SKU0007,180,0,27,57
2024-02-26,SKU0007,165,0,27,57
2024-03-04,SKU0007,148,0,27,57
2024-03-11,SKU0007,135,25,27,57
2024-03-18,SKU0007,120,0,27,57
2024-03-25,SKU0007,115,0,27,57
2024-04-01,SKU0007,106,25,27,57
2024-04-08,SKU0007,81,23,27,57
2024-04-15,SKU0007,73,0,27,57
2024-04-22,SKU0007,297,240,27,57
2024-04-29,SKU0007,288,0,27,57
2024-05-06,SKU0007,271,0,27,57
2024-05-13,SKU0007,248,0,27,57
2024-05-20,SKU0007,225,2,27,57
2024-05-27,SKU0007,203,0,27,57
2024-06-03,SKU0007,175,0,27,57
2024-06-10,SKU0007,164,19,27,57
2024-06-17,SKU0007,138,24,27,57
2024-06-24,SKU0007,129,0,27,57
2024-07-01,SKU0007,112,0,27,57
2024-07-08,SKU0007,99,0,27,57
2024-07-15,SKU0007,74,0,27,57
2024-07-22,SKU0007,69,0,27,57
2024-07-29,SKU0007,231,196,27,57
2024-08-05,SKU0007,205,0,27,57
2024-08-12,SKU0007,191,0,27,57
2024-08-19,SKU0007,177,0,27,57
2024-08-26,SKU0007,166,0,27,57
2024-09-02,SKU0007,160,0,27,57
2024-09-09,SKU0007,146,0,27,57
2024-09-16,SKU0007,118,0,27,57
2024-09-23,SKU0007,85,0,27,57
2024-09-30,SKU0007,68,0,27,57
2024-10-07,SKU0007,258,216,27,57
2024-10-14,SKU0007,247,26,27,57
2024-10-21,SKU0007,225,26,27,57
2024-10-28,SKU0007,211,0,27,57
2024-11-04,SKU0007,202,15,27,57
2024-11-11,SKU0007,196,2,27,57
2024-11-18,SKU0007,178,0,27,57
2024-11-25,SKU0007,171,0,27,57
2024-12-02,SKU0007,165,0,27,57
2024-12-09,SKU0007,150,5,27,57
2024-12-16,SKU0007,144,0,27,57
2024-12-23,SKU0007,114,0,27,57
2024-12-30,SKU0007,96,24,27,57
2025-01-06,SKU0007,79,0,27,57
2025-01-13,SKU0007,63,0,27,57
2025-01-20,SKU0007,256,207,27,57
2025-01-27,SKU0007,235,0,27,57
2025-02-03,SKU0007,208,0,27,57
2025-02-10,SKU0007,191,0,27,57
2025-02-17,SKU0007,180,0,27,57
2025-02-24,SKU0007,147,3,27,57
2025-03-03,SKU0007,132,5,27,57
2025-03-10,SKU0007,126,0,27,57
2025-03-17,SKU0007,97,0,27,57
2025-03-24,SKU0007,67,0,27,57
2025-03-31,SKU0007,58,0,27,57
2025-04-07,SKU0007,26,0,27,57
2025-04-14,SKU0007,10,18,27,57
2025-04-21,SKU0007,0,0,27,57
2025-04-28,SKU0007,204,204,27,57
2025-05-05,SKU0007,177,0,27,57
2025-05-12,SKU0007,156,0,27,57
2025-05-19,SKU0007,138,0,27,57
2025-05-26,SKU0007,106,0,27,57
2025-06-02,SKU0007,83,0,27,57
2025-06-09,SKU0007,70,0,27,57
2025-06-16,SKU0007,53,0,27,57
2025-06-23,SKU0007,189,145,27,57
2025-06-30,SKU0007,181,0,27,57
2025-07-07,SKU0007,161,0,27,57
2025-07-14,SKU0007,137,20,27,57
2025-07-21,SKU0007,122,0,27,57
2025-07-28,SKU0007,117,0,27,57
2025-08-04,SKU0007,89,19,27,57
2025-08-11,SKU0007,59,0,27,57
2025-08-18,SKU0007,250,222,27,57
2025-08-25,SKU0007,217,10,27,57
2025-09-01,SKU0007,206,0,27,57
2025-09-08,SKU0007,188,0,27,57
2025-09-15,SKU0007,178,0,27,57
2025-09-22,SKU0007,147,0,27,57
2025-09-29,SKU0007,140,0,27,57
2025-10-06,SKU0007,120,5,27,57
2025-10-13,SKU0007,96,0,27,57
2025-10-20,SKU0007,66,0,27,57
2025-10-27,SKU0007,143,89,27,57
2025-11-03,SKU0007,128,0,27,57
2025-11-10,SKU0007,116,0,27,57
2025-11-17,SKU0007,87,0,27,57
2025-11-24,SKU0007,264,208,27,57
2025-12-01,SKU0007,256,13,27,57
2025-12-08,SKU0007,233,5,27,57
2025-12-15,SKU0007,203,0,27,57
2025-12-22,SKU0007,195,0,27,57
2025-12-29,SKU0007,166,0,27,57
2024-01-01,SKU0008,160,0,8,24
2024-01-08,SKU0008,141,0,8,24
2024-01-15,SKU0008,108,0,8,24
2024-01-22,SKU0008,76,0,8,24
2024-01-29,SKU0008,66,0,8,24
2024-02-05,SKU0008,46,0,8,24
2024-02-12,SKU0008,27,0,8,24
2024-02-19,SKU0008,147,147,8,24
2024-02-26,SKU0008,128,0,8,24
2024-03-04,SKU0008,120,29,8,24
2024-03-11,SKU0008,112,0,8,24
2024-03-18,SKU0008,107,0,8,24
2024-03-25,SKU0008,85,0,8,24
2024-04-01,SKU0008,67,0,8,24
2024-04-08,SKU0008,50,0,8,24
2024-04-15,SKU0008,259,238,8,24
2024-04-22,SKU0008,231,0,8,24
2024-04-29,SKU0008,217,0,8,24
2024-05-06,SKU0008,201,0,8,24
2024-05-13,SKU0008,183,0,8,24
2024-05-20,SKU0008,167,0,8,24
2024-05-27,SKU0008,153,0,8,24
2024-06-03,SKU0008,133,2,8,24
2024-06-10,SKU0008,113,0,8,24
2024-06-17,SKU0008,87,0,8,24
2024-06-24,SKU0008,59,0,8,24
2024-07-01,SKU0008,38,0,8,24
2024-07-08,SKU0008,18,0,8,24
2024-07-15,SKU0008,0,19,8,24
2024-07-22,SKU0008,97,97,8,24
2024-07-29,SKU0008,65,0,8,24
2024-08-05,SKU0008,31,0,8,24
2024-08-12,SKU0008,195,195,8,24
2024-08-19,SKU0008,188,0,8,24
2024-08-26,SKU0008,183,0,8,24
2024-09-02,SKU0008,171,0,8,24
2024-09-09,SKU0008,152,17,8,24
2024-09-16,SKU0008,124,0,8,24
2024-09-23,SKU0008,93,0,8,24
2024-09-30,SKU0008,62,0,8,24
2024-10-07,SKU0008,56,8,8,24
2024-10-14,SKU0008,38,0,8,24
2024-10-21,SKU0008,130,120,8,24
2024-10-28,SKU0008,97,0,8,24
2024-11-04,SKU0008,69,25,8,24
2024-11-11,SKU0008,37,0,8,24
2024-11-18,SKU0008,114,99,8,24
2024-11-25,SKU0008,106,0,8,24
2024-12-02,SKU0008,86,0,8,24
2024-12-09,SKU0008,67,0,8,24
2024-12-16,SKU0008,41,0,8,24
2024-12-23,SKU0008,119,101,8,24
2024-12-30,SKU0008,102,26,8,24
2025-01-06,SKU0008,74,0,8,24
2025-01-13,SKU0008,67,0,8,24
2025-01-20,SKU0008,54,0,8,24
2025-01-27,SKU0008,48,0,8,24
2025-02-03,SKU0008,43,0,8,24
2025-02-10,SKU0008,25,20,8,24
2025-02-17,SKU0008,195,193,8,24
2025-02-24,SKU0008,167,18,8,24
2025-03-03,SKU0008,145,0,8,24
2025-03-10,SKU0008,127,0,8,24
2025-03-17,SKU0008,109,4,8,24
2025-03-24,SKU0008,90,10,8,24
2025-03-31,SKU0008,70,0,8,24
2025-04-07,SKU0008,37,0,8,24
2025-04-14,SKU0008,265,245,8,24
2025-04-21,SKU0008,243,0,8,24
2025-04-28,SKU0008,219,0,8,24
2025-05-05,SKU0008,204,0,8,24
2025-05-12,SKU0008,187,6,8,24
2025-05-19,SKU0008,166,0,8,24
2025-05-26,SKU0008,147,28,8,24
2025-06-02,SKU0008,136,0,8,24
2025-06-09,SKU0008,110,0,8,24
2025-06-16,SKU0008,94,0,8,24
2025-06-23,SKU0008,88,0,8,24
2025-06-30,SKU0008,56,3,8,24
2025-07-07,SKU0008,51,25,8,24
2025-07-14,SKU0008,25,0,8,24
2025-07-21,SKU0008,204,200,8,24
2025-07-28,SKU0008,188,0,8,24
2025-08-04,SKU0008,154,0,8,24
2025-08-11,SKU0008,148,0,8,24
2025-08-18,SKU0008,120,0,8,24
2025-08-25,SKU0008,110,0,8,24
2025-09-01,SKU0008,100,0,8,24
2025-09-08,SKU0008,93,0,8,24
2025-09-15,SKU0008,72,0,8,24
2025-09-22,SKU0008,43,0,8,24
2025-09-29,SKU0008,28,28,8,24
2025-10-06,SKU0008,215,215,8,24
2025-10-13,SKU0008,199,0,8,24
2025-10-20,SKU0008,178,0,8,24
2025-10-27,SKU0008,160,0,8,24
2025-11-03,SKU0008,134,0,8,24
2025-11-10,SKU0008,104,0,8,24
2025-11-17,SKU0008,88,0,8,24
2025-11-24,SKU0008,80,2,8,24
2025-12-01,SKU0008,58,0,8,24
2025-12-08,SKU0008,30,0,8,24
2025-12-15,SKU0008,184,184,8,24
2025-12-22,SKU0008,170,0,8,24
2025-12-29,SKU0008,161,0,8,24
2024-01-01,SKU0009,240,0,12,32
2024-01-08,SKU0009,209,0,12,32
2024-01-15,SKU0009,175,10,12,32
2024-01-22,SKU0009,166,4,12,32
2024-01-29,SKU0009,156,0,12,32
2024-02-05,SKU0009,141,0,12,32
2024-02-12,SKU0009,109,0,12,32
2024-02-19,SKU0009,81,0,12,32
2024-02-26,SKU0009,70,0,12,32
2024-03-04,SKU0009,46,0,12,32
2024-03-11,SKU0009,115,99,12,32
2024-03-18,SKU0009,108,0,12,32
2024-03-25,SKU0009,91,0,12,32
2024-04-01,SKU0009,73,0,12,32
2024-04-08,SKU0009,59,0,12,32
2024-04-15,SKU0009,215,184,12,32
2024-04-22,SKU0009,201,0,12,32
2024-04-29,SKU0009,191,0,12,32
2024-05-06,SKU0009,166,0,12,32
2024-05-13,SKU0009,138,21,12,32
2024-05-20,SKU0009,112,28,12,32
2024-05-27,SKU0009,83,0,12,32
2024-06-03,SKU0009,75,0,12,32
2024-06-10,SKU0009,70,0,12,32
2024-06-17,SKU0009,50,0,12,32
2024-06-24,SKU0009,43,0,12,32
2024-07-01,SKU0009,269,245,12,32
2024-07-08,SKU0009,262,0,12,32
2024-07-15,SKU0009,250,0,12,32
2024-07-22,SKU0009,239,17,12,32
2024-07-29,SKU0009,205,0,12,32
2024-08-05,SKU0009,186,0,12,32
2024-08-12,SKU0009,155,24,12,32
2024-08-19,SKU0009,126,0,12,32
2024-08-26,SKU0009,99,0,12,32
2024-09-02,SKU0009,71,0,12,32
2024-09-09,SKU0009,61,0,12,32
2024-09-16,SKU0009,184,153,12,32
2024-09-23,SKU0009,160,0,12,32
2024-09-30,SKU0009,128,0,12,32
2024-10-07,SKU0009,95,0,12,32
2024-10-14,SKU0009,72,0,12,32
2024-10-21,SKU0009,43,0,12,32
2024-10-28,SKU0009,182,158,12,32
2024-11-04,SKU0009,160,22,12,32
2024-11-11,SKU0009,144,0,12,32
2024-11-18,SKU0009,134,0,12,32
2024-11-25,SKU0009,123,0,12,32
2024-12-02,SKU0009,92,2,12,32
2024-12-09,SKU0009,59,8,12,32
2024-12-16,SKU0009,49,0,12,32
2024-12-23,SKU0009,35,0,12,32
2024-12-30,SKU0009,15,0,12,32
2025-01-06,SKU0009,109,109,12,32
2025-01-13,SKU0009,81,14,12,32
2025-01-20,SKU0009,65,0,12,32
2025-01-27,SKU0009,52,21,12,32
2025-02-03,SKU0009,31,12,12,32
2025-02-10,SKU0009,12,0,12,32
2025-02-17,SKU0009,222,218,12,32
2025-02-24,SKU0009,204,0,12,32
2025-03-03,SKU0009,175,0,12,32
2025-03-10,SKU0009,165,0,12,32
2025-03-17,SKU0009,155,0,12,32
2025-03-24,SKU0009,129,0,12,32
2025-03-31,SKU0009,117,0,12,32
2025-04-07,SKU0009,107,8,12,32
2025-04-14,SKU0009,102,0,12,32
2025-04-21,SKU0009,84,0,12,32
2025-04-28,SKU0009,52,0,12,32
2025-05-05,SKU0009,40,0,12,32
2025-05-12,SKU0009,25,0,12,32
2025-05-19,SKU0009,6,0,12,32
2025-05-26,SKU0009,0,0,12,32
2025-06-02,SKU0009,209,209,12,32
2025-06-09,SKU0009,202,17,12,32
2025-06-16,SKU0009,183,0,12,32
2025-06-23,SKU0009,164,0,12,32
2025-06-30,SKU0009,147,0,12,32
2025-07-07,SKU0009,123,25,12,32
2025-07-14,SKU0009,97,0,12,32
2025-07-21,SKU0009,86,0,12,32
2025-07-28,SKU0009,58,0,12,32
2025-08-04,SKU0009,24,0,12,32
2025-08-11,SKU0009,164,148,12,32
2025-08-18,SKU0009,135,0,12,32
2025-08-25,SKU0009,112,0,12,32
2025-09-01,SKU0009,78,0,12,32
2025-09-08,SKU0009,57,6,12,32
2025-09-15,SKU0009,47,18,12,32
2025-09-22,SKU0009,104,90,12,32
2025-09-29,SKU0009,74,0,12,32
2025-10-06,SKU0009,49,5,12,32
2025-10-13,SKU0009,38,0,12,32
2025-10-20,SKU0009,9,8,12,32
2025-10-27,SKU0009,0,0,12,32
2025-11-03,SKU0009,0,0,12,32
2025-11-10,SKU0009,247,247,12,32
2025-11-17,SKU0009,230,0,12,32
2025-11-24,SKU0009,202,0,12,32
2025-12-01,SKU0009,174,0,12,32
2025-12-08,SKU0009,147,0,12,32
2025-12-15,SKU0009,117,17,12,32
2025-12-22,SKU0009,95,0,12,32
2025-12-29,SKU0009,64,0,12,32
2024-01-01,SKU0010,62,24,27,38
2024-01-08,SKU0010,53,0,27,38
2024-01-15,SKU0010,157,120,27,38
2024-01-22,SKU0010,147,16,27,38
2024-01-29,SKU0010,130,0,27,38
2024-02-05,SKU0010,103,0,27,38
2024-02-12,SKU0010,73,0,27,38
2024-02-19,SKU0010,64,0,27,38
2024-02-26,SKU0010,151,121,27,38
2024-03-04,SKU0010,119,0,27,38
2024-03-11,SKU0010,85,0,27,38
2024-03-18,SKU0010,59,12,27,38
2024-03-25,SKU0010,40,0,27,38
2024-04-01,SKU0010,141,111,27,38
2024-04-08,SKU0010,129,0,27,38
2024-04-15,SKU0010,116,0,27,38
2024-04-22,SKU0010,95,0,27,38
2024-04-29,SKU0010,66,0,27,38
2024-05-06,SKU0010,58,7,27,38
2024-05-13,SKU0010,53,0,27,38
2024-05-20,SKU0010,168,148,27,38
2024-05-27,SKU0010,138,0,27,38
2024-06-03,SKU0010,126,1,27,38
2024-06-10,SKU0010,98,0,27,38
2024-06-17,SKU0010,74,0,27,38
2024-06-24,SKU0010,58,0,27,38
2024-07-01,SKU0010,26,0,27,38
2024-07-08,SKU0010,6,0,27,38
2024-07-15,SKU0010,0,0,27,38
2024-07-22,SKU0010,0,0,27,38
2024-07-29,SKU0010,0,0,27,38
2024-08-05,SKU0010,229,229,27,38
2024-08-12,SKU0010,195,0,27,38
2024-08-19,SKU0010,168,0,27,38
2024-08-26,SKU0010,145,8,27,38
2024-09-02,SKU0010,111,0,27,38
2024-09-09,SKU0010,99,0,27,38
2024-09-16,SKU0010,79,0,27,38
2024-09-23,SKU0010,57,0,27,38
2024-09-30,SKU0010,259,235,27,38
2024-10-07,SKU0010,231,0,27,38
2024-10-14,SKU0010,204,0,27,38
2024-10-21,SKU0010,176,0,27,38
2024-10-28,SKU0010,166,0,27,38
2024-11-04,SKU0010,161,0,27,38
2024-11-11,SKU0010,135,0,27,38
2024-11-18,SKU0010,119,0,27,38
2024-11-25,SKU0010,104,0,27,38
2024-12-02,SKU0010,97,29,27,38
2024-12-09,SKU0010,75,0,27,38
2024-12-16,SKU0010,58,0,27,38
2024-12-23,SKU0010,251,213,27,38
2024-12-30,SKU0010,228,0,27,38
2025-01-06,SKU0010,194,0,27,38
2025-01-13,SKU0010,182,0,27,38
2025-01-20,SKU0010,154,0,27,38
2025-01-27,SKU0010,141,0,27,38
2025-02-03,SKU0010,117,13,27,38
2025-02-10,SKU0010,106,0,27,38
2025-02-17,SKU0010,92,0,27,38
2025-02-24,SKU0010,71,13,27,38
2025-03-03,SKU0010,56,0,27,38
2025-03-10,SKU0010,114,85,27,38
2025-03-17,SKU0010,97,28,27,38
2025-03-24,SKU0010,82,0,27,38
2025-03-31,SKU0010,55,0,27,38
2025-04-07,SKU0010,44,0,27,38
2025-04-14,SKU0010,190,173,27,38
2025-04-21,SKU0010,170,0,27,38
2025-04-28,SKU0010,142,0,27,38
2025-05-05,SKU0010,130,10,27,38
2025-05-12,SKU0010,97,0,27,38
2025-05-19,SKU0010,89,0,27,38
2025-05-26,SKU0010,65,0,27,38
2025-06-02,SKU0010,57,0,27,38
2025-06-09,SKU0010,38,0,27,38
2025-06-16,SKU0010,33,0,27,38
2025-06-23,SKU0010,103,101,27,38
2025-06-30,SKU0010,94,0,27,38
2025-07-07,SKU0010,84,0,27,38
2025-07-14,SKU0010,52,0,27,38
2025-07-21,SKU0010,131,108,27,38
2025-07-28,SKU0010,123,2,27,38
2025-08-04,SKU0010,107,0,27,38
2025-08-11,SKU0010,100,0,27,38
2025-08-18,SKU0010,92,0,27,38
2025-08-25,SKU0010,65,0,27,38
2025-09-01,SKU0010,43,0,27,38
2025-09-08,SKU0010,26,0,27,38
2025-09-15,SKU0010,0,0,27,38
2025-09-22,SKU0010,138,138,27,38
2025-09-29,SKU0010,131,0,27,38
2025-10-06,SKU0010,121,0,27,38
2025-10-13,SKU0010,104,0,27,38
2025-10-20,SKU0010,95,0,27,38
2025-10-27,SKU0010,70,0,27,38
2025-11-03,SKU0010,56,0,27,38
2025-11-10,SKU0010,25,0,27,38
2025-11-17,SKU0010,174,156,27,38
2025-11-24,SKU0010,149,0,27,38
2025-12-01,SKU0010,141,0,27,38
2025-12-08,SKU0010,128,0,27,38
2025-12-15,SKU0010,113,0,27,38
2025-12-22,SKU0010,92,0,27,38
2025-12-29,SKU0010,83,18,27,38
2024-01-01,SKU0011,127,0,22,42
2024-01-08,SKU0011,104,0,22,42
2024-01-15,SKU0011,97,0,22,42
2024-01-22,SKU0011,79,0,22,42
2024-01-29,SKU0011,72,0,22,42
2024-02-05,SKU0011,43,0,22,42
2024-02-12,SKU0011,16,0,22,42
2024-02-19,SKU0011,219,209,22,42
2024-02-26,SKU0011,198,0,22,42
2024-03-04,SKU0011,179,0,22,42
2024-03-11,SKU0011,147,0,22,42
2024-03-18,SKU0011,128,0,22,42
2024-03-25,SKU0011,94,22,22,42
2024-04-01,SKU0011,77,0,22,42
2024-04-08,SKU0011,57,0,22,42
2024-04-15,SKU0011,205,163,22,42
2024-04-22,SKU0011,171,0,22,42
2024-04-29,SKU0011,138,12,22,42
2024-05-06,SKU0011,127,17,22,42
2024-05-13,SKU0011,122,0,22,42
2024-05-20,SKU0011,107,0,22,42
2024-05-27,SKU0011,79,6,22,42
2024-06-03,SKU0011,57,3,22,42
2024-06-10,SKU0011,172,148,22,42
2024-06-17,SKU0011,149,0,22,42
2024-06-24,SKU0011,133,0,22,42
2024-07-01,SKU0011,109,0,22,42
2024-07-08,SKU0011,100,0,22,42
2024-07-15,SKU0011,89,0,22,42
2024-07-22,SKU0011,80,0,22,42
2024-07-29,SKU0011,53,0,22,42
2024-08-05,SKU0011,142,118,22,42
2024-08-12,SKU0011,127,0,22,42
2024-08-19,SKU0011,115,0,22,42
2024-08-26,SKU0011,88,0,22,42
2024-09-02,SKU0011,54,0,22,42
2024-09-09,SKU0011,39,0,22,42
2024-09-16,SKU0011,159,144,22,42
2024-09-23,SKU0011,139,0,22,42
2024-09-30,SKU0011,128,0,22,42
2024-10-07,SKU0011,114,0,22,42
2024-10-14,SKU0011,96,0,22,42
2024-10-21,SKU0011,62,0,22,42
2024-10-28,SKU0011,154,125,22,42
2024-11-04,SKU0011,130,0,22,42
2024-11-11,SKU0011,109,0,22,42
2024-11-18,SKU0011,87,0,22,42
2024-11-25,SKU0011,63,0,22,42
2024-12-02,SKU0011,170,136,22,42
2024-12-09,SKU0011,150,3,22,42
2024-12-16,SKU0011,130,0,22,42
2024-12-23,SKU0011,100,0,22,42
2024-12-30,SKU0011,92,0,22,42
2025-01-06,SKU0011,65,29,22,42
2025-01-13,SKU0011,51,7,22,42
2025-01-20,SKU0011,223,196,22,42
2025-01-27,SKU0011,217,27,22,42
2025-02-03,SKU0011,195,0,22,42
2025-02-10,SKU0011,165,15,22,42
2025-02-17,SKU0011,142,0,22,42
2025-02-24,SKU0011,117,13,22,42
2025-03-03,SKU0011,99,0,22,42
2025-03-10,SKU0011,70,16,22,42
2025-03-17,SKU0011,60,0,22,42
2025-03-24,SKU0011,45,16,22,42
2025-03-31,SKU0011,14,0,22,42
2025-04-07,SKU0011,246,243,22,42
2025-04-14,SKU0011,213,0,22,42
2025-04-21,SKU0011,192,0,22,42
2025-04-28,SKU0011,178,0,22,42
2025-05-05,SKU0011,151,6,22,42
2025-05-12,SKU0011,143,0,22,42
2025-05-19,SKU0011,128,9,22,42
2025-05-26,SKU0011,110,0,22,42
2025-06-02,SKU0011,98,0,22,42
2025-06-09,SKU0011,75,0,22,42
2025-06-16,SKU0011,64,21,22,42
2025-06-23,SKU0011,34,0,22,42
2025-06-30,SKU0011,242,227,22,42
2025-07-07,SKU0011,231,0,22,42
2025-07-14,SKU0011,222,12,22,42
2025-07-21,SKU0011,213,0,22,42
2025-07-28,SKU0011,184,0,22,42
2025-08-04,SKU0011,161,27,22,42
2025-08-11,SKU0011,147,0,22,42
2025-08-18,SKU0011,115,26,22,42
2025-08-25,SKU0011,88,0,22,42
2025-09-01,SKU0011,78,0,22,42
2025-09-08,SKU0011,46,0,22,42
2025-09-15,SKU0011,18,0,22,42
2025-09-22,SKU0011,11,0,22,42
2025-09-29,SKU0011,177,177,22,42
2025-10-06,SKU0011,153,22,22,42
2025-10-13,SKU0011,127,0,22,42
2025-10-20,SKU0011,101,0,22,42
2025-10-27,SKU0011,75,0,22,42
2025-11-03,SKU0011,55,0,22,42
2025-11-10,SKU0011,47,0,22,42
2025-11-17,SKU0011,165,144,22,42
2025-11-24,SKU0011,154,0,22,42
2025-12-01,SKU0011,132,0,22,42
2025-12-08,SKU0011,99,0,22,42
2025-12-15,SKU0011,66,0,22,42
2025-12-22,SKU0011,36,0,22,42
2025-12-29,SKU0011,14,0,22,42
2024-01-01,SKU0012,192,29,9,46
2024-01-08,SKU0012,174,0,9,46
2024-01-15,SKU0012,167,0,9,46
2024-01-22,SKU0012,153,0,9,46
2024-01-29,SKU0012,146,0,9,46
2024-02-05,SKU0012,137,0,9,46
2024-02-12,SKU0012,124,0,9,46
2024-02-19,SKU0012,98,0,9,46
2024-02-26,SKU0012,78,0,9,46
2024-03-04,SKU0012,49,0,9,46
2024-03-11,SKU0012,156,140,9,46
2024-03-18,SKU0012,125,0,9,46
2024-03-25,SKU0012,112,4,9,46
2024-04-01,SKU0012,102,20,9,46
2024-04-08,SKU0012,81,8,9,46
2024-04-15,SKU0012,70,0,9,46
2024-04-22,SKU0012,52,0,9,46
2024-04-29,SKU0012,166,127,9,46
2024-05-06,SKU0012,141,0,9,46
2024-05-13,SKU0012,118,0,9,46
2024-05-20,SKU0012,91,3,9,46
2024-05-27,SKU0012,73,0,9,46
2024-06-03,SKU0012,61,0,9,46
2024-06-10,SKU0012,251,217,9,46
2024-06-17,SKU0012,221,0,9,46
2024-06-24,SKU0012,201,18,9,46
2024-07-01,SKU0012,181,0,9,46
2024-07-08,SKU0012,151,12,9,46
2024-07-15,SKU0012,144,0,9,46
2024-07-22,SKU0012,116,29,9,46
2024-07-29,SKU0012,93,0,9,46
2024-08-05,SKU0012,61,0,9,46
2024-08-12,SKU0012,48,0,9,46
2024-08-19,SKU0012,35,27,9,46
2024-08-26,SKU0012,175,155,9,46
2024-09-02,SKU0012,154,0,9,46
2024-09-09,SKU0012,145,0,9,46
2024-09-16,SKU0012,135,0,9,46
2024-09-23,SKU0012,130,0,9,46
2024-09-30,SKU0012,110,0,9,46
2024-10-07,SKU0012,96,0,9,46
2024-10-14,SKU0012,83,14,9,46
2024-10-21,SKU0012,72,0,9,46
2024-10-28,SKU0012,66,0,9,46
2024-11-04,SKU0012,203,165,9,46
2024-11-11,SKU0012,182,0,9,46
2024-11-18,SKU0012,165,0,9,46
2024-11-25,SKU0012,131,0,9,46
2024-12-02,SKU0012,97,0,9,46
2024-12-09,SKU0012,71,0,9,46
2024-12-16,SKU0012,191,150,9,46
2024-12-23,SKU0012,161,0,9,46
2024-12-30,SKU0012,147,0,9,46
2025-01-06,SKU0012,127,21,9,46
2025-01-13,SKU0012,113,12,9,46
2025-01-20,SKU0012,97,0,9,46
2025-01-27,SKU0012,71,20,9,46
2025-02-03,SKU0012,51,0,9,46
2025-02-10,SKU0012,174,148,9,46
2025-02-17,SKU0012,159,0,9,46
2025-02-24,SKU0012,141,0,9,46
2025-03-03,SKU0012,123,0,9,46
2025-03-10,SKU0012,117,0,9,46
2025-03-17,SKU0012,95,0,9,46
2025-03-24,SKU0012,78,10,9,46
2025-03-31,SKU0012,57,14,9,46
2025-04-07,SKU0012,24,7,9,46
2025-04-14,SKU0012,11,0,9,46
2025-04-21,SKU0012,0,0,9,46
2025-04-28,SKU0012,248,248,9,46
2025-05-05,SKU0012,228,0,9,46
2025-05-12,SKU0012,219,0,9,46
2025-05-19,SKU0012,191,0,9,46
2025-05-26,SKU0012,181,2,9,46
2025-06-02,SKU0012,149,0,9,46
2025-06-09,SKU0012,137,1,9,46
2025-06-16,SKU0012,110,0,9,46
2025-06-23,SKU0012,98,10,9,46
2025-06-30,SKU0012,85,27,9,46
2025-07-07,SKU0012,69,0,9,46
2025-07-14,SKU0012,172,137,9,46
2025-07-21,SKU0012,158,2,9,46
2025-07-28,SKU0012,147,0,9,46
2025-08-04,SKU0012,136,0,9,46
2025-08-11,SKU0012,121,0,9,46
2025-08-18,SKU0012,89,0,9,46
2025-08-25,SKU0012,57,0,9,46
2025-09-01,SKU0012,43,0,9,46
2025-09-08,SKU0012,256,232,9,46
2025-09-15,SKU0012,248,0,9,46
2025-09-22,SKU0012,220,0,9,46
2025-09-29,SKU0012,213,27,9,46
2025-10-06,SKU0012,181,0,9,46
2025-10-13,SKU0012,147,8,9,46
2025-10-20,SKU0012,123,20,9,46
2025-10-27,SKU0012,95,0,9,46
2025-11-03,SKU0012,66,0,9,46
2025-11-10,SKU0012,250,207,9,46
2025-11-17,SKU0012,237,0,9,46
2025-11-24,SKU0012,207,0,9,46
2025-12-01,SKU0012,201,0,9,46
2025-12-08,SKU0012,167,0,9,46
2025-12-15,SKU0012,151,0,9,46
2025-12-22,SKU0012,141,0,9,46
2025-12-29,SKU0012,128,0,9,46
2024-01-01,SKU0013,226,0,14,48
2024-01-08,SKU0013,207,0,14,48
2024-01-15,SKU0013,195,23,14,48
2024-01-22,SKU0013,180,0,14,48
2024-01-29,SKU0013,159,0,14,48
2024-02-05,SKU0013,142,0,14,48
2024-02-12,SKU0013,117,0,14,48
2024-02-19,SKU0013,83,0,14,48
2024-02-26,SKU0013,61,25,14,48
2024-03-04,SKU0013,198,169,14,48
2024-03-11,SKU0013,187,0,14,48
2024-03-18,SKU0013,158,0,14,48
2024-03-25,SKU0013,149,27,14,48
2024-04-01,SKU0013,134,0,14,48
2024-04-08,SKU0013,113,10,14,48
2024-04-15,SKU0013,91,0,14,48
2024-04-22,SKU0013,86,0,14,48
2024-04-29,SKU0013,79,0,14,48
2024-05-06,SKU0013,72,19,14,48
2024-05-13,SKU0013,56,0,14,48
2024-05-20,SKU0013,147,124,14,48
2024-05-27,SKU0013,133,0,14,48
2024-06-03,SKU0013,118,0,14,48
2024-06-10,SKU0013,92,21,14,48
2024-06-17,SKU0013,84,0,14,48
2024-06-24,SKU0013,57,0,14,48
2024-07-01,SKU0013,250,211,14,48
2024-07-08,SKU0013,218,26,14,48
2024-07-15,SKU0013,210,0,14,48
2024-07-22,SKU0013,186,0,14,48
2024-07-29,SKU0013,153,0,14,48
2024-08-05,SKU0013,128,0,14,48
2024-08-12,SKU0013,110,16,14,48
2024-08-19,SKU0013,79,0,14,48
2024-08-26,SKU0013,60,21,14,48
2024-09-02,SKU0013,38,0,14,48
2024-09-09,SKU0013,32,23,14,48
2024-09-16,SKU0013,0,0,14,48
2024-09-23,SKU0013,103,103,14,48
2024-09-30,SKU0013,70,0,14,48
2024-10-07,SKU0013,54,0,14,48
2024-10-14,SKU0013,114,90,14,48
2024-10-21,SKU0013,93,0,14,48
2024-10-28,SKU0013,81,20,14,48
2024-11-04,SKU0013,69,0,14,48
2024-11-11,SKU0013,55,0,14,48
2024-11-18,SKU0013,288,249,14,48
2024-11-25,SKU0013,260,0,14,48
2024-12-02,SKU0013,247,0,14,48
2024-12-09,SKU0013,225,0,14,48
2024-12-16,SKU0013,217,0,14,48
2024-12-23,SKU0013,185,21,14,48
2024-12-30,SKU0013,168,0,14,48
2025-01-06,SKU0013,147,0,14,48
2025-01-13,SKU0013,113,13,14,48
2025-01-20,SKU0013,92,21,14,48
2025-01-27,SKU0013,65,0,14,48
2025-02-03,SKU0013,58,0,14,48
2025-02-10,SKU0013,32,0,14,48
2025-02-17,SKU0013,14,0,14,48
2025-02-24,SKU0013,96,96,14,48
2025-03-03,SKU0013,75,0,14,48
2025-03-10,SKU0013,66,0,14,48
2025-03-17,SKU0013,119,83,14,48
2025-03-24,SKU0013,109,0,14,48
2025-03-31,SKU0013,83,0,14,48
2025-04-07,SKU0013,57,14,14,48
2025-04-14,SKU0013,26,8,14,48
2025-04-21,SKU0013,13,0,14,48
2025-04-28,SKU0013,183,183,14,48
2025-05-05,SKU0013,160,8,14,48
2025-05-12,SKU0013,153,21,14,48
2025-05-19,SKU0013,122,0,14,48
2025-05-26,SKU0013,117,0,14,48
2025-06-02,SKU0013,103,0,14,48
2025-06-09,SKU0013,76,0,14,48
2025-06-16,SKU0013,199,154,14,48
2025-06-23,SKU0013,171,0,14,48
2025-06-30,SKU0013,151,0,14,48
2025-07-07,SKU0013,128,0,14,48
2025-07-14,SKU0013,97,11,14,48
2025-07-21,SKU0013,81,22,14,48
2025-07-28,SKU0013,66,0,14,48
2025-08-04,SKU0013,53,0,14,48
2025-08-11,SKU0013,227,184,14,48
2025-08-18,SKU0013,195,28,14,48
2025-08-25,SKU0013,188,0,14,48
2025-09-01,SKU0013,161,0,14,48
2025-09-08,SKU0013,154,0,14,48
2025-09-15,SKU0013,140,6,14,48
2025-09-22,SKU0013,132,0,14,48
2025-09-29,SKU0013,110,0,14,48
2025-10-06,SKU0013,101,0,14,48
2025-10-13,SKU0013,85,22,14,48
2025-10-20,SKU0013,68,0,14,48
2025-10-27,SKU0013,57,0,14,48
2025-11-03,SKU0013,217,191,14,48
2025-11-10,SKU0013,210,20,14,48
2025-11-17,SKU0013,203,0,14,48
2025-11-24,SKU0013,170,0,14,48
2025-12-01,SKU0013,157,29,14,48
2025-12-08,SKU0013,127,0,14,48
2025-12-15,SKU0013,120,2,14,48
2025-12-22,SKU0013,89,0,14,48
2025-12-29,SKU0013,83,0,14,48
2024-01-01,SKU0014,166,0,19,49
2024-01-08,SKU0014,135,0,19,49
2024-01-15,SKU0014,116,0,19,49
2024-01-22,SKU0014,99,0,19,49
2024-01-29,SKU0014,90,8,19,49
2024-02-05,SKU0014,71,0,19,49
2024-02-12,SKU0014,63,0,19,49
2024-02-19,SKU0014,259,220,19,49
2024-02-26,SKU0014,242,0,19,49
2024-03-04,SKU0014,227,0,19,49
2024-03-11,SKU0014,207,0,19,49
2024-03-18,SKU0014,182,0,19,49
2024-03-25,SKU0014,168,0,19,49
2024-04-01,SKU0014,162,0,19,49
2024-04-08,SKU0014,153,0,19,49
2024-04-15,SKU0014,131,0,19,49
2024-04-22,SKU0014,122,0,19,49
2024-04-29,SKU0014,115,7,19,49
2024-05-06,SKU0014,93,0,19,49
2024-05-13,SKU0014,80,0,19,49
2024-05-20,SKU0014,53,10,19,49
2024-05-27,SKU0014,250,224,19,49
2024-06-03,SKU0014,228,0,19,49
2024-06-10,SKU0014,198,10,19,49
2024-06-17,SKU0014,184,0,19,49
2024-06-24,SKU0014,162,0,19,49
2024-07-01,SKU0014,146,5,19,49
2024-07-08,SKU0014,130,0,19,49
2024-07-15,SKU0014,109,0,19,49
2024-07-22,SKU0014,84,0,19,49
2024-07-29,SKU0014,57,0,19,49
2024-08-05,SKU0014,168,122,19,49
2024-08-12,SKU0014,141,0,19,49
2024-08-19,SKU0014,128,0,19,49
2024-08-26,SKU0014,107,0,19,49
2024-09-02,SKU0014,82,0,19,49
2024-09-09,SKU0014,72,0,19,49
2024-09-16,SKU0014,51,11,19,49
2024-09-23,SKU0014,142,103,19,49
2024-09-30,SKU0014,135,0,19,49
2024-10-07,SKU0014,108,3,19,49
2024-10-14,SKU0014,81,22,19,49
2024-10-21,SKU0014,72,0,19,49
2024-10-28,SKU0014,129,89,19,49
2024-11-04,SKU0014,104,0,19,49
2024-11-11,SKU0014,92,0,19,49
2024-11-18,SKU0014,65,0,19,49
2024-11-25,SKU0014,213,179,19,49
2024-12-02,SKU0014,181,0,19,49
2024-12-09,SKU0014,156,0,19,49
2024-12-16,SKU0014,146,0,19,49
2024-12-23,SKU0014,122,0,19,49
2024-12-30,SKU0014,106,29,19,49
2025-01-06,SKU0014,101,0,19,49
2025-01-13,SKU0014,90,0,19,49
2025-01-20,SKU0014,60,17,19,49
2025-01-27,SKU0014,189,148,19,49
2025-02-03,SKU0014,162,0,19,49
2025-02-10,SKU0014,140,0,19,49
2025-02-17,SKU0014,130,0,19,49
2025-02-24,SKU0014,106,0,19,49
2025-03-03,SKU0014,73,0,19,49
2025-03-10,SKU0014,52,3,19,49
2025-03-17,SKU0014,284,245,19,49
2025-03-24,SKU0014,253,0,19,49
2025-03-31,SKU0014,239,0,19,49
2025-04-07,SKU0014,232,0,19,49
2025-04-14,SKU0014,227,0,19,49
2025-04-21,SKU0014,200,0,19,49
2025-04-28,SKU0014,167,0,19,49
2025-05-05,SKU0014,145,0,19,49
2025-05-12,SKU0014,115,0,19,49
2025-05-19,SKU0014,85,0,19,49
2025-05-26,SKU0014,73,11,19,49
2025-06-02,SKU0014,149,104,19,49
2025-06-09,SKU0014,140,0,19,49
2025-06-16,SKU0014,124,0,19,49
2025-06-23,SKU0014,90,7,19,49
2025-06-30,SKU0014,79,0,19,49
2025-07-07,SKU0014,64,0,19,49
2025-07-14,SKU0014,34,23,19,49
2025-07-21,SKU0014,2,0,19,49
2025-07-28,SKU0014,244,244,19,49
2025-08-04,SKU0014,212,0,19,49
2025-08-11,SKU0014,188,0,19,49
2025-08-18,SKU0014,168,0,19,49
2025-08-25,SKU0014,141,0,19,49
2025-09-01,SKU0014,112,18,19,49
2025-09-08,SKU0014,87,0,19,49
2025-09-15,SKU0014,68,0,19,49
2025-09-22,SKU0014,220,181,19,49
2025-09-29,SKU0014,187,0,19,49
2025-10-06,SKU0014,181,0,19,49
2025-10-13,SKU0014,161,0,19,49
2025-10-20,SKU0014,136,12,19,49
2025-10-27,SKU0014,124,0,19,49
2025-11-03,SKU0014,117,0,19,49
2025-11-10,SKU0014,102,0,19,49
2025-11-17,SKU0014,93,0,19,49
2025-11-24,SKU0014,59,6,19,49
2025-12-01,SKU0014,218,175,19,49
2025-12-08,SKU0014,190,0,19,49
2025-12-15,SKU0014,167,28,19,49
2025-12-22,SKU0014,135,0,19,49
2025-12-29,SKU0014,102,0,19,49
2024-01-01,SKU0015,239,0,19,42
2024-01-08,SKU0015,215,1,19,42
2024-01-15,SKU0015,182,0,19,42
2024-01-22,SKU0015,172,0,19,42
2024-01-29,SKU0015,144,24,19,42
2024-02-05,SKU0015,124,0,19,42
2024-02-12,SKU0015,119,0,19,42
2024-02-19,SKU0015,101,0,19,42
2024-02-26,SKU0015,92,0,19,42
2024-03-04,SKU0015,72,0,19,42
2024-03-11,SKU0015,54,0,19,42
2024-03-18,SKU0015,44,0,19,42
2024-03-25,SKU0015,195,172,19,42
2024-04-01,SKU0015,187,0,19,42
2024-04-08,SKU0015,163,0,19,42
2024-04-15,SKU0015,142,20,19,42
2024-04-22,SKU0015,130,0,19,42
2024-04-29,SKU0015,118,24,19,42
2024-05-06,SKU0015,95,0,19,42
2024-05-13,SKU0015,87,0,19,42
2024-05-20,SKU0015,60,0,19,42
2024-05-27,SKU0015,46,11,19,42
2024-06-03,SKU0015,20,0,19,42
2024-06-10,SKU0015,204,191,19,42
2024-06-17,SKU0015,183,0,19,42
2024-06-24,SKU0015,164,0,19,42
2024-07-01,SKU0015,135,0,19,42
2024-07-08,SKU0015,123,0,19,42
2024-07-15,SKU0015,98,4,19,42
2024-07-22,SKU0015,66,8,19,42
2024-07-29,SKU0015,238,202,19,42
2024-08-05,SKU0015,228,18,19,42
2024-08-12,SKU0015,210,0,19,42
2024-08-19,SKU0015,199,0,19,42
2024-08-26,SKU0015,190,0,19,42
2024-09-02,SKU0015,160,0,19,42
2024-09-09,SKU0015,132,0,19,42
2024-09-16,SKU0015,102,0,19,42
2024-09-23,SKU0015,94,0,19,42
2024-09-30,SKU0015,75,0,19,42
2024-10-07,SKU0015,68,0,19,42
2024-10-14,SKU0015,46,0,19,42
2024-10-21,SKU0015,13,0,19,42
2024-10-28,SKU0015,208,208,19,42
2024-11-04,SKU0015,200,0,19,42
2024-11-11,SKU0015,191,0,19,42
2024-11-18,SKU0015,163,0,19,42
2024-11-25,SKU0015,139,0,19,42
2024-12-02,SKU0015,107,0,19,42
2024-12-09,SKU0015,78,0,19,42
2024-12-16,SKU0015,71,0,19,42
2024-12-23,SKU0015,58,11,19,42
2024-12-30,SKU0015,28,0,19,42
2025-01-06,SKU0015,13,0,19,42
2025-01-13,SKU0015,0,0,19,42
2025-01-20,SKU0015,151,151,19,42
2025-01-27,SKU0015,136,0,19,42
2025-02-03,SKU0015,121,0,19,42
2025-02-10,SKU0015,87,0,19,42
2025-02-17,SKU0015,80,0,19,42
2025-02-24,SKU0015,59,0,19,42
2025-03-03,SKU0015,157,121,19,42
2025-03-10,SKU0015,139,0,19,42
2025-03-17,SKU0015,127,24,19,42
2025-03-24,SKU0015,101,0,19,42
2025-03-31,SKU0015,75,0,19,42
2025-04-07,SKU0015,62,0,19,42
2025-04-14,SKU0015,32,0,19,42
2025-04-21,SKU0015,0,0,19,42
2025-04-28,SKU0015,0,0,19,42
2025-05-05,SKU0015,0,0,19,42
2025-05-12,SKU0015,0,0,19,42
2025-05-19,SKU0015,176,176,19,42
2025-05-26,SKU0015,149,0,19,42
2025-06-02,SKU0015,138,0,19,42
2025-06-09,SKU0015,106,0,19,42
2025-06-16,SKU0015,90,0,19,42
2025-06-23,SKU0015,69,0,19,42
2025-06-30,SKU0015,245,205,19,42
2025-07-07,SKU0015,223,0,19,42
2025-07-14,SKU0015,209,0,19,42
2025-07-21,SKU0015,186,0,19,42
2025-07-28,SKU0015,167,0,19,42
2025-08-04,SKU0015,148,0,19,42
2025-08-11,SKU0015,140,0,19,42
2025-08-18,SKU0015,121,0,19,42
2025-08-25,SKU0015,115,0,19,42
2025-09-01,SKU0015,100,0,19,42
2025-09-08,SKU0015,87,0,19,42
2025-09-15,SKU0015,78,0,19,42
2025-09-22,SKU0015,50,0,19,42
2025-09-29,SKU0015,23,0,19,42
2025-10-06,SKU0015,4,0,19,42
2025-10-13,SKU0015,0,0,19,42
2025-10-20,SKU0015,228,228,19,42
2025-10-27,SKU0015,199,24,19,42
2025-11-03,SKU0015,166,0,19,42
2025-11-10,SKU0015,150,0,19,42
2025-11-17,SKU0015,125,0,19,42
2025-11-24,SKU0015,105,0,19,42
2025-12-01,SKU0015,84,0,19,42
2025-12-08,SKU0015,58,0,19,42
2025-12-15,SKU0015,44,6,19,42
2025-12-22,SKU0015,23,0,19,42
2025-12-29,SKU0015,220,220,19,42
2024-01-01,SKU0016,77,0,7,53
2024-01-08,SKU0016,66,0,7,53
2024-01-15,SKU0016,131,82,7,53
2024-01-22,SKU0016,111,0,7,53
2024-01-29,SKU0016,91,0,7,53
2024-02-05,SKU0016,66,12,7,53
2024-02-12,SKU0016,54,0,7,53
2024-02-19,SKU0016,134,107,7,53
2024-02-26,SKU0016,118,0,7,53
2024-03-04,SKU0016,87,0,7,53
2024-03-11,SKU0016,82,0,7,53
2024-03-18,SKU0016,76,0,7,53
2024-03-25,SKU0016,61,0,7,53
2024-04-01,SKU0016,143,110,7,53
2024-04-08,SKU0016,131,0,7,53
2024-04-15,SKU0016,105,9,7,53
2024-04-22,SKU0016,75,6,7,53
2024-04-29,SKU0016,208,160,7,53
2024-05-06,SKU0016,180,0,7,53
2024-05-13,SKU0016,152,0,7,53
2024-05-20,SKU0016,142,28,7,53
2024-05-27,SKU0016,131,0,7,53
2024-06-03,SKU0016,111,25,7,53
2024-06-10,SKU0016,89,0,7,53
2024-06-17,SKU0016,58,0,7,53
2024-06-24,SKU0016,38,0,7,53
2024-07-01,SKU0016,13,0,7,53
2024-07-08,SKU0016,97,97,7,53
2024-07-15,SKU0016,92,0,7,53
2024-07-22,SKU0016,85,0,7,53
2024-07-29,SKU0016,78,0,7,53
2024-08-05,SKU0016,53,8,7,53
2024-08-12,SKU0016,25,6,7,53
2024-08-19,SKU0016,191,191,7,53
2024-08-26,SKU0016,167,0,7,53
2024-09-02,SKU0016,159,7,7,53
2024-09-09,SKU0016,140,3,7,53
2024-09-16,SKU0016,133,0,7,53
2024-09-23,SKU0016,109,0,7,53
2024-09-30,SKU0016,82,0,7,53
2024-10-07,SKU0016,57,0,7,53
2024-10-14,SKU0016,273,238,7,53
2024-10-21,SKU0016,252,25,7,53
2024-10-28,SKU0016,234,0,7,53
2024-11-04,SKU0016,207,0,7,53
2024-11-11,SKU0016,200,0,7,53
2024-11-18,SKU0016,178,0,7,53
2024-11-25,SKU0016,157,0,7,53
2024-12-02,SKU0016,132,0,7,53
2024-12-09,SKU0016,127,14,7,53
2024-12-16,SKU0016,109,17,7,53
2024-12-23,SKU0016,96,0,7,53
2024-12-30,SKU0016,84,0,7,53
2025-01-06,SKU0016,56,5,7,53
2025-01-13,SKU0016,51,0,7,53
2025-01-20,SKU0016,200,155,7,53
2025-01-27,SKU0016,195,0,7,53
2025-02-03,SKU0016,175,0,7,53
2025-02-10,SKU0016,162,0,7,53
2025-02-17,SKU0016,154,0,7,53
2025-02-24,SKU0016,122,0,7,53
2025-03-03,SKU0016,99,0,7,53
2025-03-10,SKU0016,93,0,7,53
2025-03-17,SKU0016,61,0,7,53
2025-03-24,SKU0016,255,221,7,53
2025-03-31,SKU0016,226,0,7,53
2025-04-07,SKU0016,218,0,7,53
2025-04-14,SKU0016,207,0,7,53
2025-04-21,SKU0016,196,0,7,53
2025-04-28,SKU0016,167,0,7,53
2025-05-05,SKU0016,134,0,7,53
2025-05-12,SKU0016,110,0,7,53
2025-05-19,SKU0016,87,0,7,53
2025-05-26,SKU0016,81,0,7,53
2025-06-02,SKU0016,60,0,7,53
2025-06-09,SKU0016,185,143,7,53
2025-06-16,SKU0016,163,0,7,53
2025-06-23,SKU0016,141,0,7,53
2025-06-30,SKU0016,135,0,7,53
2025-07-07,SKU0016,112,0,7,53
2025-07-14,SKU0016,96,0,7,53
2025-07-21,SKU0016,79,0,7,53
2025-07-28,SKU0016,65,0,7,53
2025-08-04,SKU0016,239,192,7,53
2025-08-11,SKU0016,229,0,7,53
2025-08-18,SKU0016,202,0,7,53
2025-08-25,SKU0016,177,0,7,53
2025-09-01,SKU0016,157,12,7,53
2025-09-08,SKU0016,140,25,7,53
2025-09-15,SKU0016,123,0,7,53
2025-09-22,SKU0016,110,27,7,53
2025-09-29,SKU0016,83,0,7,53
2025-10-06,SKU0016,60,12,7,53
2025-10-13,SKU0016,277,229,7,53
2025-10-20,SKU0016,266,0,7,53
2025-10-27,SKU0016,257,0,7,53
2025-11-03,SKU0016,240,3,7,53
2025-11-10,SKU0016,231,9,7,53
2025-11-17,SKU0016,210,0,7,53
2025-11-24,SKU0016,191,0,7,53
2025-12-01,SKU0016,170,14,7,53
2025-12-08,SKU0016,137,21,7,53
2025-12-15,SKU0016,129,26,7,53
2025-12-22,SKU0016,95,0,7,53
2025-12-29,SKU0016,71,0,7,53
2024-01-01,SKU0017,198,0,23,18
2024-01-08,SKU0017,164,0,23,18
2024-01-15,SKU0017,143,0,23,18
2024-01-22,SKU0017,126,0,23,18
2024-01-29,SKU0017,112,0,23,18
2024-02-05,SKU0017,103,0,23,18
2024-02-12,SKU0017,78,0,23,18
2024-02-19,SKU0017,54,12,23,18
2024-02-26,SKU0017,22,0,23,18
2024-03-04,SKU0017,199,199,23,18
2024-03-11,SKU0017,179,0,23,18
2024-03-18,SKU0017,158,0,23,18
2024-03-25,SKU0017,144,0,23,18
2024-04-01,SKU0017,135,0,23,18
2024-04-08,SKU0017,104,0,23,18
2024-04-15,SKU0017,98,0,23,18
2024-04-22,SKU0017,77,0,23,18
2024-04-29,SKU0017,69,20,23,18
2024-05-06,SKU0017,59,0,23,18
2024-05-13,SKU0017,37,0,23,18
2024-05-20,SKU0017,18,0,23,18
2024-05-27,SKU0017,238,235,23,18
2024-06-03,SKU0017,217,0,23,18
2024-06-10,SKU0017,185,0,23,18
2024-06-17,SKU0017,160,0,23,18
2024-06-24,SKU0017,134,0,23,18
2024-07-01,SKU0017,127,4,23,18
2024-07-08,SKU0017,93,0,23,18
2024-07-15,SKU0017,85,24,23,18
2024-07-22,SKU0017,61,0,23,18
2024-07-29,SKU0017,48,0,23,18
2024-08-05,SKU0017,27,0,23,18
2024-08-12,SKU0017,0,2,23,18
2024-08-19,SKU0017,159,159,23,18
2024-08-26,SKU0017,127,0,23,18
2024-09-02,SKU0017,117,10,23,18
2024-09-09,SKU0017,97,0,23,18
2024-09-16,SKU0017,92,0,23,18
2024-09-23,SKU0017,83,0,23,18
2024-09-30,SKU0017,55,22,23,18
2024-10-07,SKU0017,33,0,23,18
2024-10-14,SKU0017,173,172,23,18
2024-10-21,SKU0017,143,0,23,18
2024-10-28,SKU0017,130,7,23,18
2024-11-04,SKU0017,111,0,23,18
2024-11-11,SKU0017,99,0,23,18
2024-11-18,SKU0017,91,0,23,18
2024-11-25,SKU0017,74,0,23,18
2024-12-02,SKU0017,45,0,23,18
2024-12-09,SKU0017,34,0,23,18
2024-12-16,SKU0017,8,0,23,18
2024-12-23,SKU0017,0,2,23,18
2024-12-30,SKU0017,121,121,23,18
2025-01-06,SKU0017,88,16,23,18
2025-01-13,SKU0017,77,0,23,18
2025-01-20,SKU0017,54,0,23,18
2025-01-27,SKU0017,45,0,23,18
2025-02-03,SKU0017,31,0,23,18
2025-02-10,SKU0017,25,0,23,18
2025-02-17,SKU0017,231,225,23,18
2025-02-24,SKU0017,197,18,23,18
2025-03-03,SKU0017,168,0,23,18
2025-03-10,SKU0017,149,0,23,18
2025-03-17,SKU0017,137,11,23,18
2025-03-24,SKU0017,109,0,23,18
2025-03-31,SKU0017,88,3,23,18
2025-04-07,SKU0017,61,0,23,18
2025-04-14,SKU0017,34,0,23,18
2025-04-21,SKU0017,15,0,23,18
2025-04-28,SKU0017,0,0,23,18
2025-05-05,SKU0017,95,95,23,18
2025-05-12,SKU0017,77,0,23,18
2025-05-19,SKU0017,65,0,23,18
2025-05-26,SKU0017,43,0,23,18
2025-06-02,SKU0017,24,0,23,18
2025-06-09,SKU0017,111,104,23,18
2025-06-16,SKU0017,81,0,23,18
2025-06-23,SKU0017,51,0,23,18
2025-06-30,SKU0017,32,23,23,18
2025-07-07,SKU0017,139,123,23,18
2025-07-14,SKU0017,130,0,23,18
2025-07-21,SKU0017,96,0,23,18
2025-07-28,SKU0017,64,0,23,18
2025-08-04,SKU0017,42,0,23,18
2025-08-11,SKU0017,18,0,23,18
2025-08-18,SKU0017,0,0,23,18
2025-08-25,SKU0017,133,133,23,18
2025-09-01,SKU0017,109,0,23,18
2025-09-08,SKU0017,81,0,23,18
2025-09-15,SKU0017,69,24,23,18
2025-09-22,SKU0017,45,0,23,18
2025-09-29,SKU0017,22,0,23,18
2025-10-06,SKU0017,0,25,23,18
2025-10-13,SKU0017,119,119,23,18
2025-10-20,SKU0017,97,0,23,18
2025-10-27,SKU0017,88,0,23,18
2025-11-03,SKU0017,76,0,23,18
2025-11-10,SKU0017,69,0,23,18
2025-11-17,SKU0017,51,4,23,18
2025-11-24,SKU0017,25,0,23,18
2025-12-01,SKU0017,11,0,23,18
2025-12-08,SKU0017,6,0,23,18
2025-12-15,SKU0017,235,234,23,18
2025-12-22,SKU0017,230,0,23,18
2025-12-29,SKU0017,207,0,23,18
2024-01-01,SKU0018,124,0,12,25
2024-01-08,SKU0018,110,0,12,25
2024-01-15,SKU0018,82,0,12,25
2024-01-22,SKU0018,50,0,12,25
2024-01-29,SKU0018,39,0,12,25
2024-02-05,SKU0018,11,0,12,25
2024-02-12,SKU0018,0,0,12,25
2024-02-19,SKU0018,159,159,12,25
2024-02-26,SKU0018,147,0,12,25
2024-03-04,SKU0018,140,0,12,25
2024-03-11,SKU0018,131,0,12,25
2024-03-18,SKU0018,121,1,12,25
2024-03-25,SKU0018,88,0,12,25
2024-04-01,SKU0018,75,0,12,25
2024-04-08,SKU0018,51,0,12,25
2024-04-15,SKU0018,214,189,12,25
2024-04-22,SKU0018,209,0,12,25
2024-04-29,SKU0018,176,0,12,25
2024-05-06,SKU0018,160,0,12,25
2024-05-13,SKU0018,134,0,12,25
2024-05-20,SKU0018,115,18,12,25
2024-05-27,SKU0018,88,0,12,25
2024-06-03,SKU0018,63,0,12,25
2024-06-10,SKU0018,39,0,12,25
2024-06-17,SKU0018,30,0,12,25
2024-06-24,SKU0018,159,157,12,25
2024-07-01,SKU0018,134,0,12,25
2024-07-08,SKU0018,124,18,12,25
2024-07-15,SKU0018,99,0,12,25
2024-07-22,SKU0018,91,0,12,25
2024-07-29,SKU0018,74,20,12,25
2024-08-05,SKU0018,68,0,12,25
2024-08-12,SKU0018,48,0,12,25
2024-08-19,SKU0018,113,92,12,25
2024-08-26,SKU0018,85,0,12,25
2024-09-02,SKU0018,80,9,12,25
2024-09-09,SKU0018,62,29,12,25
2024-09-16,SKU0018,49,0,12,25
2024-09-23,SKU0018,20,0,12,25
2024-09-30,SKU0018,236,225,12,25
2024-10-07,SKU0018,221,0,12,25
2024-10-14,SKU0018,216,0,12,25
2024-10-21,SKU0018,187,3,12,25
2024-10-28,SKU0018,168,9,12,25
2024-11-04,SKU0018,138,0,12,25
2024-11-11,SKU0018,132,0,12,25
2024-11-18,SKU0018,104,0,12,25
2024-11-25,SKU0018,70,1,12,25
2024-12-02,SKU0018,44,0,12,25
2024-12-09,SKU0018,38,20,12,25
2024-12-16,SKU0018,32,5,12,25
2024-12-23,SKU0018,3,0,12,25
2024-12-30,SKU0018,0,0,12,25
2025-01-06,SKU0018,195,195,12,25
2025-01-13,SKU0018,187,0,12,25
2025-01-20,SKU0018,156,1,12,25
2025-01-27,SKU0018,136,0,12,25
2025-02-03,SKU0018,109,0,12,25
2025-02-10,SKU0018,97,0,12,25
2025-02-17,SKU0018,91,28,12,25
2025-02-24,SKU0018,65,0,12,25
2025-03-03,SKU0018,56,0,12,25
2025-03-10,SKU0018,47,18,12,25
2025-03-17,SKU0018,42,0,12,25
2025-03-24,SKU0018,23,0,12,25
2025-03-31,SKU0018,178,178,12,25
2025-04-07,SKU0018,171,17,12,25
2025-04-14,SKU0018,139,0,12,25
2025-04-21,SKU0018,125,0,12,25
2025-04-28,SKU0018,93,0,12,25
2025-05-05,SKU0018,73,0,12,25
2025-05-12,SKU0018,41,7,12,25
2025-05-19,SKU0018,35,29,12,25
2025-05-26,SKU0018,28,0,12,25
2025-06-02,SKU0018,18,0,12,25
2025-06-09,SKU0018,224,224,12,25
2025-06-16,SKU0018,197,0,12,25
2025-06-23,SKU0018,174,0,12,25
2025-06-30,SKU0018,169,0,12,25
2025-07-07,SKU0018,139,0,12,25
2025-07-14,SKU0018,126,0,12,25
2025-07-21,SKU0018,113,20,12,25
2025-07-28,SKU0018,85,0,12,25
2025-08-04,SKU0018,56,8,12,25
2025-08-11,SKU0018,32,0,12,25
2025-08-18,SKU0018,176,154,12,25
2025-08-25,SKU0018,168,15,12,25
2025-09-01,SKU0018,148,4,12,25
2025-09-08,SKU0018,130,0,12,25
2025-09-15,SKU0018,97,0,12,25
2025-09-22,SKU0018,71,0,12,25
2025-09-29,SKU0018,57,0,12,25
2025-10-06,SKU0018,31,0,12,25
2025-10-13,SKU0018,229,229,12,25
2025-10-20,SKU0018,208,0,12,25
2025-10-27,SKU0018,195,0,12,25
2025-11-03,SKU0018,166,0,12,25
2025-11-10,SKU0018,158,0,12,25
2025-11-17,SKU0018,124,0,12,25
2025-11-24,SKU0018,91,14,12,25
2025-12-01,SKU0018,78,24,12,25
2025-12-08,SKU0018,49,0,12,25
2025-12-15,SKU0018,35,0,12,25
2025-12-22,SKU0018,28,0,12,25
2025-12-29,SKU0018,107,92,12,25
2024-01-01,SKU0019,253,29,14,17
2024-01-08,SKU0019,226,0,14,17
2024-01-15,SKU0019,212,0,14,17
2024-01-22,SKU0019,203,0,14,17
2024-01-29,SKU0019,193,0,14,17
2024-02-05,SKU0019,169,0,14,17
2024-02-12,SKU0019,148,0,14,17
2024-02-19,SKU0019,119,0,14,17
2024-02-26,SKU0019,110,9,14,17
2024-03-04,SKU0019,86,19,14,17
2024-03-11,SKU0019,80,8,14,17
2024-03-18,SKU0019,71,0,14,17
2024-03-25,SKU0019,61,0,14,17
2024-04-01,SKU0019,52,12,14,17
2024-04-08,SKU0019,44,0,14,17
2024-04-15,SKU0019,26,0,14,17
2024-04-22,SKU0019,178,178,14,17
2024-04-29,SKU0019,166,0,14,17
2024-05-06,SKU0019,147,0,14,17
2024-05-13,SKU0019,114,0,14,17
2024-05-20,SKU0019,95,4,14,17
2024-05-27,SKU0019,62,0,14,17
2024-06-03,SKU0019,44,0,14,17
2024-06-10,SKU0019,32,0,14,17
2024-06-17,SKU0019,105,88,14,17
2024-06-24,SKU0019,94,0,14,17
2024-07-01,SKU0019,89,3,14,17
2024-07-08,SKU0019,56,0,14,17
2024-07-15,SKU0019,36,0,14,17
2024-07-22,SKU0019,177,162,14,17
2024-07-29,SKU0019,171,0,14,17
2024-08-05,SKU0019,140,3,14,17
2024-08-12,SKU0019,112,9,14,17
2024-08-19,SKU0019,78,0,14,17
2024-08-26,SKU0019,60,0,14,17
2024-09-02,SKU0019,39,0,14,17
2024-09-09,SKU0019,111,95,14,17
2024-09-16,SKU0019,81,0,14,17
2024-09-23,SKU0019,59,0,14,17
2024-09-30,SKU0019,48,0,14,17
2024-10-07,SKU0019,23,0,14,17
2024-10-14,SKU0019,18,0,14,17
2024-10-21,SKU0019,147,139,14,17
2024-10-28,SKU0019,126,0,14,17
2024-11-04,SKU0019,95,0,14,17
2024-11-11,SKU0019,85,0,14,17
2024-11-18,SKU0019,70,5,14,17
2024-11-25,SKU0019,62,0,14,17
2024-12-02,SKU0019,44,0,14,17
2024-12-09,SKU0019,19,0,14,17
2024-12-16,SKU0019,211,211,14,17
2024-12-23,SKU0019,180,0,14,17
2024-12-30,SKU0019,149,0,14,17
2025-01-06,SKU0019,143,0,14,17
2025-01-13,SKU0019,130,0,14,17
2025-01-20,SKU0019,115,0,14,17
2025-01-27,SKU0019,94,0,14,17
2025-02-03,SKU0019,69,0,14,17
2025-02-10,SKU0019,59,0,14,17
2025-02-17,SKU0019,44,0,14,17
2025-02-24,SKU0019,36,0,14,17
2025-03-03,SKU0019,22,0,14,17
2025-03-10,SKU0019,198,190,14,17
2025-03-17,SKU0019,182,0,14,17
2025-03-24,SKU0019,164,26,14,17
2025-03-31,SKU0019,134,10,14,17
2025-04-07,SKU0019,114,0,14,17
2025-04-14,SKU0019,91,0,14,17
2025-04-21,SKU0019,86,0,14,17
2025-04-28,SKU0019,73,0,14,17
2025-05-05,SKU0019,40,0,14,17
2025-05-12,SKU0019,21,0,14,17
2025-05-19,SKU0019,175,175,14,17
2025-05-26,SKU0019,150,0,14,17
2025-06-02,SKU0019,117,0,14,17
2025-06-09,SKU0019,84,0,14,17
2025-06-16,SKU0019,53,0,14,17
2025-06-23,SKU0019,44,0,14,17
2025-06-30,SKU0019,20,0,14,17
2025-07-07,SKU0019,15,21,14,17
2025-07-14,SKU0019,7,0,14,17
2025-07-21,SKU0019,0,0,14,17
2025-07-28,SKU0019,0,0,14,17
2025-08-04,SKU0019,218,218,14,17
2025-08-11,SKU0019,202,0,14,17
2025-08-18,SKU0019,190,23,14,17
2025-08-25,SKU0019,166,16,14,17
2025-09-01,SKU0019,146,14,14,17
2025-09-08,SKU0019,133,0,14,17
2025-09-15,SKU0019,115,0,14,17
2025-09-22,SKU0019,92,1,14,17
2025-09-29,SKU0019,62,0,14,17
2025-10-06,SKU0019,43,0,14,17
2025-10-13,SKU0019,28,0,14,17
2025-10-20,SKU0019,119,106,14,17
2025-10-27,SKU0019,94,0,14,17
2025-11-03,SKU0019,87,0,14,17
2025-11-10,SKU0019,70,0,14,17
2025-11-17,SKU0019,41,0,14,17
2025-11-24,SKU0019,256,247,14,17
2025-12-01,SKU0019,229,0,14,17
2025-12-08,SKU0019,222,0,14,17
2025-12-15,SKU0019,204,9,14,17
2025-12-22,SKU0019,182,0,14,17
2025-12-29,SKU0019,160,1,14,17
2024-01-01,SKU0020,80,0,27,31
2024-01-08,SKU0020,49,0,27,31
2024-01-15,SKU0020,232,208,27,31
2024-01-22,SKU0020,199,0,27,31
2024-01-29,SKU0020,170,0,27,31
2024-02-05,SKU0020,146,0,27,31
2024-02-12,SKU0020,137,0,27,31
2024-02-19,SKU0020,103,0,27,31
2024-02-26,SKU0020,93,27,27,31
2024-03-04,SKU0020,86,0,27,31
2024-03-11,SKU0020,58,0,27,31
2024-03-18,SKU0020,43,0,27,31
2024-03-25,SKU0020,38,0,27,31
2024-04-01,SKU0020,31,0,27,31
2024-04-08,SKU0020,217,214,27,31
2024-04-15,SKU0020,183,0,27,31
2024-04-22,SKU0020,163,0,27,31
2024-04-29,SKU0020,145,0,27,31
2024-05-06,SKU0020,129,0,27,31
2024-05-13,SKU0020,108,0,27,31
2024-05-20,SKU0020,91,0,27,31
2024-05-27,SKU0020,59,0,27,31
2024-06-03,SKU0020,46,0,27,31
2024-06-10,SKU0020,28,0,27,31
2024-06-17,SKU0020,7,0,27,31
2024-06-24,SKU0020,0,0,27,31
2024-07-01,SKU0020,164,164,27,31
2024-07-08,SKU0020,130,0,27,31
2024-07-15,SKU0020,125,0,27,31
2024-07-22,SKU0020,109,0,27,31
2024-07-29,SKU0020,101,0,27,31
2024-08-05,SKU0020,74,0,27,31
2024-08-12,SKU0020,47,0,27,31
2024-08-19,SKU0020,165,150,27,31
2024-08-26,SKU0020,149,0,27,31
2024-09-02,SKU0020,144,0,27,31
2024-09-09,SKU0020,139,0,27,31
2024-09-16,SKU0020,117,0,27,31
2024-09-23,SKU0020,94,0,27,31
2024-09-30,SKU0020,69,0,27,31
2024-10-07,SKU0020,46,0,27,31
2024-10-14,SKU0020,20,0,27,31
2024-10-21,SKU0020,0,22,27,31
2024-10-28,SKU0020,0,0,27,31
2024-11-04,SKU0020,0,17,27,31
2024-11-11,SKU0020,248,248,27,31
2024-11-18,SKU0020,231,27,27,31
2024-11-25,SKU0020,222,0,27,31
2024-12-02,SKU0020,188,14,27,31
2024-12-09,SKU0020,154,0,27,31
2024-12-16,SKU0020,149,18,27,31
2024-12-23,SKU0020,123,0,27,31
2024-12-30,SKU0020,100,0,27,31
2025-01-06,SKU0020,89,6,27,31
2025-01-13,SKU0020,75,0,27,31
2025-01-20,SKU0020,49,0,27,31
2025-01-27,SKU0020,131,103,27,31
2025-02-03,SKU0020,117,0,27,31
2025-02-10,SKU0020,100,0,27,31
2025-02-17,SKU0020,81,7,27,31
2025-02-24,SKU0020,51,0,27,31
2025-03-03,SKU0020,201,174,27,31
2025-03-10,SKU0020,192,0,27,31
2025-03-17,SKU0020,172,0,27,31
2025-03-24,SKU0020,139,0,27,31
2025-03-31,SKU0020,120,0,27,31
2025-04-07,SKU0020,103,0,27,31
2025-04-14,SKU0020,83,0,27,31
2025-04-21,SKU0020,76,27,27,31
2025-04-28,SKU0020,63,0,27,31
2025-05-05,SKU0020,29,0,27,31
2025-05-12,SKU0020,230,222,27,31
2025-05-19,SKU0020,220,22,27,31
2025-05-26,SKU0020,209,0,27,31
2025-06-02,SKU0020,195,0,27,31
2025-06-09,SKU0020,173,0,27,31
2025-06-16,SKU0020,157,0,27,31
2025-06-23,SKU0020,131,22,27,31
2025-06-30,SKU0020,125,0,27,31
2025-07-07,SKU0020,98,0,27,31
2025-07-14,SKU0020,76,0,27,31
2025-07-21,SKU0020,50,0,27,31
2025-07-28,SKU0020,162,146,27,31
2025-08-04,SKU0020,135,0,27,31
2025-08-11,SKU0020,107,0,27,31
2025-08-18,SKU0020,101,0,27,31
2025-08-25,SKU0020,87,7,27,31
2025-09-01,SKU0020,81,0,27,31
2025-09-08,SKU0020,59,0,27,31
2025-09-15,SKU0020,28,0,27,31
2025-09-22,SKU0020,131,128,27,31
2025-09-29,SKU0020,126,0,27,31
2025-10-06,SKU0020,106,0,27,31
2025-10-13,SKU0020,78,0,27,31
2025-10-20,SKU0020,66,7,27,31
2025-10-27,SKU0020,54,0,27,31
2025-11-03,SKU0020,43,0,27,31
2025-11-10,SKU0020,23,0,27,31
2025-11-17,SKU0020,0,0,27,31
2025-11-24,SKU0020,107,107,27,31
2025-12-01,SKU0020,94,0,27,31
2025-12-08,SKU0020,61,0,27,31
2025-12-15,SKU0020,35,0,27,31
2025-12-22,SKU0020,17,0,27,31
2025-12-29,SKU0020,0,0,27,31
2024-01-01,SKU0021,263,0,10,23
2024-01-08,SKU0021,255,0,10,23
2024-01-15,SKU0021,227,0,10,23
2024-01-22,SKU0021,210,17,10,23
2024-01-29,SKU0021,181,0,10,23
2024-02-05,SKU0021,169,0,10,23
2024-02-12,SKU0021,140,0,10,23
2024-02-19,SKU0021,114,0,10,23
2024-02-26,SKU0021,109,13,10,23
2024-03-04,SKU0021,103,0,10,23
2024-03-11,SKU0021,90,0,10,23
2024-03-18,SKU0021,75,0,10,23
2024-03-25,SKU0021,58,0,10,23
2024-04-01,SKU0021,28,0,10,23
2024-04-08,SKU0021,132,132,10,23
2024-04-15,SKU0021,105,9,10,23
2024-04-22,SKU0021,85,0,10,23
2024-04-29,SKU0021,76,0,10,23
2024-05-06,SKU0021,55,0,10,23
2024-05-13,SKU0021,49,0,10,23
2024-05-20,SKU0021,30,0,10,23
2024-05-27,SKU0021,122,122,10,23
2024-06-03,SKU0021,105,0,10,23
2024-06-10,SKU0021,90,0,10,23
2024-06-17,SKU0021,82,0,10,23
2024-06-24,SKU0021,51,0,10,23
2024-07-01,SKU0021,36,0,10,23
2024-07-08,SKU0021,30,0,10,23
2024-07-15,SKU0021,15,0,10,23
2024-07-22,SKU0021,177,177,10,23
2024-07-29,SKU0021,146,0,10,23
2024-08-05,SKU0021,140,29,10,23
2024-08-12,SKU0021,123,0,10,23
2024-08-19,SKU0021,116,5,10,23
2024-08-26,SKU0021,94,0,10,23
2024-09-02,SKU0021,79,0,10,23
2024-09-09,SKU0021,64,11,10,23
2024-09-16,SKU0021,52,18,10,23
2024-09-23,SKU0021,24,0,10,23
2024-09-30,SKU0021,131,128,10,23
2024-10-07,SKU0021,118,14,10,23
2024-10-14,SKU0021,113,0,10,23
2024-10-21,SKU0021,86,0,10,23
2024-10-28,SKU0021,55,0,10,23
2024-11-04,SKU0021,217,196,10,23
2024-11-11,SKU0021,210,0,10,23
2024-11-18,SKU0021,201,0,10,23
2024-11-25,SKU0021,172,0,10,23
2024-12-02,SKU0021,154,0,10,23
2024-12-09,SKU0021,144,0,10,23
2024-12-16,SKU0021,117,0,10,23
2024-12-23,SKU0021,86,0,10,23
2024-12-30,SKU0021,56,0,10,23
2025-01-06,SKU0021,39,0,10,23
2025-01-13,SKU0021,118,108,10,23
2025-01-20,SKU0021,94,0,10,23
2025-01-27,SKU0021,69,0,10,23
2025-02-03,SKU0021,39,0,10,23
2025-02-10,SKU0021,11,0,10,23
2025-02-17,SKU0021,0,0,10,23
2025-02-24,SKU0021,0,0,10,23
2025-03-03,SKU0021,233,233,10,23
2025-03-10,SKU0021,223,0,10,23
2025-03-17,SKU0021,212,0,10,23
2025-03-24,SKU0021,200,0,10,23
2025-03-31,SKU0021,172,0,10,23
2025-04-07,SKU0021,154,0,10,23
2025-04-14,SKU0021,124,0,10,23
2025-04-21,SKU0021,119,0,10,23
2025-04-28,SKU0021,112,0,10,23
2025-05-05,SKU0021,82,0,10,23
2025-05-12,SKU0021,51,0,10,23
2025-05-19,SKU0021,115,94,10,23
2025-05-26,SKU0021,88,0,10,23
2025-06-02,SKU0021,70,0,10,23
2025-06-09,SKU0021,54,0,10,23
2025-06-16,SKU0021,39,0,10,23
2025-06-23,SKU0021,34,27,10,23
2025-06-30,SKU0021,25,0,10,23
2025-07-07,SKU0021,133,133,10,23
2025-07-14,SKU0021,121,12,10,23
2025-07-21,SKU0021,93,0,10,23
2025-07-28,SKU0021,82,0,10,23
2025-08-04,SKU0021,67,0,10,23
2025-08-11,SKU0021,43,0,10,23
2025-08-18,SKU0021,10,0,10,23
2025-08-25,SKU0021,214,214,10,23
2025-09-01,SKU0021,195,21,10,23
2025-09-08,SKU0021,166,0,10,23
2025-09-15,SKU0021,139,14,10,23
2025-09-22,SKU0021,109,0,10,23
2025-09-29,SKU0021,92,0,10,23
2025-10-06,SKU0021,81,0,10,23
2025-10-13,SKU0021,71,28,10,23
2025-10-20,SKU0021,39,0,10,23
2025-10-27,SKU0021,24,0,10,23
2025-11-03,SKU0021,135,135,10,23
2025-11-10,SKU0021,106,0,10,23
2025-11-17,SKU0021,97,0,10,23
2025-11-24,SKU0021,76,0,10,23
2025-12-01,SKU0021,52,0,10,23
2025-12-08,SKU0021,47,8,10,23
2025-12-15,SKU0021,34,0,10,23
2025-12-22,SKU0021,149,126,10,23
2025-12-29,SKU0021,144,13,10,23
2024-01-01,SKU0022,203,0,25,43
2024-01-08,SKU0022,170,0,25,43
2024-01-15,SKU0022,140,0,25,43
2024-01-22,SKU0022,131,21,25,43
2024-01-29,SKU0022,114,0,25,43
2024-02-05,SKU0022,80,0,25,43
2024-02-12,SKU0022,63,0,25,43
2024-02-19,SKU0022,34,0,25,43
2024-02-26,SKU0022,178,174,25,43
2024-03-04,SKU0022,173,0,25,43
2024-03-11,SKU0022,157,0,25,43
2024-03-18,SKU0022,136,0,25,43
2024-03-25,SKU0022,107,0,25,43
2024-04-01,SKU0022,74,0,25,43
2024-04-08,SKU0022,57,0,25,43
2024-04-15,SKU0022,162,128,25,43
2024-04-22,SKU0022,149,0,25,43
2024-04-29,SKU0022,123,20,25,43
2024-05-06,SKU0022,96,0,25,43
2024-05-13,SKU0022,68,0,25,43
2024-05-20,SKU0022,38,0,25,43
2024-05-27,SKU0022,14,0,25,43
2024-06-03,SKU0022,0,0,25,43
2024-06-10,SKU0022,169,169,25,43
2024-06-17,SKU0022,152,0,25,43
2024-06-24,SKU0022,119,0,25,43
2024-07-01,SKU0022,103,0,25,43
2024-07-08,SKU0022,91,0,25,43
2024-07-15,SKU0022,80,0,25,43
2024-07-22,SKU0022,55,21,25,43
2024-07-29,SKU0022,50,14,25,43
2024-08-05,SKU0022,213,194,25,43
2024-08-12,SKU0022,202,0,25,43
2024-08-19,SKU0022,169,0,25,43
2024-08-26,SKU0022,164,0,25,43
2024-09-02,SKU0022,152,0,25,43
2024-09-09,SKU0022,143,0,25,43
2024-09-16,SKU0022,127,24,25,43
2024-09-23,SKU0022,119,0,25,43
2024-09-30,SKU0022,95,12,25,43
2024-10-07,SKU0022,86,28,25,43
2024-10-14,SKU0022,57,0,25,43
2024-10-21,SKU0022,40,0,25,43
2024-10-28,SKU0022,9,13,25,43
2024-11-04,SKU0022,0,0,25,43
2024-11-11,SKU0022,167,167,25,43
2024-11-18,SKU0022,158,0,25,43
2024-11-25,SKU0022,139,0,25,43
2024-12-02,SKU0022,119,0,25,43
2024-12-09,SKU0022,86,0,25,43
2024-12-16,SKU0022,63,0,25,43
2024-12-23,SKU0022,134,102,25,43
2024-12-30,SKU0022,117,0,25,43
2025-01-06,SKU0022,108,0,25,43
2025-01-13,SKU0022,96,0,25,43
2025-01-20,SKU0022,76,0,25,43
2025-01-27,SKU0022,69,0,25,43
2025-02-03,SKU0022,237,197,25,43
2025-02-10,SKU0022,208,0,25,43
2025-02-17,SKU0022,203,0,25,43
2025-02-24,SKU0022,184,0,25,43
2025-03-03,SKU0022,163,0,25,43
2025-03-10,SKU0022,147,0,25,43
2025-03-17,SKU0022,115,0,25,43
2025-03-24,SKU0022,94,0,25,43
2025-03-31,SKU0022,75,0,25,43
2025-04-07,SKU0022,64,0,25,43
2025-04-14,SKU0022,51,0,25,43
2025-04-21,SKU0022,141,122,25,43
2025-04-28,SKU0022,120,0,25,43
2025-05-05,SKU0022,113,0,25,43
2025-05-12,SKU0022,104,0,25,43
2025-05-19,SKU0022,76,0,25,43
2025-05-26,SKU0022,54,18,25,43
2025-06-02,SKU0022,191,156,25,43
2025-06-09,SKU0022,176,0,25,43
2025-06-16,SKU0022,159,14,25,43
2025-06-23,SKU0022,144,2,25,43
2025-06-30,SKU0022,115,0,25,43
2025-07-07,SKU0022,105,6,25,43
2025-07-14,SKU0022,74,0,25,43
2025-07-21,SKU0022,47,0,25,43
2025-07-28,SKU0022,139,99,25,43
2025-08-04,SKU0022,122,0,25,43
2025-08-11,SKU0022,99,0,25,43
2025-08-18,SKU0022,66,1,25,43
2025-08-25,SKU0022,44,0,25,43
2025-09-01,SKU0022,276,240,25,43
2025-09-08,SKU0022,270,0,25,43
2025-09-15,SKU0022,254,3,25,43
2025-09-22,SKU0022,229,0,25,43
2025-09-29,SKU0022,197,10,25,43
2025-10-06,SKU0022,180,14,25,43
2025-10-13,SKU0022,170,12,25,43
2025-10-20,SKU0022,147,28,25,43
2025-10-27,SKU0022,113,15,25,43
2025-11-03,SKU0022,91,0,25,43
2025-11-10,SKU0022,84,19,25,43
2025-11-17,SKU0022,75,0,25,43
2025-11-24,SKU0022,231,190,25,43
2025-12-01,SKU0022,209,0,25,43
2025-12-08,SKU0022,191,0,25,43
2025-12-15,SKU0022,186,11,25,43
2025-12-22,SKU0022,168,0,25,43
2025-12-29,SKU0022,157,0,25,43
2024-01-01,SKU0023,149,0,29,54
2024-01-08,SKU0023,123,0,29,54
2024-01-15,SKU0023,116,0,29,54
2024-01-22,SKU0023,104,0,29,54
2024-01-29,SKU0023,74,0,29,54
2024-02-05,SKU0023,56,19,29,54
2024-02-12,SKU0023,270,240,29,54
2024-02-19,SKU0023,240,0,29,54
2024-02-26,SKU0023,226,16,29,54
2024-03-04,SKU0023,220,14,29,54
2024-03-11,SKU0023,203,0,29,54
2024-03-18,SKU0023,194,0,29,54
2024-03-25,SKU0023,160,0,29,54
2024-04-01,SKU0023,150,12,29,54
2024-04-08,SKU0023,129,0,29,54
2024-04-15,SKU0023,105,0,29,54
2024-04-22,SKU0023,93,9,29,54
2024-04-29,SKU0023,67,0,29,54
2024-05-06,SKU0023,145,112,29,54
2024-05-13,SKU0023,128,0,29,54
2024-05-20,SKU0023,96,0,29,54
2024-05-27,SKU0023,78,0,29,54
2024-06-03,SKU0023,244,190,29,54
2024-06-10,SKU0023,212,0,29,54
2024-06-17,SKU0023,202,0,29,54
2024-06-24,SKU0023,187,0,29,54
2024-07-01,SKU0023,158,0,29,54
2024-07-08,SKU0023,150,0,29,54
2024-07-15,SKU0023,121,0,29,54
2024-07-22,SKU0023,91,0,29,54
2024-07-29,SKU0023,60,0,29,54
2024-08-05,SKU0023,236,194,29,54
2024-08-12,SKU0023,204,0,29,54
2024-08-19,SKU0023,184,0,29,54
2024-08-26,SKU0023,172,0,29,54
2024-09-02,SKU0023,157,0,29,54
2024-09-09,SKU0023,141,0,29,54
2024-09-16,SKU0023,131,0,29,54
2024-09-23,SKU0023,106,0,29,54
2024-09-30,SKU0023,82,0,29,54
2024-10-07,SKU0023,185,132,29,54
2024-10-14,SKU0023,152,0,29,54
2024-10-21,SKU0023,135,0,29,54
2024-10-28,SKU0023,106,0,29,54
2024-11-04,SKU0023,79,0,29,54
2024-11-11,SKU0023,70,4,29,54
2024-11-18,SKU0023,247,205,29,54
2024-11-25,SKU0023,222,0,29,54
2024-12-02,SKU0023,191,0,29,54
2024-12-09,SKU0023,181,0,29,54
2024-12-16,SKU0023,158,12,29,54
2024-12-23,SKU0023,151,0,29,54
2024-12-30,SKU0023,146,0,29,54
2025-01-06,SKU0023,128,17,29,54
2025-01-13,SKU0023,96,0,29,54
2025-01-20,SKU0023,78,0,29,54
2025-01-27,SKU0023,65,0,29,54
2025-02-03,SKU0023,268,229,29,54
2025-02-10,SKU0023,236,0,29,54
2025-02-17,SKU0023,231,18,29,54
2025-02-24,SKU0023,206,5,29,54
2025-03-03,SKU0023,179,0,29,54
2025-03-10,SKU0023,152,4,29,54
2025-03-17,SKU0023,141,0,29,54
2025-03-24,SKU0023,130,0,29,54
2025-03-31,SKU0023,108,0,29,54
2025-04-07,SKU0023,88,0,29,54
2025-04-14,SKU0023,56,0,29,54
2025-04-21,SKU0023,213,175,29,54
2025-04-28,SKU0023,199,27,29,54
2025-05-05,SKU0023,166,0,29,54
2025-05-12,SKU0023,140,0,29,54
2025-05-19,SKU0023,121,0,29,54
2025-05-26,SKU0023,101,0,29,54
2025-06-02,SKU0023,70,0,29,54
2025-06-09,SKU0023,42,0,29,54
2025-06-16,SKU0023,11,0,29,54
2025-06-23,SKU0023,199,199,29,54
2025-06-30,SKU0023,166,0,29,54
2025-07-07,SKU0023,144,0,29,54
2025-07-14,SKU0023,113,0,29,54
2025-07-21,SKU0023,90,0,29,54
2025-07-28,SKU0023,81,0,29,54
2025-08-04,SKU0023,60,0,29,54
2025-08-11,SKU0023,32,0,29,54
2025-08-18,SKU0023,178,152,29,54
2025-08-25,SKU0023,169,15,29,54
2025-09-01,SKU0023,161,0,29,54
2025-09-08,SKU0023,141,0,29,54
2025-09-15,SKU0023,131,0,29,54
2025-09-22,SKU0023,103,0,29,54
2025-09-29,SKU0023,75,0,29,54
2025-10-06,SKU0023,69,0,29,54
2025-10-13,SKU0023,175,123,29,54
2025-10-20,SKU0023,168,0,29,54
2025-10-27,SKU0023,143,0,29,54
2025-11-03,SKU0023,109,0,29,54
2025-11-10,SKU0023,97,0,29,54
2025-11-17,SKU0023,78,0,29,54
2025-11-24,SKU0023,59,12,29,54
2025-12-01,SKU0023,222,195,29,54
2025-12-08,SKU0023,204,0,29,54
2025-12-15,SKU0023,180,0,29,54
2025-12-22,SKU0023,160,0,29,54
2025-12-29,SKU0023,146,0,29,54
2024-01-01,SKU0024,141,0,7,26
2024-01-08,SKU0024,136,0,7,26
2024-01-15,SKU0024,112,0,7,26
2024-01-22,SKU0024,94,0,7,26
2024-01-29,SKU0024,80,0,7,26
2024-02-05,SKU0024,46,0,7,26
2024-02-12,SKU0024,38,0,7,26
2024-02-19,SKU0024,17,0,7,26
2024-02-26,SKU0024,0,26,7,26
2024-03-04,SKU0024,198,198,7,26
2024-03-11,SKU0024,179,0,7,26
2024-03-18,SKU0024,147,27,7,26
2024-03-25,SKU0024,138,28,7,26
2024-04-01,SKU0024,119,12,7,26
2024-04-08,SKU0024,93,0,7,26
2024-04-15,SKU0024,70,0,7,26
2024-04-22,SKU0024,40,0,7,26
2024-04-29,SKU0024,8,3,7,26
2024-05-06,SKU0024,97,97,7,26
2024-05-13,SKU0024,90,24,7,26
2024-05-20,SKU0024,83,0,7,26
2024-05-27,SKU0024,60,0,7,26
2024-06-03,SKU0024,49,5,7,26
2024-06-10,SKU0024,28,0,7,26
2024-06-17,SKU0024,10,0,7,26
2024-06-24,SKU0024,160,156,7,26
2024-07-01,SKU0024,139,17,7,26
2024-07-08,SKU0024,132,20,7,26
2024-07-15,SKU0024,122,0,7,26
2024-07-22,SKU0024,88,9,7,26
2024-07-29,SKU0024,83,0,7,26
2024-08-05,SKU0024,64,0,7,26
2024-08-12,SKU0024,55,0,7,26
2024-08-19,SKU0024,29,18,7,26
2024-08-26,SKU0024,174,174,7,26
2024-09-02,SKU0024,147,29,7,26
2024-09-09,SKU0024,128,0,7,26
2024-09-16,SKU0024,102,16,7,26
2024-09-23,SKU0024,92,0,7,26
2024-09-30,SKU0024,63,0,7,26
2024-10-07,SKU0024,32,0,7,26
2024-10-14,SKU0024,8,0,7,26
2024-10-21,SKU0024,169,169,7,26
2024-10-28,SKU0024,143,0,7,26
2024-11-04,SKU0024,125,25,7,26
2024-11-11,SKU0024,91,0,7,26
2024-11-18,SKU0024,81,0,7,26
2024-11-25,SKU0024,68,4,7,26
2024-12-02,SKU0024,50,0,7,26
2024-12-09,SKU0024,30,25,7,26
2024-12-16,SKU0024,190,165,7,26
2024-12-23,SKU0024,157,0,7,26
2024-12-30,SKU0024,135,0,7,26
2025-01-06,SKU0024,102,0,7,26
2025-01-13,SKU0024,82,0,7,26
2025-01-20,SKU0024,53,0,7,26
2025-01-27,SKU0024,39,0,7,26
2025-02-03,SKU0024,22,0,7,26
2025-02-10,SKU0024,251,249,7,26
2025-02-17,SKU0024,243,0,7,26
2025-02-24,SKU0024,214,0,7,26
2025-03-03,SKU0024,183,0,7,26
2025-03-10,SKU0024,177,0,7,26
2025-03-17,SKU0024,146,0,7,26
2025-03-24,SKU0024,133,29,7,26
2025-03-31,SKU0024,118,0,7,26
2025-04-07,SKU0024,90,0,7,26
2025-04-14,SKU0024,82,27,7,26
2025-04-21,SKU0024,50,0,7,26
2025-04-28,SKU0024,28,0,7,26
2025-05-05,SKU0024,124,124,7,26
2025-05-12,SKU0024,118,22,7,26
2025-05-19,SKU0024,96,0,7,26
2025-05-26,SKU0024,79,0,7,26
2025-06-02,SKU0024,62,0,7,26
2025-06-09,SKU0024,28,0,7,26
2025-06-16,SKU0024,130,122,7,26
2025-06-23,SKU0024,104,0,7,26
2025-06-30,SKU0024,90,10,7,26
2025-07-07,SKU0024,79,0,7,26
2025-07-14,SKU0024,71,0,7,26
2025-07-21,SKU0024,43,0,7,26
2025-07-28,SKU0024,239,229,7,26
2025-08-04,SKU0024,211,0,7,26
2025-08-11,SKU0024,183,24,7,26
2025-08-18,SKU0024,165,0,7,26
2025-08-25,SKU0024,142,0,7,26
2025-09-01,SKU0024,137,0,7,26
2025-09-08,SKU0024,107,0,7,26
2025-09-15,SKU0024,75,0,7,26
2025-09-22,SKU0024,54,24,7,26
2025-09-29,SKU0024,43,0,7,26
2025-10-06,SKU0024,29,0,7,26
2025-10-13,SKU0024,23,0,7,26
2025-10-20,SKU0024,0,3,7,26
2025-10-27,SKU0024,0,14,7,26
2025-11-03,SKU0024,83,83,7,26
2025-11-10,SKU0024,55,0,7,26
2025-11-17,SKU0024,35,0,7,26
2025-11-24,SKU0024,27,0,7,26
2025-12-01,SKU0024,20,0,7,26
2025-12-08,SKU0024,8,0,7,26
2025-12-15,SKU0024,0,15,7,26
2025-12-22,SKU0024,0,2,7,26
2025-12-29,SKU0024,0,0,7,26
2024-01-01,SKU0025,251,0,18,29
2024-01-08,SKU0025,232,0,18,29
2024-01-15,SKU0025,205,0,18,29
2024-01-22,SKU0025,184,0,18,29
2024-01-29,SKU0025,150,22,18,29
2024-02-05,SKU0025,134,0,18,29
2024-02-12,SKU0025,115,21,18,29
2024-02-19,SKU0025,98,0,18,29
2024-02-26,SKU0025,67,0,18,29
2024-03-04,SKU0025,59,28,18,29
2024-03-11,SKU0025,37,12,18,29
2024-03-18,SKU0025,214,203,18,29
2024-03-25,SKU0025,183,28,18,29
2024-04-01,SKU0025,163,0,18,29
2024-04-08,SKU0025,150,0,18,29
2024-04-15,SKU0025,139,0,18,29
2024-04-22,SKU0025,119,0,18,29
2024-04-29,SKU0025,87,24,18,29
2024-05-06,SKU0025,61,0,18,29
2024-05-13,SKU0025,40,0,18,29
2024-05-20,SKU0025,151,122,18,29
2024-05-27,SKU0025,127,0,18,29
2024-06-03,SKU0025,106,13,18,29
2024-06-10,SKU0025,88,22,18,29
2024-06-17,SKU0025,58,0,18,29
2024-06-24,SKU0025,30,0,18,29
2024-07-01,SKU0025,93,83,18,29
2024-07-08,SKU0025,65,0,18,29
2024-07-15,SKU0025,46,0,18,29
2024-07-22,SKU0025,27,11,18,29
2024-07-29,SKU0025,151,143,18,29
2024-08-05,SKU0025,125,22,18,29
2024-08-12,SKU0025,102,0,18,29
2024-08-19,SKU0025,90,0,18,29
2024-08-26,SKU0025,57,0,18,29
2024-09-02,SKU0025,32,0,18,29
2024-09-09,SKU0025,179,167,18,29
2024-09-16,SKU0025,156,0,18,29
2024-09-23,SKU0025,141,0,18,29
2024-09-30,SKU0025,119,17,18,29
2024-10-07,SKU0025,110,0,18,29
2024-10-14,SKU0025,97,0,18,29
2024-10-21,SKU0025,92,0,18,29
2024-10-28,SKU0025,63,0,18,29
2024-11-04,SKU0025,34,0,18,29
2024-11-11,SKU0025,29,0,18,29
2024-11-18,SKU0025,145,138,18,29
2024-11-25,SKU0025,131,8,18,29
2024-12-02,SKU0025,117,0,18,29
2024-12-09,SKU0025,92,27,18,29
2024-12-16,SKU0025,60,0,18,29
2024-12-23,SKU0025,42,0,18,29
2024-12-30,SKU0025,203,174,18,29
2025-01-06,SKU0025,195,0,18,29
2025-01-13,SKU0025,165,0,18,29
2025-01-20,SKU0025,134,0,18,29
2025-01-27,SKU0025,110,0,18,29
2025-02-03,SKU0025,85,0,18,29
2025-02-10,SKU0025,76,21,18,29
2025-02-17,SKU0025,47,0,18,29
2025-02-24,SKU0025,173,150,18,29
2025-03-03,SKU0025,162,29,18,29
2025-03-10,SKU0025,132,4,18,29
2025-03-17,SKU0025,117,0,18,29
2025-03-24,SKU0025,93,0,18,29
2025-03-31,SKU0025,86,0,18,29
2025-04-07,SKU0025,54,0,18,29
2025-04-14,SKU0025,47,0,18,29
2025-04-21,SKU0025,41,0,18,29
2025-04-28,SKU0025,196,171,18,29
2025-05-05,SKU0025,172,0,18,29
2025-05-12,SKU0025,143,0,18,29
2025-05-19,SKU0025,112,0,18,29
2025-05-26,SKU0025,88,0,18,29
2025-06-02,SKU0025,72,0,18,29
2025-06-09,SKU0025,42,0,18,29
2025-06-16,SKU0025,32,0,18,29
2025-06-23,SKU0025,273,249,18,29
2025-06-30,SKU0025,253,0,18,29
2025-07-07,SKU0025,242,29,18,29
2025-07-14,SKU0025,237,0,18,29
2025-07-21,SKU0025,224,0,18,29
2025-07-28,SKU0025,219,0,18,29
2025-08-04,SKU0025,200,0,18,29
2025-08-11,SKU0025,182,0,18,29
2025-08-18,SKU0025,177,0,18,29
2025-08-25,SKU0025,149,13,18,29
2025-09-01,SKU0025,131,0,18,29
2025-09-08,SKU0025,115,11,18,29
2025-09-15,SKU0025,88,0,18,29
2025-09-22,SKU0025,61,0,18,29
2025-09-29,SKU0025,39,0,18,29
2025-10-06,SKU0025,105,100,18,29
2025-10-13,SKU0025,94,0,18,29
2025-10-20,SKU0025,80,0,18,29
2025-10-27,SKU0025,57,0,18,29
2025-11-03,SKU0025,30,16,18,29
2025-11-10,SKU0025,13,0,18,29
2025-11-17,SKU0025,204,204,18,29
2025-11-24,SKU0025,198,0,18,29
2025-12-01,SKU0025,172,0,18,29
2025-12-08,SKU0025,138,0,18,29
2025-12-15,SKU0025,117,0,18,29
2025-12-22,SKU0025,94,0,18,29
2025-12-29,SKU0025,70,0,18,29
2024-01-01,SKU0026,81,0,9,15
2024-01-08,SKU0026,55,0,9,15
2024-01-15,SKU0026,46,5,9,15
2024-01-22,SKU0026,41,0,9,15
2024-01-29,SKU0026,16,0,9,15
2024-02-05,SKU0026,199,199,9,15
2024-02-12,SKU0026,165,0,9,15
2024-02-19,SKU0026,157,0,9,15
2024-02-26,SKU0026,131,14,9,15
2024-03-04,SKU0026,106,14,9,15
2024-03-11,SKU0026,81,0,9,15
2024-03-18,SKU0026,72,0,9,15
2024-03-25,SKU0026,45,0,9,15
2024-04-01,SKU0026,29,0,9,15
2024-04-08,SKU0026,24,0,9,15
2024-04-15,SKU0026,121,121,9,15
2024-04-22,SKU0026,90,24,9,15
2024-04-29,SKU0026,69,0,9,15
2024-05-06,SKU0026,45,19,9,15
2024-05-13,SKU0026,24,0,9,15
2024-05-20,SKU0026,4,9,9,15
2024-05-27,SKU0026,0,10,9,15
2024-06-03,SKU0026,219,219,9,15
2024-06-10,SKU0026,189,14,9,15
2024-06-17,SKU0026,164,0,9,15
2024-06-24,SKU0026,139,0,9,15
2024-07-01,SKU0026,112,0,9,15
2024-07-08,SKU0026,78,0,9,15
2024-07-15,SKU0026,71,0,9,15
2024-07-22,SKU0026,51,0,9,15
2024-07-29,SKU0026,41,0,9,15
2024-08-05,SKU0026,255,245,9,15
2024-08-12,SKU0026,229,0,9,15
2024-08-19,SKU0026,212,0,9,15
2024-08-26,SKU0026,201,0,9,15
2024-09-02,SKU0026,190,0,9,15
2024-09-09,SKU0026,180,0,9,15
2024-09-16,SKU0026,162,0,9,15
2024-09-23,SKU0026,139,0,9,15
2024-09-30,SKU0026,123,0,9,15
2024-10-07,SKU0026,99,0,9,15
2024-10-14,SKU0026,66,0,9,15
2024-10-21,SKU0026,36,3,9,15
2024-10-28,SKU0026,2,0,9,15
2024-11-04,SKU0026,194,194,9,15
2024-11-11,SKU0026,165,0,9,15
2024-11-18,SKU0026,151,14,9,15
2024-11-25,SKU0026,130,0,9,15
2024-12-02,SKU0026,106,0,9,15
2024-12-09,SKU0026,86,0,9,15
2024-12-16,SKU0026,59,0,9,15
2024-12-23,SKU0026,35,19,9,15
2024-12-30,SKU0026,12,0,9,15
2025-01-06,SKU0026,113,113,9,15
2025-01-13,SKU0026,98,0,9,15
2025-01-20,SKU0026,85,0,9,15
2025-01-27,SKU0026,64,0,9,15
2025-02-03,SKU0026,51,25,9,15
2025-02-10,SKU0026,36,0,9,15
2025-02-17,SKU0026,26,0,9,15
2025-02-24,SKU0026,16,0,9,15
2025-03-03,SKU0026,88,80,9,15
2025-03-10,SKU0026,70,0,9,15
2025-03-17,SKU0026,64,0,9,15
2025-03-24,SKU0026,39,0,9,15
2025-03-31,SKU0026,231,224,9,15
2025-04-07,SKU0026,213,0,9,15
2025-04-14,SKU0026,192,24,9,15
2025-04-21,SKU0026,167,0,9,15
2025-04-28,SKU0026,159,0,9,15
2025-05-05,SKU0026,142,26,9,15
2025-05-12,SKU0026,108,17,9,15
2025-05-19,SKU0026,95,0,9,15
2025-05-26,SKU0026,70,0,9,15
2025-06-02,SKU0026,61,0,9,15
2025-06-09,SKU0026,54,0,9,15
2025-06-16,SKU0026,30,0,9,15
2025-06-23,SKU0026,1,0,9,15
2025-06-30,SKU0026,106,106,9,15
2025-07-07,SKU0026,72,0,9,15
2025-07-14,SKU0026,66,0,9,15
2025-07-21,SKU0026,41,4,9,15
2025-07-28,SKU0026,24,3,9,15
2025-08-04,SKU0026,0,26,9,15
2025-08-11,SKU0026,0,0,9,15
2025-08-18,SKU0026,84,84,9,15
2025-08-25,SKU0026,71,0,9,15
2025-09-01,SKU0026,54,0,9,15
2025-09-08,SKU0026,24,0,9,15
2025-09-15,SKU0026,0,0,9,15
2025-09-22,SKU0026,145,145,9,15
2025-09-29,SKU0026,120,0,9,15
2025-10-06,SKU0026,110,0,9,15
2025-10-13,SKU0026,91,0,9,15
2025-10-20,SKU0026,72,0,9,15
2025-10-27,SKU0026,38,0,9,15
2025-11-03,SKU0026,150,143,9,15
2025-11-10,SKU0026,120,8,9,15
2025-11-17,SKU0026,100,12,9,15
2025-11-24,SKU0026,93,0,9,15
2025-12-01,SKU0026,78,0,9,15
2025-12-08,SKU0026,66,0,9,15
2025-12-15,SKU0026,43,0,9,15
2025-12-22,SKU0026,37,0,9,15
2025-12-29,SKU0026,27,0,9,15
2024-01-01,SKU0027,83,0,18,30
2024-01-08,SKU0027,73,0,18,30
2024-01-15,SKU0027,52,0,18,30
2024-01-22,SKU0027,115,91,18,30
2024-01-29,SKU0027,89,0,18,30
2024-02-05,SKU0027,60,0,18,30
2024-02-12,SKU0027,32,0,18,30
2024-02-19,SKU0027,15,0,18,30
2024-02-26,SKU0027,0,0,18,30
2024-03-04,SKU0027,0,10,18,30
2024-03-11,SKU0027,0,0,18,30
2024-03-18,SKU0027,0,0,18,30
2024-03-25,SKU0027,118,118,18,30
2024-04-01,SKU0027,112,0,18,30
2024-04-08,SKU0027,90,0,18,30
2024-04-15,SKU0027,67,27,18,30
2024-04-22,SKU0027,57,0,18,30
2024-04-29,SKU0027,52,0,18,30
2024-05-06,SKU0027,37,0,18,30
2024-05-13,SKU0027,198,172,18,30
2024-05-20,SKU0027,175,29,18,30
2024-05-27,SKU0027,143,0,18,30
2024-06-03,SKU0027,111,0,18,30
2024-06-10,SKU0027,92,0,18,30
2024-06-17,SKU0027,60,0,18,30
2024-06-24,SKU0027,35,0,18,30
2024-07-01,SKU0027,227,205,18,30
2024-07-08,SKU0027,216,0,18,30
2024-07-15,SKU0027,210,0,18,30
2024-07-22,SKU0027,186,0,18,30
2024-07-29,SKU0027,168,23,18,30
2024-08-05,SKU0027,161,0,18,30
2024-08-12,SKU0027,142,0,18,30
2024-08-19,SKU0027,135,0,18,30
2024-08-26,SKU0027,114,0,18,30
2024-09-02,SKU0027,100,0,18,30
2024-09-09,SKU0027,89,0,18,30
2024-09-16,SKU0027,67,0,18,30
2024-09-23,SKU0027,58,0,18,30
2024-09-30,SKU0027,44,4,18,30
2024-10-07,SKU0027,237,218,18,30
2024-10-14,SKU0027,232,0,18,30
2024-10-21,SKU0027,200,0,18,30
2024-10-28,SKU0027,167,29,18,30
2024-11-04,SKU0027,157,0,18,30
2024-11-11,SKU0027,132,0,18,30
2024-11-18,SKU0027,102,0,18,30
2024-11-25,SKU0027,93,6,18,30
2024-12-02,SKU0027,79,0,18,30
2024-12-09,SKU0027,61,0,18,30
2024-12-16,SKU0027,54,0,18,30
2024-12-23,SKU0027,37,0,18,30
2024-12-30,SKU0027,198,178,18,30
2025-01-06,SKU0027,187,0,18,30
2025-01-13,SKU0027,162,0,18,30
2025-01-20,SKU0027,138,12,18,30
2025-01-27,SKU0027,127,0,18,30
2025-02-03,SKU0027,115,0,18,30
2025-02-10,SKU0027,83,0,18,30
2025-02-17,SKU0027,62,0,18,30
2025-02-24,SKU0027,43,0,18,30
2025-03-03,SKU0027,149,130,18,30
2025-03-10,SKU0027,132,29,18,30
2025-03-17,SKU0027,115,0,18,30
2025-03-24,SKU0027,87,0,18,30
2025-03-31,SKU0027,55,0,18,30
2025-04-07,SKU0027,49,0,18,30
2025-04-14,SKU0027,218,194,18,30
2025-04-21,SKU0027,189,12,18,30
2025-04-28,SKU0027,184,24,18,30
2025-05-05,SKU0027,175,0,18,30
2025-05-12,SKU0027,157,0,18,30
2025-05-19,SKU0027,140,0,18,30
2025-05-26,SKU0027,127,0,18,30
2025-06-02,SKU0027,111,3,18,30
2025-06-09,SKU0027,87,22,18,30
2025-06-16,SKU0027,59,0,18,30
2025-06-23,SKU0027,43,0,18,30
2025-06-30,SKU0027,243,226,18,30
2025-07-07,SKU0027,236,0,18,30
2025-07-14,SKU0027,216,0,18,30
2025-07-21,SKU0027,198,16,18,30
2025-07-28,SKU0027,185,0,18,30
2025-08-04,SKU0027,177,0,18,30
2025-08-11,SKU0027,146,0,18,30
2025-08-18,SKU0027,116,19,18,30
2025-08-25,SKU0027,94,0,18,30
2025-09-01,SKU0027,81,0,18,30
2025-09-08,SKU0027,49,0,18,30
2025-09-15,SKU0027,193,168,18,30
2025-09-22,SKU0027,168,0,18,30
2025-09-29,SKU0027,142,0,18,30
2025-10-06,SKU0027,122,0,18,30
2025-10-13,SKU0027,100,0,18,30
2025-10-20,SKU0027,75,0,18,30
2025-10-27,SKU0027,53,0,18,30
2025-11-03,SKU0027,44,0,18,30
2025-11-10,SKU0027,29,0,18,30
2025-11-17,SKU0027,112,98,18,30
2025-11-24,SKU0027,87,0,18,30
2025-12-01,SKU0027,63,0,18,30
2025-12-08,SKU0027,189,160,18,30
2025-12-15,SKU0027,171,0,18,30
2025-12-22,SKU0027,146,0,18,30
2025-12-29,SKU0027,121,0,18,30
2024-01-01,SKU0028,266,0,18,43
2024-01-08,SKU0028,240,0,18,43
2024-01-15,SKU0028,221,26,18,43
2024-01-22,SKU0028,190,0,18,43
2024-01-29,SKU0028,156,0,18,43
2024-02-05,SKU0028,134,7,18,43
2024-02-12,SKU0028,109,0,18,43
2024-02-19,SKU0028,81,0,18,43
2024-02-26,SKU0028,73,0,18,43
2024-03-04,SKU0028,280,239,18,43
2024-03-11,SKU0028,274,0,18,43
2024-03-18,SKU0028,245,0,18,43
2024-03-25,SKU0028,223,0,18,43
2024-04-01,SKU0028,191,0,18,43
2024-04-08,SKU0028,167,0,18,43
2024-04-15,SKU0028,158,0,18,43
2024-04-22,SKU0028,134,0,18,43
2024-04-29,SKU0028,115,0,18,43
2024-05-06,SKU0028,91,0,18,43
2024-05-13,SKU0028,72,0,18,43
2024-05-20,SKU0028,52,0,18,43
2024-05-27,SKU0028,25,0,18,43
2024-06-03,SKU0028,193,187,18,43
2024-06-10,SKU0028,165,0,18,43
2024-06-17,SKU0028,150,0,18,43
2024-06-24,SKU0028,130,0,18,43
2024-07-01,SKU0028,120,7,18,43
2024-07-08,SKU0028,98,0,18,43
2024-07-15,SKU0028,65,0,18,43
2024-07-22,SKU0028,45,0,18,43
2024-07-29,SKU0028,26,0,18,43
2024-08-05,SKU0028,128,128,18,43
2024-08-12,SKU0028,101,0,18,43
2024-08-19,SKU0028,70,0,18,43
2024-08-26,SKU0028,189,153,18,43
2024-09-02,SKU0028,159,0,18,43
2024-09-09,SKU0028,152,0,18,43
2024-09-16,SKU0028,137,21,18,43
2024-09-23,SKU0028,128,0,18,43
2024-09-30,SKU0028,106,0,18,43
2024-10-07,SKU0028,94,0,18,43
2024-10-14,SKU0028,78,0,18,43
2024-10-21,SKU0028,56,0,18,43
2024-10-28,SKU0028,51,0,18,43
2024-11-04,SKU0028,114,92,18,43
2024-11-11,SKU0028,89,0,18,43
2024-11-18,SKU0028,58,0,18,43
2024-11-25,SKU0028,52,0,18,43
2024-12-02,SKU0028,34,0,18,43
2024-12-09,SKU0028,260,234,18,43
2024-12-16,SKU0028,236,9,18,43
2024-12-23,SKU0028,224,0,18,43
2024-12-30,SKU0028,210,0,18,43
2025-01-06,SKU0028,189,0,18,43
2025-01-13,SKU0028,179,13,18,43
2025-01-20,SKU0028,174,0,18,43
2025-01-27,SKU0028,161,0,18,43
2025-02-03,SKU0028,135,0,18,43
2025-02-10,SKU0028,121,6,18,43
2025-02-17,SKU0028,88,0,18,43
2025-02-24,SKU0028,69,0,18,43
2025-03-03,SKU0028,54,0,18,43
2025-03-10,SKU0028,43,28,18,43
2025-03-17,SKU0028,228,191,18,43
2025-03-24,SKU0028,200,0,18,43
2025-03-31,SKU0028,170,0,18,43
2025-04-07,SKU0028,144,0,18,43
2025-04-14,SKU0028,121,0,18,43
2025-04-21,SKU0028,101,0,18,43
2025-04-28,SKU0028,74,0,18,43
2025-05-05,SKU0028,64,0,18,43
2025-05-12,SKU0028,36,0,18,43
2025-05-19,SKU0028,17,0,18,43
2025-05-26,SKU0028,0,0,18,43
2025-06-02,SKU0028,0,0,18,43
2025-06-09,SKU0028,134,134,18,43
2025-06-16,SKU0028,114,0,18,43
2025-06-23,SKU0028,84,25,18,43
2025-06-30,SKU0028,56,0,18,43
2025-07-07,SKU0028,178,142,18,43
2025-07-14,SKU0028,147,16,18,43
2025-07-21,SKU0028,116,0,18,43
2025-07-28,SKU0028,108,7,18,43
2025-08-04,SKU0028,98,0,18,43
2025-08-11,SKU0028,84,0,18,43
2025-08-18,SKU0028,75,0,18,43
2025-08-25,SKU0028,41,19,18,43
2025-09-01,SKU0028,238,231,18,43
2025-09-08,SKU0028,221,0,18,43
2025-09-15,SKU0028,193,0,18,43
2025-09-22,SKU0028,185,0,18,43
2025-09-29,SKU0028,179,0,18,43
2025-10-06,SKU0028,158,0,18,43
2025-10-13,SKU0028,138,1,18,43
2025-10-20,SKU0028,112,0,18,43
2025-10-27,SKU0028,103,6,18,43
2025-11-03,SKU0028,71,0,18,43
2025-11-10,SKU0028,223,186,18,43
2025-11-17,SKU0028,207,0,18,43
2025-11-24,SKU0028,194,0,18,43
2025-12-01,SKU0028,177,0,18,43
2025-12-08,SKU0028,162,0,18,43
2025-12-15,SKU0028,140,0,18,43
2025-12-22,SKU0028,106,0,18,43
2025-12-29,SKU0028,87,0,18,43
2024-01-01,SKU0029,82,0,28,47
2024-01-08,SKU0029,72,0,28,47
2024-01-15,SKU0029,57,0,28,47
2024-01-22,SKU0029,51,0,28,47
2024-01-29,SKU0029,244,213,28,47
2024-02-05,SKU0029,217,0,28,47
2024-02-12,SKU0029,184,0,28,47
2024-02-19,SKU0029,179,0,28,47
2024-02-26,SKU0029,152,0,28,47
2024-03-04,SKU0029,144,0,28,47
2024-03-11,SKU0029,110,0,28,47
2024-03-18,SKU0029,78,0,28,47
2024-03-25,SKU0029,54,0,28,47
2024-04-01,SKU0029,218,175,28,47
2024-04-08,SKU0029,193,0,28,47
2024-04-15,SKU0029,188,0,28,47
2024-04-22,SKU0029,177,13,28,47
2024-04-29,SKU0029,148,0,28,47
2024-05-06,SKU0029,135,0,28,47
2024-05-13,SKU0029,120,0,28,47
2024-05-20,SKU0029,110,0,28,47
2024-05-27,SKU0029,95,28,28,47
2024-06-03,SKU0029,90,0,28,47
2024-06-10,SKU0029,58,0,28,47
2024-06-17,SKU0029,114,89,28,47
2024-06-24,SKU0029,89,0,28,47
2024-07-01,SKU0029,66,0,28,47
2024-07-08,SKU0029,54,0,28,47
2024-07-15,SKU0029,222,189,28,47
2024-07-22,SKU0029,204,0,28,47
2024-07-29,SKU0029,176,0,28,47
2024-08-05,SKU0029,144,0,28,47
2024-08-12,SKU0029,112,0,28,47
2024-08-19,SKU0029,102,0,28,47
2024-08-26,SKU0029,87,0,28,47
2024-09-02,SKU0029,56,7,28,47
2024-09-09,SKU0029,50,0,28,47
2024-09-16,SKU0029,35,0,28,47
2024-09-23,SKU0029,211,206,28,47
2024-09-30,SKU0029,179,0,28,47
2024-10-07,SKU0029,165,0,28,47
2024-10-14,SKU0029,135,0,28,47
2024-10-21,SKU0029,113,0,28,47
2024-10-28,SKU0029,82,0,28,47
2024-11-04,SKU0029,73,0,28,47
2024-11-11,SKU0029,66,0,28,47
2024-11-18,SKU0029,58,1,28,47
2024-11-25,SKU0029,176,135,28,47
2024-12-02,SKU0029,162,0,28,47
2024-12-09,SKU0029,144,0,28,47
2024-12-16,SKU0029,125,28,28,47
2024-12-23,SKU0029,94,0,28,47
2024-12-30,SKU0029,77,0,28,47
2025-01-06,SKU0029,57,0,28,47
2025-01-13,SKU0029,271,229,28,47
2025-01-20,SKU0029,257,0,28,47
2025-01-27,SKU0029,227,0,28,47
2025-02-03,SKU0029,204,22,28,47
2025-02-10,SKU0029,194,7,28,47
2025-02-17,SKU0029,184,0,28,47
2025-02-24,SKU0029,164,0,28,47
2025-03-03,SKU0029,146,0,28,47
2025-03-10,SKU0029,122,7,28,47
2025-03-17,SKU0029,97,3,28,47
2025-03-24,SKU0029,67,21,28,47
2025-03-31,SKU0029,47,0,28,47
2025-04-07,SKU0029,20,18,28,47
2025-04-14,SKU0029,11,0,28,47
2025-04-21,SKU0029,125,125,28,47
2025-04-28,SKU0029,110,0,28,47
2025-05-05,SKU0029,99,0,28,47
2025-05-12,SKU0029,78,25,28,47
2025-05-19,SKU0029,68,0,28,47
2025-05-26,SKU0029,52,5,28,47
2025-06-02,SKU0029,18,1,28,47
2025-06-09,SKU0029,92,92,28,47
2025-06-16,SKU0029,61,0,28,47
2025-06-23,SKU0029,49,0,28,47
2025-06-30,SKU0029,183,148,28,47
2025-07-07,SKU0029,171,11,28,47
2025-07-14,SKU0029,156,8,28,47
2025-07-21,SKU0029,137,0,28,47
2025-07-28,SKU0029,129,13,28,47
2025-08-04,SKU0029,121,0,28,47
2025-08-11,SKU0029,93,13,28,47
2025-08-18,SKU0029,87,0,28,47
2025-08-25,SKU0029,80,0,28,47
2025-09-01,SKU0029,68,0,28,47
2025-09-08,SKU0029,57,0,28,47
2025-09-15,SKU0029,40,0,28,47
2025-09-22,SKU0029,125,111,28,47
2025-09-29,SKU0029,99,0,28,47
2025-10-06,SKU0029,81,29,28,47
2025-10-13,SKU0029,68,0,28,47
2025-10-20,SKU0029,160,124,28,47
2025-10-27,SKU0029,130,0,28,47
2025-11-03,SKU0029,106,0,28,47
2025-11-10,SKU0029,85,0,28,47
2025-11-17,SKU0029,77,0,28,47
2025-11-24,SKU0029,53,0,28,47
2025-12-01,SKU0029,47,0,28,47
2025-12-08,SKU0029,25,0,28,47
2025-12-15,SKU0029,168,168,28,47
2025-12-22,SKU0029,158,0,28,47
2025-12-29,SKU0029,144,17,28,47
2024-01-01,SKU0030,256,21,27,52
2024-01-08,SKU0030,242,0,27,52
2024-01-15,SKU0030,234,0,27,52
2024-01-22,SKU0030,202,0,27,52
2024-01-29,SKU0030,178,0,27,52
2024-02-05,SKU0030,147,0,27,52
2024-02-12,SKU0030,130,0,27,52
2024-02-19,SKU0030,114,0,27,52
2024-02-26,SKU0030,82,21,27,52
2024-03-04,SKU0030,60,0,27,52
2024-03-11,SKU0030,278,244,27,52
2024-03-18,SKU0030,244,0,27,52
2024-03-25,SKU0030,211,5,27,52
2024-04-01,SKU0030,201,0,27,52
2024-04-08,SKU0030,173,0,27,52
2024-04-15,SKU0030,153,0,27,52
2024-04-22,SKU0030,130,0,27,52
2024-04-29,SKU0030,109,0,27,52
2024-05-06,SKU0030,79,0,27,52
2024-05-13,SKU0030,45,0,27,52
2024-05-20,SKU0030,244,221,27,52
2024-05-27,SKU0030,237,0,27,52
2024-06-03,SKU0030,230,0,27,52
2024-06-10,SKU0030,207,0,27,52
2024-06-17,SKU0030,198,0,27,52
2024-06-24,SKU0030,193,0,27,52
2024-07-01,SKU0030,171,8,27,52
2024-07-08,SKU0030,138,0,27,52
2024-07-15,SKU0030,125,0,27,52
2024-07-22,SKU0030,91,0,27,52
2024-07-29,SKU0030,76,0,27,52
2024-08-05,SKU0030,67,11,27,52
2024-08-12,SKU0030,60,0,27,52
2024-08-19,SKU0030,192,164,27,52
2024-08-26,SKU0030,185,0,27,52
2024-09-02,SKU0030,155,25,27,52
2024-09-09,SKU0030,140,4,27,52
2024-09-16,SKU0030,108,0,27,52
2024-09-23,SKU0030,85,0,27,52
2024-09-30,SKU0030,76,0,27,52
2024-10-07,SKU0030,61,0,27,52
2024-10-14,SKU0030,169,121,27,52
2024-10-21,SKU0030,152,0,27,52
2024-10-28,SKU0030,137,0,27,52
2024-11-04,SKU0030,111,0,27,52
2024-11-11,SKU0030,87,0,27,52
2024-11-18,SKU0030,56,10,27,52
2024-11-25,SKU0030,260,227,27,52
2024-12-02,SKU0030,230,8,27,52
2024-12-09,SKU0030,205,0,27,52
2024-12-16,SKU0030,179,0,27,52
2024-12-23,SKU0030,152,0,27,52
2024-12-30,SKU0030,141,0,27,52
2025-01-06,SKU0030,121,0,27,52
2025-01-13,SKU0030,97,0,27,52
2025-01-20,SKU0030,84,0,27,52
2025-01-27,SKU0030,242,190,27,52
2025-02-03,SKU0030,227,0,27,52
2025-02-10,SKU0030,210,19,27,52
2025-02-17,SKU0030,180,0,27,52
2025-02-24,SKU0030,171,0,27,52
2025-03-03,SKU0030,154,0,27,52
2025-03-10,SKU0030,121,0,27,52
2025-03-17,SKU0030,115,0,27,52
2025-03-24,SKU0030,86,14,27,52
2025-03-31,SKU0030,232,180,27,52
2025-04-07,SKU0030,210,0,27,52
2025-04-14,SKU0030,190,0,27,52
2025-04-21,SKU0030,165,0,27,52
2025-04-28,SKU0030,156,0,27,52
2025-05-05,SKU0030,145,0,27,52
2025-05-12,SKU0030,116,0,27,52
2025-05-19,SKU0030,91,8,27,52
2025-05-26,SKU0030,79,0,27,52
2025-06-02,SKU0030,55,2,27,52
2025-06-09,SKU0030,38,0,27,52
2025-06-16,SKU0030,240,220,27,52
2025-06-23,SKU0030,206,0,27,52
2025-06-30,SKU0030,198,0,27,52
2025-07-07,SKU0030,180,0,27,52
2025-07-14,SKU0030,167,0,27,52
2025-07-21,SKU0030,153,15,27,52
2025-07-28,SKU0030,128,0,27,52
2025-08-04,SKU0030,105,11,27,52
2025-08-11,SKU0030,97,0,27,52
2025-08-18,SKU0030,76,0,27,52
2025-08-25,SKU0030,67,0,27,52
2025-09-01,SKU0030,58,0,27,52
2025-09-08,SKU0030,27,0,27,52
2025-09-15,SKU0030,213,199,27,52
2025-09-22,SKU0030,187,0,27,52
2025-09-29,SKU0030,172,0,27,52
2025-10-06,SKU0030,167,1,27,52
2025-10-13,SKU0030,152,0,27,52
2025-10-20,SKU0030,118,0,27,52
2025-10-27,SKU0030,99,27,27,52
2025-11-03,SKU0030,67,0,27,52
2025-11-10,SKU0030,35,0,27,52
2025-11-17,SKU0030,2,0,27,52
2025-11-24,SKU0030,0,0,27,52
2025-12-01,SKU0030,0,15,27,52
2025-12-08,SKU0030,87,87,27,52
2025-12-15,SKU0030,54,2,27,52
2025-12-22,SKU0030,46,0,27,52
2025-12-29,SKU0030,41,0,27,52
2024-01-01,SKU0031,225,0,12,52
2024-01-08,SKU0031,210,0,12,52
2024-01-15,SKU0031,204,0,12,52
2024-01-22,SKU0031,199,0,12,52
2024-01-29,SKU0031,168,0,12,52
2024-02-05,SKU0031,158,0,12,52
2024-02-12,SKU0031,148,0,12,52
2024-02-19,SKU0031,138,4,12,52
2024-02-26,SKU0031,132,0,12,52
2024-03-04,SKU0031,109,3,12,52
2024-03-11,SKU0031,82,22,12,52
2024-03-18,SKU0031,68,0,12,52
2024-03-25,SKU0031,277,238,12,52
2024-04-01,SKU0031,257,11,12,52
2024-04-08,SKU0031,234,18,12,52
2024-04-15,SKU0031,201,0,12,52
2024-04-22,SKU0031,169,20,12,52
2024-04-29,SKU0031,137,0,12,52
2024-05-06,SKU0031,126,0,12,52
2024-05-13,SKU0031,102,29,12,52
2024-05-20,SKU0031,95,0,12,52
2024-05-27,SKU0031,90,0,12,52
2024-06-03,SKU0031,85,0,12,52
2024-06-10,SKU0031,54,0,12,52
2024-06-17,SKU0031,129,104,12,52
2024-06-24,SKU0031,106,0,12,52
2024-07-01,SKU0031,79,0,12,52
2024-07-08,SKU0031,168,120,12,52
2024-07-15,SKU0031,150,0,12,52
2024-07-22,SKU0031,120,0,12,52
2024-07-29,SKU0031,106,9,12,52
2024-08-05,SKU0031,85,7,12,52
2024-08-12,SKU0031,61,15,12,52
2024-08-19,SKU0031,43,0,12,52
2024-08-26,SKU0031,181,161,12,52
2024-09-02,SKU0031,164,0,12,52
2024-09-09,SKU0031,155,17,12,52
2024-09-16,SKU0031,131,0,12,52
2024-09-23,SKU0031,110,0,12,52
2024-09-30,SKU0031,95,0,12,52
2024-10-07,SKU0031,87,14,12,52
2024-10-14,SKU0031,77,18,12,52
2024-10-21,SKU0031,55,0,12,52
2024-10-28,SKU0031,164,122,12,52
2024-11-04,SKU0031,146,0,12,52
2024-11-11,SKU0031,121,0,12,52
2024-11-18,SKU0031,89,9,12,52
2024-11-25,SKU0031,81,0,12,52
2024-12-02,SKU0031,208,160,12,52
2024-12-09,SKU0031,178,0,12,52
2024-12-16,SKU0031,148,0,12,52
2024-12-23,SKU0031,133,0,12,52
2024-12-30,SKU0031,115,0,12,52
2025-01-06,SKU0031,102,0,12,52
2025-01-13,SKU0031,75,0,12,52
2025-01-20,SKU0031,70,0,12,52
2025-01-27,SKU0031,65,0,12,52
2025-02-03,SKU0031,221,178,12,52
2025-02-10,SKU0031,208,0,12,52
2025-02-17,SKU0031,182,0,12,52
2025-02-24,SKU0031,159,0,12,52
2025-03-03,SKU0031,128,8,12,52
2025-03-10,SKU0031,114,10,12,52
2025-03-17,SKU0031,103,0,12,52
2025-03-24,SKU0031,79,0,12,52
2025-03-31,SKU0031,58,0,12,52
2025-04-07,SKU0031,168,124,12,52
2025-04-14,SKU0031,136,0,12,52
2025-04-21,SKU0031,113,3,12,52
2025-04-28,SKU0031,81,0,12,52
2025-05-05,SKU0031,49,22,12,52
2025-05-12,SKU0031,39,24,12,52
2025-05-19,SKU0031,172,138,12,52
2025-05-26,SKU0031,142,0,12,52
2025-06-02,SKU0031,137,0,12,52
2025-06-09,SKU0031,129,0,12,52
2025-06-16,SKU0031,118,0,12,52
2025-06-23,SKU0031,88,0,12,52
2025-06-30,SKU0031,67,0,12,52
2025-07-07,SKU0031,51,0,12,52
2025-07-14,SKU0031,274,241,12,52
2025-07-21,SKU0031,267,0,12,52
2025-07-28,SKU0031,254,0,12,52
2025-08-04,SKU0031,237,0,12,52
2025-08-11,SKU0031,220,0,12,52
2025-08-18,SKU0031,198,0,12,52
2025-08-25,SKU0031,193,0,12,52
2025-09-01,SKU0031,168,0,12,52
2025-09-08,SKU0031,136,0,12,52
2025-09-15,SKU0031,116,0,12,52
2025-09-22,SKU0031,97,8,12,52
2025-09-29,SKU0031,66,0,12,52
2025-10-06,SKU0031,219,173,12,52
2025-10-13,SKU0031,212,0,12,52
2025-10-20,SKU0031,206,0,12,52
2025-10-27,SKU0031,193,21,12,52
2025-11-03,SKU0031,175,0,12,52
2025-11-10,SKU0031,149,0,12,52
2025-11-17,SKU0031,131,0,12,52
2025-11-24,SKU0031,108,0,12,52
2025-12-01,SKU0031,101,0,12,52
2025-12-08,SKU0031,71,18,12,52
2025-12-15,SKU0031,53,0,12,52
2025-12-22,SKU0031,32,19,12,52
2025-12-29,SKU0031,1,0,12,52
2024-01-01,SKU0032,189,0,8,17
2024-01-08,SKU0032,175,29,8,17
2024-01-15,SKU0032,158,25,8,17
2024-01-22,SKU0032,150,0,8,17
2024-01-29,SKU0032,130,0,8,17
2024-02-05,SKU0032,118,5,8,17
2024-02-12,SKU0032,97,0,8,17
2024-02-19,SKU0032,89,0,8,17
2024-02-26,SKU0032,61,0,8,17
2024-03-04,SKU0032,48,0,8,17
2024-03-11,SKU0032,25,0,8,17
2024-03-18,SKU0032,93,93,8,17
2024-03-25,SKU0032,80,0,8,17
2024-04-01,SKU0032,70,0,8,17
2024-04-08,SKU0032,43,0,8,17
2024-04-15,SKU0032,21,0,8,17
2024-04-22,SKU0032,0,0,8,17
2024-04-29,SKU0032,213,213,8,17
2024-05-06,SKU0032,186,0,8,17
2024-05-13,SKU0032,166,0,8,17
2024-05-20,SKU0032,161,1,8,17
2024-05-27,SKU0032,150,0,8,17
2024-06-03,SKU0032,117,0,8,17
2024-06-10,SKU0032,105,0,8,17
2024-06-17,SKU0032,80,0,8,17
2024-06-24,SKU0032,51,0,8,17
2024-07-01,SKU0032,26,0,8,17
2024-07-08,SKU0032,197,186,8,17
2024-07-15,SKU0032,165,29,8,17
2024-07-22,SKU0032,143,0,8,17
2024-07-29,SKU0032,127,0,8,17
2024-08-05,SKU0032,111,0,8,17
2024-08-12,SKU0032,81,0,8,17
2024-08-19,SKU0032,71,0,8,17
2024-08-26,SKU0032,42,0,8,17
2024-09-02,SKU0032,18,0,8,17
2024-09-09,SKU0032,8,0,8,17
2024-09-16,SKU0032,98,97,8,17
2024-09-23,SKU0032,77,0,8,17
2024-09-30,SKU0032,47,0,8,17
2024-10-07,SKU0032,37,0,8,17
2024-10-14,SKU0032,29,0,8,17
2024-10-21,SKU0032,7,1,8,17
2024-10-28,SKU0032,0,0,8,17
2024-11-04,SKU0032,217,217,8,17
2024-11-11,SKU0032,185,0,8,17
2024-11-18,SKU0032,157,0,8,17
2024-11-25,SKU0032,151,0,8,17
2024-12-02,SKU0032,120,0,8,17
2024-12-09,SKU0032,99,0,8,17
2024-12-16,SKU0032,75,3,8,17
2024-12-23,SKU0032,55,0,8,17
2024-12-30,SKU0032,26,29,8,17
2025-01-06,SKU0032,18,0,8,17
2025-01-13,SKU0032,94,90,8,17
2025-01-20,SKU0032,69,0,8,17
2025-01-27,SKU0032,38,0,8,17
2025-02-03,SKU0032,200,190,8,17
2025-02-10,SKU0032,183,0,8,17
2025-02-17,SKU0032,151,0,8,17
2025-02-24,SKU0032,129,0,8,17
2025-03-03,SKU0032,98,0,8,17
2025-03-10,SKU0032,71,0,8,17
2025-03-17,SKU0032,62,0,8,17
2025-03-24,SKU0032,29,0,8,17
2025-03-31,SKU0032,124,120,8,17
2025-04-07,SKU0032,98,0,8,17
2025-04-14,SKU0032,68,0,8,17
2025-04-21,SKU0032,40,0,8,17
2025-04-28,SKU0032,20,2,8,17
2025-05-05,SKU0032,0,0,8,17
2025-05-12,SKU0032,208,208,8,17
2025-05-19,SKU0032,192,0,8,17
2025-05-26,SKU0032,178,22,8,17
2025-06-02,SKU0032,164,18,8,17
2025-06-09,SKU0032,137,0,8,17
2025-06-16,SKU0032,118,20,8,17
2025-06-23,SKU0032,111,0,8,17
2025-06-30,SKU0032,96,0,8,17
2025-07-07,SKU0032,69,0,8,17
2025-07-14,SKU0032,44,0,8,17
2025-07-21,SKU0032,27,0,8,17
2025-07-28,SKU0032,3,0,8,17
2025-08-04,SKU0032,0,0,8,17
2025-08-11,SKU0032,169,169,8,17
2025-08-18,SKU0032,154,0,8,17
2025-08-25,SKU0032,148,0,8,17
2025-09-01,SKU0032,133,21,8,17
2025-09-08,SKU0032,117,0,8,17
2025-09-15,SKU0032,83,0,8,17
2025-09-22,SKU0032,75,0,8,17
2025-09-29,SKU0032,45,0,8,17
2025-10-06,SKU0032,16,0,8,17
2025-10-13,SKU0032,208,208,8,17
2025-10-20,SKU0032,179,0,8,17
2025-10-27,SKU0032,164,3,8,17
2025-11-03,SKU0032,133,0,8,17
2025-11-10,SKU0032,105,0,8,17
2025-11-17,SKU0032,82,0,8,17
2025-11-24,SKU0032,50,0,8,17
2025-12-01,SKU0032,19,0,8,17
2025-12-08,SKU0032,2,0,8,17
2025-12-15,SKU0032,0,0,8,17
2025-12-22,SKU0032,0,10,8,17
2025-12-29,SKU0032,212,212,8,17
2024-01-01,SKU0033,76,0,21,45
2024-01-08,SKU0033,50,0,21,45
2024-01-15,SKU0033,169,131,21,45
2024-01-22,SKU0033,154,0,21,45
2024-01-29,SKU0033,139,0,21,45
2024-02-05,SKU0033,125,0,21,45
2024-02-12,SKU0033,95,13,21,45
2024-02-19,SKU0033,80,14,21,45
2024-02-26,SKU0033,55,0,21,45
2024-03-04,SKU0033,40,0,21,45
2024-03-11,SKU0033,239,219,21,45
2024-03-18,SKU0033,225,0,21,45
2024-03-25,SKU0033,202,16,21,45
2024-04-01,SKU0033,170,0,21,45
2024-04-08,SKU0033,139,0,21,45
2024-04-15,SKU0033,132,0,21,45
2024-04-22,SKU0033,122,0,21,45
2024-04-29,SKU0033,99,0,21,45
2024-05-06,SKU0033,86,0,21,45
2024-05-13,SKU0033,78,0,21,45
2024-05-20,SKU0033,47,0,21,45
2024-05-27,SKU0033,21,0,21,45
2024-06-03,SKU0033,13,28,21,45
2024-06-10,SKU0033,186,185,21,45
2024-06-17,SKU0033,157,0,21,45
2024-06-24,SKU0033,133,0,21,45
2024-07-01,SKU0033,113,0,21,45
2024-07-08,SKU0033,94,18,21,45
2024-07-15,SKU0033,81,0,21,45
2024-07-22,SKU0033,57,0,21,45
2024-07-29,SKU0033,35,0,21,45
2024-08-05,SKU0033,137,116,21,45
2024-08-12,SKU0033,127,0,21,45
2024-08-19,SKU0033,106,8,21,45
2024-08-26,SKU0033,87,4,21,45
2024-09-02,SKU0033,79,0,21,45
2024-09-09,SKU0033,60,0,21,45
2024-09-16,SKU0033,148,114,21,45
2024-09-23,SKU0033,134,0,21,45
2024-09-30,SKU0033,115,0,21,45
2024-10-07,SKU0033,87,0,21,45
2024-10-14,SKU0033,71,0,21,45
2024-10-21,SKU0033,65,22,21,45
2024-10-28,SKU0033,134,99,21,45
2024-11-04,SKU0033,101,0,21,45
2024-11-11,SKU0033,87,0,21,45
2024-11-18,SKU0033,67,20,21,45
2024-11-25,SKU0033,143,104,21,45
2024-12-02,SKU0033,113,0,21,45
2024-12-09,SKU0033,80,0,21,45
2024-12-16,SKU0033,74,21,21,45
2024-12-23,SKU0033,65,0,21,45
2024-12-30,SKU0033,36,0,21,45
2025-01-06,SKU0033,18,0,21,45
2025-01-13,SKU0033,0,4,21,45
2025-01-20,SKU0033,169,169,21,45
2025-01-27,SKU0033,146,0,21,45
2025-02-03,SKU0033,134,0,21,45
2025-02-10,SKU0033,103,0,21,45
2025-02-17,SKU0033,75,0,21,45
2025-02-24,SKU0033,55,13,21,45
2025-03-03,SKU0033,46,0,21,45
2025-03-10,SKU0033,180,161,21,45
2025-03-17,SKU0033,170,0,21,45
2025-03-24,SKU0033,144,0,21,45
2025-03-31,SKU0033,115,3,21,45
2025-04-07,SKU0033,81,0,21,45
2025-04-14,SKU0033,51,0,21,45
2025-04-21,SKU0033,155,118,21,45
2025-04-28,SKU0033,134,0,21,45
2025-05-05,SKU0033,112,0,21,45
2025-05-12,SKU0033,96,0,21,45
2025-05-19,SKU0033,85,0,21,45
2025-05-26,SKU0033,60,11,21,45
2025-06-02,SKU0033,191,160,21,45
2025-06-09,SKU0033,179,16,21,45
2025-06-16,SKU0033,154,0,21,45
2025-06-23,SKU0033,126,0,21,45
2025-06-30,SKU0033,102,0,21,45
2025-07-07,SKU0033,82,13,21,45
2025-07-14,SKU0033,62,0,21,45
2025-07-21,SKU0033,139,94,21,45
2025-07-28,SKU0033,132,0,21,45
2025-08-04,SKU0033,118,9,21,45
2025-08-11,SKU0033,111,0,21,45
2025-08-18,SKU0033,102,0,21,45
2025-08-25,SKU0033,68,0,21,45
2025-09-01,SKU0033,43,0,21,45
2025-09-08,SKU0033,28,0,21,45
2025-09-15,SKU0033,210,205,21,45
2025-09-22,SKU0033,189,0,21,45
2025-09-29,SKU0033,179,0,21,45
2025-10-06,SKU0033,145,0,21,45
2025-10-13,SKU0033,130,10,21,45
2025-10-20,SKU0033,125,0,21,45
2025-10-27,SKU0033,101,0,21,45
2025-11-03,SKU0033,89,0,21,45
2025-11-10,SKU0033,60,0,21,45
2025-11-17,SKU0033,177,142,21,45
2025-11-24,SKU0033,160,0,21,45
2025-12-01,SKU0033,144,0,21,45
2025-12-08,SKU0033,120,0,21,45
2025-12-15,SKU0033,112,0,21,45
2025-12-22,SKU0033,94,0,21,45
2025-12-29,SKU0033,62,0,21,45
2024-01-01,SKU0034,219,0,20,57
2024-01-08,SKU0034,204,0,20,57
2024-01-15,SKU0034,175,17,20,57
2024-01-22,SKU0034,153,15,20,57
2024-01-29,SKU0034,147,0,20,57
2024-02-05,SKU0034,124,0,20,57
2024-02-12,SKU0034,100,0,20,57
2024-02-19,SKU0034,93,0,20,57
2024-02-26,SKU0034,63,0,20,57
2024-03-04,SKU0034,31,0,20,57
2024-03-11,SKU0034,94,89,20,57
2024-03-18,SKU0034,76,0,20,57
2024-03-25,SKU0034,47,0,20,57
2024-04-01,SKU0034,258,231,20,57
2024-04-08,SKU0034,234,0,20,57
2024-04-15,SKU0034,203,0,20,57
2024-04-22,SKU0034,175,4,20,57
2024-04-29,SKU0034,153,27,20,57
2024-05-06,SKU0034,136,0,20,57
2024-05-13,SKU0034,120,8,20,57
2024-05-20,SKU0034,115,0,20,57
2024-05-27,SKU0034,99,0,20,57
2024-06-03,SKU0034,68,0,20,57
2024-06-10,SKU0034,158,117,20,57
2024-06-17,SKU0034,141,13,20,57
2024-06-24,SKU0034,114,0,20,57
2024-07-01,SKU0034,86,0,20,57
2024-07-08,SKU0034,68,0,20,57
2024-07-15,SKU0034,185,133,20,57
2024-07-22,SKU0034,173,0,20,57
2024-07-29,SKU0034,147,0,20,57
2024-08-05,SKU0034,130,0,20,57
2024-08-12,SKU0034,102,6,20,57
2024-08-19,SKU0034,87,1,20,57
2024-08-26,SKU0034,63,0,20,57
2024-09-02,SKU0034,41,0,20,57
2024-09-09,SKU0034,158,148,20,57
2024-09-16,SKU0034,126,0,20,57
2024-09-23,SKU0034,109,0,20,57
2024-09-30,SKU0034,95,0,20,57
2024-10-07,SKU0034,76,0,20,57
2024-10-14,SKU0034,54,4,20,57
2024-10-21,SKU0034,119,82,20,57
2024-10-28,SKU0034,111,0,20,57
2024-11-04,SKU0034,82,0,20,57
2024-11-11,SKU0034,58,10,20,57
2024-11-18,SKU0034,275,225,20,57
2024-11-25,SKU0034,265,0,20,57
2024-12-02,SKU0034,260,28,20,57
2024-12-09,SKU0034,253,0,20,57
2024-12-16,SKU0034,233,0,20,57
2024-12-23,SKU0034,214,0,20,57
2024-12-30,SKU0034,208,21,20,57
2025-01-06,SKU0034,202,0,20,57
2025-01-13,SKU0034,194,0,20,57
2025-01-20,SKU0034,184,0,20,57
2025-01-27,SKU0034,150,1,20,57
2025-02-03,SKU0034,129,0,20,57
2025-02-10,SKU0034,113,0,20,57
2025-02-17,SKU0034,104,16,20,57
2025-02-24,SKU0034,74,0,20,57
2025-03-03,SKU0034,48,0,20,57
2025-03-10,SKU0034,118,87,20,57
2025-03-17,SKU0034,102,0,20,57
2025-03-24,SKU0034,79,0,20,57
2025-03-31,SKU0034,72,0,20,57
2025-04-07,SKU0034,61,0,20,57
2025-04-14,SKU0034,28,0,20,57
2025-04-21,SKU0034,3,3,20,57
2025-04-28,SKU0034,89,89,20,57
2025-05-05,SKU0034,81,0,20,57
2025-05-12,SKU0034,178,122,20,57
2025-05-19,SKU0034,164,0,20,57
2025-05-26,SKU0034,130,0,20,57
2025-06-02,SKU0034,125,3,20,57
2025-06-09,SKU0034,112,0,20,57
2025-06-16,SKU0034,98,0,20,57
2025-06-23,SKU0034,72,0,20,57
2025-06-30,SKU0034,42,7,20,57
2025-07-07,SKU0034,122,111,20,57
2025-07-14,SKU0034,97,5,20,57
2025-07-21,SKU0034,69,0,20,57
2025-07-28,SKU0034,62,0,20,57
2025-08-04,SKU0034,37,0,20,57
2025-08-11,SKU0034,13,0,20,57
2025-08-18,SKU0034,0,0,20,57
2025-08-25,SKU0034,223,223,20,57
2025-09-01,SKU0034,206,16,20,57
2025-09-08,SKU0034,188,8,20,57
2025-09-15,SKU0034,183,0,20,57
2025-09-22,SKU0034,174,0,20,57
2025-09-29,SKU0034,149,0,20,57
2025-10-06,SKU0034,139,0,20,57
2025-10-13,SKU0034,117,0,20,57
2025-10-20,SKU0034,93,0,20,57
2025-10-27,SKU0034,70,0,20,57
2025-11-03,SKU0034,65,0,20,57
2025-11-10,SKU0034,215,175,20,57
2025-11-17,SKU0034,199,0,20,57
2025-11-24,SKU0034,171,0,20,57
2025-12-01,SKU0034,154,0,20,57
2025-12-08,SKU0034,132,0,20,57
2025-12-15,SKU0034,117,0,20,57
2025-12-22,SKU0034,112,0,20,57
2025-12-29,SKU0034,106,0,20,57
2024-01-01,SKU0035,205,0,22,45
2024-01-08,SKU0035,200,0,22,45
2024-01-15,SKU0035,174,0,22,45
2024-01-22,SKU0035,146,0,22,45
2024-01-29,SKU0035,123,26,22,45
2024-02-05,SKU0035,113,0,22,45
2024-02-12,SKU0035,85,0,22,45
2024-02-19,SKU0035,79,0,22,45
2024-02-26,SKU0035,56,0,22,45
2024-03-04,SKU0035,47,0,22,45
2024-03-11,SKU0035,207,166,22,45
2024-03-18,SKU0035,193,16,22,45
2024-03-25,SKU0035,180,0,22,45
2024-04-01,SKU0035,171,0,22,45
2024-04-08,SKU0035,164,8,22,45
2024-04-15,SKU0035,155,25,22,45
2024-04-22,SKU0035,136,0,22,45
2024-04-29,SKU0035,109,0,22,45
2024-05-06,SKU0035,77,7,22,45
2024-05-13,SKU0035,53,0,22,45
2024-05-20,SKU0035,203,171,22,45
2024-05-27,SKU0035,185,0,22,45
2024-06-03,SKU0035,153,0,22,45
2024-06-10,SKU0035,142,16,22,45
2024-06-17,SKU0035,122,25,22,45
2024-06-24,SKU0035,103,0,22,45
2024-07-01,SKU0035,92,0,22,45
2024-07-08,SKU0035,74,0,22,45
2024-07-15,SKU0035,41,0,22,45
2024-07-22,SKU0035,118,96,22,45
2024-07-29,SKU0035,111,0,22,45
2024-08-05,SKU0035,82,0,22,45
2024-08-12,SKU0035,57,0,22,45
2024-08-19,SKU0035,212,188,22,45
2024-08-26,SKU0035,195,0,22,45
2024-09-02,SKU0035,189,15,22,45
2024-09-09,SKU0035,182,0,22,45
2024-09-16,SKU0035,159,0,22,45
2024-09-23,SKU0035,126,0,22,45
2024-09-30,SKU0035,116,0,22,45
2024-10-07,SKU0035,87,0,22,45
2024-10-14,SKU0035,73,0,22,45
2024-10-21,SKU0035,58,0,22,45
2024-10-28,SKU0035,214,190,22,45
2024-11-04,SKU0035,181,0,22,45
2024-11-11,SKU0035,162,0,22,45
2024-11-18,SKU0035,144,4,22,45
2024-11-25,SKU0035,126,0,22,45
2024-12-02,SKU0035,100,0,22,45
2024-12-09,SKU0035,90,0,22,45
2024-12-16,SKU0035,83,5,22,45
2024-12-23,SKU0035,78,0,22,45
2024-12-30,SKU0035,71,0,22,45
2025-01-06,SKU0035,60,2,22,45
2025-01-13,SKU0035,54,0,22,45
2025-01-20,SKU0035,30,0,22,45
2025-01-27,SKU0035,165,146,22,45
2025-02-03,SKU0035,137,0,22,45
2025-02-10,SKU0035,110,11,22,45
2025-02-17,SKU0035,76,0,22,45
2025-02-24,SKU0035,46,0,22,45
2025-03-03,SKU0035,279,244,22,45
2025-03-10,SKU0035,263,0,22,45
2025-03-17,SKU0035,232,0,22,45
2025-03-24,SKU0035,202,0,22,45
2025-03-31,SKU0035,170,3,22,45
2025-04-07,SKU0035,142,0,22,45
2025-04-14,SKU0035,109,0,22,45
2025-04-21,SKU0035,85,0,22,45
2025-04-28,SKU0035,56,0,22,45
2025-05-05,SKU0035,227,182,22,45
2025-05-12,SKU0035,218,0,22,45
2025-05-19,SKU0035,188,0,22,45
2025-05-26,SKU0035,181,0,22,45
2025-06-02,SKU0035,174,0,22,45
2025-06-09,SKU0035,159,9,22,45
2025-06-16,SKU0035,129,0,22,45
2025-06-23,SKU0035,98,0,22,45
2025-06-30,SKU0035,89,0,22,45
2025-07-07,SKU0035,83,0,22,45
2025-07-14,SKU0035,63,0,22,45
2025-07-21,SKU0035,221,182,22,45
2025-07-28,SKU0035,209,0,22,45
2025-08-04,SKU0035,193,18,22,45
2025-08-11,SKU0035,171,25,22,45
2025-08-18,SKU0035,141,0,22,45
2025-08-25,SKU0035,129,0,22,45
2025-09-01,SKU0035,112,0,22,45
2025-09-08,SKU0035,105,0,22,45
2025-09-15,SKU0035,72,0,22,45
2025-09-22,SKU0035,248,206,22,45
2025-09-29,SKU0035,236,0,22,45
2025-10-06,SKU0035,219,17,22,45
2025-10-13,SKU0035,193,0,22,45
2025-10-20,SKU0035,159,0,22,45
2025-10-27,SKU0035,127,0,22,45
2025-11-03,SKU0035,110,0,22,45
2025-11-10,SKU0035,97,0,22,45
2025-11-17,SKU0035,80,0,22,45
2025-11-24,SKU0035,54,0,22,45
2025-12-01,SKU0035,22,0,22,45
2025-12-08,SKU0035,212,212,22,45
2025-12-15,SKU0035,199,0,22,45
2025-12-22,SKU0035,184,0,22,45
2025-12-29,SKU0035,170,0,22,45
2024-01-01,SKU0036,248,0,17,40
2024-01-08,SKU0036,216,15,17,40
2024-01-15,SKU0036,183,0,17,40
2024-01-22,SKU0036,152,0,17,40
2024-01-29,SKU0036,140,0,17,40
2024-02-05,SKU0036,129,0,17,40
2024-02-12,SKU0036,111,26,17,40
2024-02-19,SKU0036,97,0,17,40
2024-02-26,SKU0036,63,0,17,40
2024-03-04,SKU0036,153,114,17,40
2024-03-11,SKU0036,128,0,17,40
2024-03-18,SKU0036,97,0,17,40
2024-03-25,SKU0036,77,0,17,40
2024-04-01,SKU0036,51,0,17,40
2024-04-08,SKU0036,242,208,17,40
2024-04-15,SKU0036,232,0,17,40
2024-04-22,SKU0036,201,27,17,40
2024-04-29,SKU0036,167,0,17,40
2024-05-06,SKU0036,150,0,17,40
2024-05-13,SKU0036,141,0,17,40
2024-05-20,SKU0036,131,0,17,40
2024-05-27,SKU0036,122,0,17,40
2024-06-03,SKU0036,104,23,17,40
2024-06-10,SKU0036,99,0,17,40
2024-06-17,SKU0036,78,9,17,40
2024-06-24,SKU0036,67,2,17,40
2024-07-01,SKU0036,47,3,17,40
2024-07-08,SKU0036,21,0,17,40
2024-07-15,SKU0036,193,190,17,40
2024-07-22,SKU0036,176,0,17,40
2024-07-29,SKU0036,171,0,17,40
2024-08-05,SKU0036,152,0,17,40
2024-08-12,SKU0036,119,2,17,40
2024-08-19,SKU0036,101,0,17,40
2024-08-26,SKU0036,93,0,17,40
2024-09-02,SKU0036,62,0,17,40
2024-09-09,SKU0036,39,0,17,40
2024-09-16,SKU0036,254,235,17,40
2024-09-23,SKU0036,249,6,17,40
2024-09-30,SKU0036,233,0,17,40
2024-10-07,SKU0036,201,0,17,40
2024-10-14,SKU0036,192,0,17,40
2024-10-21,SKU0036,178,0,17,40
2024-10-28,SKU0036,170,0,17,40
2024-11-04,SKU0036,146,0,17,40
2024-11-11,SKU0036,130,0,17,40
2024-11-18,SKU0036,99,0,17,40
2024-11-25,SKU0036,69,0,17,40
2024-12-02,SKU0036,44,0,17,40
2024-12-09,SKU0036,12,0,17,40
2024-12-16,SKU0036,7,0,17,40
2024-12-23,SKU0036,0,0,17,40
2024-12-30,SKU0036,130,130,17,40
2025-01-06,SKU0036,98,0,17,40
2025-01-13,SKU0036,79,0,17,40
2025-01-20,SKU0036,45,0,17,40
2025-01-27,SKU0036,18,0,17,40
2025-02-03,SKU0036,212,201,17,40
2025-02-10,SKU0036,203,0,17,40
2025-02-17,SKU0036,176,0,17,40
2025-02-24,SKU0036,170,0,17,40
2025-03-03,SKU0036,149,0,17,40
2025-03-10,SKU0036,119,0,17,40
2025-03-17,SKU0036,92,0,17,40
2025-03-24,SKU0036,64,0,17,40
2025-03-31,SKU0036,47,0,17,40
2025-04-07,SKU0036,198,176,17,40
2025-04-14,SKU0036,193,0,17,40
2025-04-21,SKU0036,187,0,17,40
2025-04-28,SKU0036,168,0,17,40
2025-05-05,SKU0036,156,0,17,40
2025-05-12,SKU0036,149,0,17,40
2025-05-19,SKU0036,131,0,17,40
2025-05-26,SKU0036,126,0,17,40
2025-06-02,SKU0036,92,0,17,40
2025-06-09,SKU0036,87,19,17,40
2025-06-16,SKU0036,74,0,17,40
2025-06-23,SKU0036,40,0,17,40
2025-06-30,SKU0036,18,4,17,40
2025-07-07,SKU0036,155,155,17,40
2025-07-14,SKU0036,145,0,17,40
2025-07-21,SKU0036,129,0,17,40
2025-07-28,SKU0036,122,0,17,40
2025-08-04,SKU0036,108,0,17,40
2025-08-11,SKU0036,76,23,17,40
2025-08-18,SKU0036,45,28,17,40
2025-08-25,SKU0036,200,180,17,40
2025-09-01,SKU0036,173,23,17,40
2025-09-08,SKU0036,145,0,17,40
2025-09-15,SKU0036,135,0,17,40
2025-09-22,SKU0036,116,0,17,40
2025-09-29,SKU0036,84,0,17,40
2025-10-06,SKU0036,60,0,17,40
2025-10-13,SKU0036,54,0,17,40
2025-10-20,SKU0036,253,233,17,40
2025-10-27,SKU0036,242,0,17,40
2025-11-03,SKU0036,233,0,17,40
2025-11-10,SKU0036,199,0,17,40
2025-11-17,SKU0036,179,8,17,40
2025-11-24,SKU0036,166,0,17,40
2025-12-01,SKU0036,152,21,17,40
2025-12-08,SKU0036,132,13,17,40
2025-12-15,SKU0036,114,0,17,40
2025-12-22,SKU0036,106,0,17,40
2025-12-29,SKU0036,74,0,17,40
2024-01-01,SKU0037,234,0,11,26
2024-01-08,SKU0037,202,0,11,26
2024-01-15,SKU0037,195,25,11,26
2024-01-22,SKU0037,189,0,11,26
2024-01-29,SKU0037,168,0,11,26
2024-02-05,SKU0037,155,0,11,26
2024-02-12,SKU0037,125,0,11,26
2024-02-19,SKU0037,93,2,11,26
2024-02-26,SKU0037,84,0,11,26
2024-03-04,SKU0037,68,17,11,26
2024-03-11,SKU0037,37,0,11,26
2024-03-18,SKU0037,29,0,11,26
2024-03-25,SKU0037,180,169,11,26
2024-04-01,SKU0037,147,0,11,26
2024-04-08,SKU0037,115,0,11,26
2024-04-15,SKU0037,90,0,11,26
2024-04-22,SKU0037,67,0,11,26
2024-04-29,SKU0037,44,0,11,26
2024-05-06,SKU0037,39,0,11,26
2024-05-13,SKU0037,19,0,11,26
2024-05-20,SKU0037,194,186,11,26
2024-05-27,SKU0037,161,0,11,26
2024-06-03,SKU0037,134,0,11,26
2024-06-10,SKU0037,119,0,11,26
2024-06-17,SKU0037,90,0,11,26
2024-06-24,SKU0037,78,0,11,26
2024-07-01,SKU0037,68,0,11,26
2024-07-08,SKU0037,47,0,11,26
2024-07-15,SKU0037,42,0,11,26
2024-07-22,SKU0037,28,0,11,26
2024-07-29,SKU0037,8,0,11,26
2024-08-05,SKU0037,0,0,11,26
2024-08-12,SKU0037,232,232,11,26
2024-08-19,SKU0037,219,2,11,26
2024-08-26,SKU0037,203,25,11,26
2024-09-02,SKU0037,195,0,11,26
2024-09-09,SKU0037,179,0,11,26
2024-09-16,SKU0037,170,18,11,26
2024-09-23,SKU0037,140,0,11,26
2024-09-30,SKU0037,119,3,11,26
2024-10-07,SKU0037,100,0,11,26
2024-10-14,SKU0037,74,0,11,26
2024-10-21,SKU0037,65,0,11,26
2024-10-28,SKU0037,57,9,11,26
2024-11-04,SKU0037,40,0,11,26
2024-11-11,SKU0037,128,121,11,26
2024-11-18,SKU0037,106,0,11,26
2024-11-25,SKU0037,77,0,11,26
2024-12-02,SKU0037,60,6,11,26
2024-12-09,SKU0037,28,0,11,26
2024-12-16,SKU0037,187,179,11,26
2024-12-23,SKU0037,171,0,11,26
2024-12-30,SKU0037,146,18,11,26
2025-01-06,SKU0037,115,0,11,26
2025-01-13,SKU0037,104,0,11,26
2025-01-20,SKU0037,76,27,11,26
2025-01-27,SKU0037,50,0,11,26
2025-02-03,SKU0037,44,11,11,26
2025-02-10,SKU0037,237,219,11,26
2025-02-17,SKU0037,210,0,11,26
2025-02-24,SKU0037,195,0,11,26
2025-03-03,SKU0037,188,28,11,26
2025-03-10,SKU0037,156,0,11,26
2025-03-17,SKU0037,129,0,11,26
2025-03-24,SKU0037,105,0,11,26
2025-03-31,SKU0037,85,0,11,26
2025-04-07,SKU0037,65,0,11,26
2025-04-14,SKU0037,57,0,11,26
2025-04-21,SKU0037,35,0,11,26
2025-04-28,SKU0037,175,152,11,26
2025-05-05,SKU0037,149,26,11,26
2025-05-12,SKU0037,120,0,11,26
2025-05-19,SKU0037,90,0,11,26
2025-05-26,SKU0037,62,0,11,26
2025-06-02,SKU0037,33,26,11,26
2025-06-09,SKU0037,124,121,11,26
2025-06-16,SKU0037,110,0,11,26
2025-06-23,SKU0037,91,0,11,26
2025-06-30,SKU0037,73,10,11,26
2025-07-07,SKU0037,55,0,11,26
2025-07-14,SKU0037,31,0,11,26
2025-07-21,SKU0037,25,0,11,26
2025-07-28,SKU0037,6,0,11,26
2025-08-04,SKU0037,84,84,11,26
2025-08-11,SKU0037,51,0,11,26
2025-08-18,SKU0037,36,0,11,26
2025-08-25,SKU0037,226,211,11,26
2025-09-01,SKU0037,220,0,11,26
2025-09-08,SKU0037,189,0,11,26
2025-09-15,SKU0037,160,0,11,26
2025-09-22,SKU0037,134,10,11,26
2025-09-29,SKU0037,115,0,11,26
2025-10-06,SKU0037,89,0,11,26
2025-10-13,SKU0037,76,0,11,26
2025-10-20,SKU0037,53,10,11,26
2025-10-27,SKU0037,35,0,11,26
2025-11-03,SKU0037,125,108,11,26
2025-11-10,SKU0037,103,18,11,26
2025-11-17,SKU0037,94,0,11,26
2025-11-24,SKU0037,85,0,11,26
2025-12-01,SKU0037,78,0,11,26
2025-12-08,SKU0037,55,0,11,26
2025-12-15,SKU0037,32,0,11,26
2025-12-22,SKU0037,5,0,11,26
2025-12-29,SKU0037,146,146,11,26
2024-01-01,SKU0038,158,0,16,18
2024-01-08,SKU0038,153,11,16,18
2024-01-15,SKU0038,141,0,16,18
2024-01-22,SKU0038,128,0,16,18
2024-01-29,SKU0038,104,0,16,18
2024-02-05,SKU0038,75,0,16,18
2024-02-12,SKU0038,64,23,16,18
2024-02-19,SKU0038,41,29,16,18
2024-02-26,SKU0038,9,0,16,18
2024-03-04,SKU0038,102,102,16,18
2024-03-11,SKU0038,87,22,16,18
2024-03-18,SKU0038,82,10,16,18
2024-03-25,SKU0038,75,0,16,18
2024-04-01,SKU0038,68,0,16,18
2024-04-08,SKU0038,48,0,16,18
2024-04-15,SKU0038,38,0,16,18
2024-04-22,SKU0038,33,0,16,18
2024-04-29,SKU0038,245,234,16,18
2024-05-06,SKU0038,215,0,16,18
2024-05-13,SKU0038,208,0,16,18
2024-05-20,SKU0038,195,0,16,18
2024-05-27,SKU0038,178,7,16,18
2024-06-03,SKU0038,156,0,16,18
2024-06-10,SKU0038,123,0,16,18
2024-06-17,SKU0038,98,0,16,18
2024-06-24,SKU0038,93,0,16,18
2024-07-01,SKU0038,64,0,16,18
2024-07-08,SKU0038,51,0,16,18
2024-07-15,SKU0038,35,0,16,18
2024-07-22,SKU0038,4,0,16,18
2024-07-29,SKU0038,221,221,16,18
2024-08-05,SKU0038,205,0,16,18
2024-08-12,SKU0038,194,0,16,18
2024-08-19,SKU0038,179,0,16,18
2024-08-26,SKU0038,172,0,16,18
2024-09-02,SKU0038,156,17,16,18
2024-09-09,SKU0038,132,0,16,18
2024-09-16,SKU0038,125,0,16,18
2024-09-23,SKU0038,107,0,16,18
2024-09-30,SKU0038,95,0,16,18
2024-10-07,SKU0038,65,0,16,18
2024-10-14,SKU0038,58,0,16,18
2024-10-21,SKU0038,32,0,16,18
2024-10-28,SKU0038,22,0,16,18
2024-11-04,SKU0038,100,99,16,18
2024-11-11,SKU0038,79,14,16,18
2024-11-18,SKU0038,62,0,16,18
2024-11-25,SKU0038,49,0,16,18
2024-12-02,SKU0038,30,0,16,18
2024-12-09,SKU0038,228,211,16,18
2024-12-16,SKU0038,221,0,16,18
2024-12-23,SKU0038,188,0,16,18
2024-12-30,SKU0038,161,0,16,18
2025-01-06,SKU0038,151,0,16,18
2025-01-13,SKU0038,143,0,16,18
2025-01-20,SKU0038,135,23,16,18
2025-01-27,SKU0038,111,3,16,18
2025-02-03,SKU0038,103,0,16,18
2025-02-10,SKU0038,87,0,16,18
2025-02-17,SKU0038,63,0,16,18
2025-02-24,SKU0038,45,0,16,18
2025-03-03,SKU0038,39,0,16,18
2025-03-10,SKU0038,12,0,16,18
2025-03-17,SKU0038,7,0,16,18
2025-03-24,SKU0038,185,185,16,18
2025-03-31,SKU0038,157,0,16,18
2025-04-07,SKU0038,123,7,16,18
2025-04-14,SKU0038,117,0,16,18
2025-04-21,SKU0038,102,0,16,18
2025-04-28,SKU0038,68,0,16,18
2025-05-05,SKU0038,48,0,16,18
2025-05-12,SKU0038,137,123,16,18
2025-05-19,SKU0038,114,18,16,18
2025-05-26,SKU0038,103,0,16,18
2025-06-02,SKU0038,81,0,16,18
2025-06-09,SKU0038,70,0,16,18
2025-06-16,SKU0038,40,0,16,18
2025-06-23,SKU0038,24,0,16,18
2025-06-30,SKU0038,113,103,16,18
2025-07-07,SKU0038,85,0,16,18
2025-07-14,SKU0038,73,0,16,18
2025-07-21,SKU0038,62,0,16,18
2025-07-28,SKU0038,54,0,16,18
2025-08-04,SKU0038,38,0,16,18
2025-08-11,SKU0038,31,0,16,18
2025-08-18,SKU0038,157,140,16,18
2025-08-25,SKU0038,132,0,16,18
2025-09-01,SKU0038,126,0,16,18
2025-09-08,SKU0038,106,0,16,18
2025-09-15,SKU0038,81,0,16,18
2025-09-22,SKU0038,73,0,16,18
2025-09-29,SKU0038,58,0,16,18
2025-10-06,SKU0038,25,0,16,18
2025-10-13,SKU0038,20,0,16,18
2025-10-20,SKU0038,98,98,16,18
2025-10-27,SKU0038,67,0,16,18
2025-11-03,SKU0038,43,0,16,18
2025-11-10,SKU0038,17,0,16,18
2025-11-17,SKU0038,215,215,16,18
2025-11-24,SKU0038,192,0,16,18
2025-12-01,SKU0038,179,0,16,18
2025-12-08,SKU0038,156,22,16,18
2025-12-15,SKU0038,145,3,16,18
2025-12-22,SKU0038,137,0,16,18
2025-12-29,SKU0038,115,0,16,18
2024-01-01,SKU0039,66,0,18,57
2024-01-08,SKU0039,51,0,18,57
2024-01-15,SKU0039,44,0,18,57
2024-01-22,SKU0039,25,0,18,57
2024-01-29,SKU0039,1,0,18,57
2024-02-05,SKU0039,0,0,18,57
2024-02-12,SKU0039,0,0,18,57
2024-02-19,SKU0039,0,0,18,57
2024-02-26,SKU0039,0,0,18,57
2024-03-04,SKU0039,158,158,18,57
2024-03-11,SKU0039,138,0,18,57
2024-03-18,SKU0039,127,0,18,57
2024-03-25,SKU0039,117,0,18,57
2024-04-01,SKU0039,109,0,18,57
2024-04-08,SKU0039,95,0,18,57
2024-04-15,SKU0039,78,0,18,57
2024-04-22,SKU0039,52,0,18,57
2024-04-29,SKU0039,46,0,18,57
2024-05-06,SKU0039,248,228,18,57
2024-05-13,SKU0039,235,0,18,57
2024-05-20,SKU0039,202,0,18,57
2024-05-27,SKU0039,183,0,18,57
2024-06-03,SKU0039,150,0,18,57
2024-06-10,SKU0039,134,0,18,57
2024-06-17,SKU0039,102,0,18,57
2024-06-24,SKU0039,76,0,18,57
2024-07-01,SKU0039,42,17,18,57
2024-07-08,SKU0039,11,0,18,57
2024-07-15,SKU0039,244,244,18,57
2024-07-22,SKU0039,223,0,18,57
2024-07-29,SKU0039,211,0,18,57
2024-08-05,SKU0039,179,23,18,57
2024-08-12,SKU0039,157,0,18,57
2024-08-19,SKU0039,132,0,18,57
2024-08-26,SKU0039,125,0,18,57
2024-09-02,SKU0039,95,0,18,57
2024-09-09,SKU0039,85,0,18,57
2024-09-16,SKU0039,58,0,18,57
2024-09-23,SKU0039,253,223,18,57
2024-09-30,SKU0039,220,0,18,57
2024-10-07,SKU0039,191,0,18,57
2024-10-14,SKU0039,186,22,18,57
2024-10-21,SKU0039,158,0,18,57
2024-10-28,SKU0039,135,0,18,57
2024-11-04,SKU0039,101,0,18,57
2024-11-11,SKU0039,85,0,18,57
2024-11-18,SKU0039,58,0,18,57
2024-11-25,SKU0039,229,181,18,57
2024-12-02,SKU0039,222,0,18,57
2024-12-09,SKU0039,190,0,18,57
2024-12-16,SKU0039,182,0,18,57
2024-12-23,SKU0039,170,0,18,57
2024-12-30,SKU0039,150,0,18,57
2025-01-06,SKU0039,119,0,18,57
2025-01-13,SKU0039,92,0,18,57
2025-01-20,SKU0039,72,0,18,57
2025-01-27,SKU0039,45,0,18,57
2025-02-03,SKU0039,35,0,18,57
2025-02-10,SKU0039,15,7,18,57
2025-02-17,SKU0039,181,171,18,57
2025-02-24,SKU0039,174,0,18,57
2025-03-03,SKU0039,152,0,18,57
2025-03-10,SKU0039,147,0,18,57
2025-03-17,SKU0039,118,0,18,57
2025-03-24,SKU0039,84,15,18,57
2025-03-31,SKU0039,79,0,18,57
2025-04-07,SKU0039,59,0,18,57
2025-04-14,SKU0039,262,237,18,57
2025-04-21,SKU0039,243,6,18,57
2025-04-28,SKU0039,223,0,18,57
2025-05-05,SKU0039,216,0,18,57
2025-05-12,SKU0039,204,0,18,57
2025-05-19,SKU0039,175,0,18,57
2025-05-26,SKU0039,170,0,18,57
2025-06-02,SKU0039,152,3,18,57
2025-06-09,SKU0039,132,18,18,57
2025-06-16,SKU0039,103,0,18,57
2025-06-23,SKU0039,76,0,18,57
2025-06-30,SKU0039,68,19,18,57
2025-07-07,SKU0039,145,94,18,57
2025-07-14,SKU0039,138,0,18,57
2025-07-21,SKU0039,105,0,18,57
2025-07-28,SKU0039,91,0,18,57
2025-08-04,SKU0039,77,0,18,57
2025-08-11,SKU0039,289,246,18,57
2025-08-18,SKU0039,269,0,18,57
2025-08-25,SKU0039,253,2,18,57
2025-09-01,SKU0039,237,0,18,57
2025-09-08,SKU0039,206,0,18,57
2025-09-15,SKU0039,197,0,18,57
2025-09-22,SKU0039,179,5,18,57
2025-09-29,SKU0039,172,8,18,57
2025-10-06,SKU0039,156,0,18,57
2025-10-13,SKU0039,140,0,18,57
2025-10-20,SKU0039,120,0,18,57
2025-10-27,SKU0039,87,0,18,57
2025-11-03,SKU0039,80,0,18,57
2025-11-10,SKU0039,203,147,18,57
2025-11-17,SKU0039,183,0,18,57
2025-11-24,SKU0039,167,0,18,57
2025-12-01,SKU0039,149,0,18,57
2025-12-08,SKU0039,133,0,18,57
2025-12-15,SKU0039,125,0,18,57
2025-12-22,SKU0039,113,0,18,57
2025-12-29,SKU0039,83,0,18,57
2024-01-01,SKU0040,259,0,21,47
2024-01-08,SKU0040,248,8,21,47
2024-01-15,SKU0040,214,0,21,47
2024-01-22,SKU0040,200,0,21,47
2024-01-29,SKU0040,179,0,21,47
2024-02-05,SKU0040,149,0,21,47
2024-02-12,SKU0040,143,0,21,47
2024-02-19,SKU0040,131,0,21,47
2024-02-26,SKU0040,124,7,21,47
2024-03-04,SKU0040,94,0,21,47
2024-03-11,SKU0040,79,0,21,47
2024-03-18,SKU0040,49,0,21,47
2024-03-25,SKU0040,285,242,21,47
2024-04-01,SKU0040,261,0,21,47
2024-04-08,SKU0040,252,10,21,47
2024-04-15,SKU0040,220,0,21,47
2024-04-22,SKU0040,187,0,21,47
2024-04-29,SKU0040,181,0,21,47
2024-05-06,SKU0040,161,0,21,47
2024-05-13,SKU0040,139,0,21,47
2024-05-20,SKU0040,123,0,21,47
2024-05-27,SKU0040,110,0,21,47
2024-06-03,SKU0040,86,8,21,47
2024-06-10,SKU0040,53,0,21,47
2024-06-17,SKU0040,42,0,21,47
2024-06-24,SKU0040,252,223,21,47
2024-07-01,SKU0040,222,0,21,47
2024-07-08,SKU0040,188,0,21,47
2024-07-15,SKU0040,170,29,21,47
2024-07-22,SKU0040,153,0,21,47
2024-07-29,SKU0040,135,20,21,47
2024-08-05,SKU0040,116,0,21,47
2024-08-12,SKU0040,105,18,21,47
2024-08-19,SKU0040,88,0,21,47
2024-08-26,SKU0040,76,22,21,47
2024-09-02,SKU0040,48,0,21,47
2024-09-09,SKU0040,157,139,21,47
2024-09-16,SKU0040,130,0,21,47
2024-09-23,SKU0040,116,0,21,47
2024-09-30,SKU0040,93,0,21,47
2024-10-07,SKU0040,88,0,21,47
2024-10-14,SKU0040,54,0,21,47
2024-10-21,SKU0040,45,0,21,47
2024-10-28,SKU0040,119,101,21,47
2024-11-04,SKU0040,110,0,21,47
2024-11-11,SKU0040,95,0,21,47
2024-11-18,SKU0040,77,0,21,47
2024-11-25,SKU0040,72,0,21,47
2024-12-02,SKU0040,40,14,21,47
2024-12-09,SKU0040,129,110,21,47
2024-12-16,SKU0040,109,0,21,47
2024-12-23,SKU0040,100,0,21,47
2024-12-30,SKU0040,73,0,21,47
2025-01-06,SKU0040,64,0,21,47
2025-01-13,SKU0040,33,0,21,47
2025-01-20,SKU0040,222,222,21,47
2025-01-27,SKU0040,204,0,21,47
2025-02-03,SKU0040,188,10,21,47
2025-02-10,SKU0040,182,0,21,47
2025-02-17,SKU0040,165,0,21,47
2025-02-24,SKU0040,151,0,21,47
2025-03-03,SKU0040,142,0,21,47
2025-03-10,SKU0040,123,0,21,47
2025-03-17,SKU0040,110,0,21,47
2025-03-24,SKU0040,94,0,21,47
2025-03-31,SKU0040,66,12,21,47
2025-04-07,SKU0040,35,0,21,47
2025-04-14,SKU0040,171,143,21,47
2025-04-21,SKU0040,140,0,21,47
2025-04-28,SKU0040,135,0,21,47
2025-05-05,SKU0040,101,0,21,47
2025-05-12,SKU0040,84,26,21,47
2025-05-19,SKU0040,74,0,21,47
2025-05-26,SKU0040,52,0,21,47
2025-06-02,SKU0040,32,0,21,47
2025-06-09,SKU0040,229,218,21,47
2025-06-16,SKU0040,197,0,21,47
2025-06-23,SKU0040,172,0,21,47
2025-06-30,SKU0040,162,0,21,47
2025-07-07,SKU0040,152,4,21,47
2025-07-14,SKU0040,132,15,21,47
2025-07-21,SKU0040,108,22,21,47
2025-07-28,SKU0040,103,0,21,47
2025-08-04,SKU0040,73,0,21,47
2025-08-11,SKU0040,63,0,21,47
2025-08-18,SKU0040,56,6,21,47
2025-08-25,SKU0040,32,0,21,47
2025-09-01,SKU0040,185,169,21,47
2025-09-08,SKU0040,162,0,21,47
2025-09-15,SKU0040,146,0,21,47
2025-09-22,SKU0040,116,0,21,47
2025-09-29,SKU0040,98,0,21,47
2025-10-06,SKU0040,72,0,21,47
2025-10-13,SKU0040,46,29,21,47
2025-10-20,SKU0040,16,0,21,47
2025-10-27,SKU0040,129,129,21,47
2025-11-03,SKU0040,99,0,21,47
2025-11-10,SKU0040,74,16,21,47
2025-11-17,SKU0040,60,0,21,47
2025-11-24,SKU0040,42,22,21,47
2025-12-01,SKU0040,11,0,21,47
2025-12-08,SKU0040,83,83,21,47
2025-12-15,SKU0040,74,0,21,47
2025-12-22,SKU0040,68,0,21,47
2025-12-29,SKU0040,53,0,21,47
2024-01-01,SKU0041,258,27,13,53
2024-01-08,SKU0041,227,0,13,53
2024-01-15,SKU0041,215,0,13,53
2024-01-22,SKU0041,208,0,13,53
2024-01-29,SKU0041,192,0,13,53
2024-02-05,SKU0041,173,0,13,53
2024-02-12,SKU0041,146,21,13,53
2024-02-19,SKU0041,137,4,13,53
2024-02-26,SKU0041,105,0,13,53
2024-03-04,SKU0041,90,23,13,53
2024-03-11,SKU0041,76,17,13,53
2024-03-18,SKU0041,66,0,13,53
2024-03-25,SKU0041,50,16,13,53
2024-04-01,SKU0041,26,0,13,53
2024-04-08,SKU0041,21,0,13,53
2024-04-15,SKU0041,221,207,13,53
2024-04-22,SKU0041,197,0,13,53
2024-04-29,SKU0041,165,0,13,53
2024-05-06,SKU0041,146,0,13,53
2024-05-13,SKU0041,141,0,13,53
2024-05-20,SKU0041,134,5,13,53
2024-05-27,SKU0041,118,0,13,53
2024-06-03,SKU0041,97,0,13,53
2024-06-10,SKU0041,84,0,13,53
2024-06-17,SKU0041,70,9,13,53
2024-06-24,SKU0041,40,0,13,53
2024-07-01,SKU0041,123,114,13,53
2024-07-08,SKU0041,117,14,13,53
2024-07-15,SKU0041,101,0,13,53
2024-07-22,SKU0041,72,0,13,53
2024-07-29,SKU0041,46,0,13,53
2024-08-05,SKU0041,164,127,13,53
2024-08-12,SKU0041,142,0,13,53
2024-08-19,SKU0041,131,0,13,53
2024-08-26,SKU0041,118,0,13,53
2024-09-02,SKU0041,94,0,13,53
2024-09-09,SKU0041,84,0,13,53
2024-09-16,SKU0041,60,20,13,53
2024-09-23,SKU0041,192,164,13,53
2024-09-30,SKU0041,179,0,13,53
2024-10-07,SKU0041,167,0,13,53
2024-10-14,SKU0041,161,0,13,53
2024-10-21,SKU0041,156,0,13,53
2024-10-28,SKU0041,141,0,13,53
2024-11-04,SKU0041,127,3,13,53
2024-11-11,SKU0041,104,0,13,53
2024-11-18,SKU0041,95,0,13,53
2024-11-25,SKU0041,87,0,13,53
2024-12-02,SKU0041,68,0,13,53
2024-12-09,SKU0041,55,0,13,53
2024-12-16,SKU0041,46,0,13,53
2024-12-23,SKU0041,20,0,13,53
2024-12-30,SKU0041,104,104,13,53
2025-01-06,SKU0041,97,25,13,53
2025-01-13,SKU0041,69,0,13,53
2025-01-20,SKU0041,274,237,13,53
2025-01-27,SKU0041,268,0,13,53
2025-02-03,SKU0041,238,0,13,53
2025-02-10,SKU0041,225,16,13,53
2025-02-17,SKU0041,219,0,13,53
2025-02-24,SKU0041,212,0,13,53
2025-03-03,SKU0041,195,0,13,53
2025-03-10,SKU0041,180,0,13,53
2025-03-17,SKU0041,157,28,13,53
2025-03-24,SKU0041,137,0,13,53
2025-03-31,SKU0041,129,0,13,53
2025-04-07,SKU0041,101,3,13,53
2025-04-14,SKU0041,82,0,13,53
2025-04-21,SKU0041,71,3,13,53
2025-04-28,SKU0041,60,0,13,53
2025-05-05,SKU0041,29,0,13,53
2025-05-12,SKU0041,182,182,13,53
2025-05-19,SKU0041,148,0,13,53
2025-05-26,SKU0041,115,0,13,53
2025-06-02,SKU0041,94,0,13,53
2025-06-09,SKU0041,67,0,13,53
2025-06-16,SKU0041,130,83,13,53
2025-06-23,SKU0041,97,0,13,53
2025-06-30,SKU0041,65,0,13,53
2025-07-07,SKU0041,43,0,13,53
2025-07-14,SKU0041,113,96,13,53
2025-07-21,SKU0041,90,0,13,53
2025-07-28,SKU0041,66,0,13,53
2025-08-04,SKU0041,58,0,13,53
2025-08-11,SKU0041,132,105,13,53
2025-08-18,SKU0041,124,3,13,53
2025-08-25,SKU0041,111,0,13,53
2025-09-01,SKU0041,102,22,13,53
2025-09-08,SKU0041,77,29,13,53
2025-09-15,SKU0041,63,0,13,53
2025-09-22,SKU0041,41,0,13,53
2025-09-29,SKU0041,215,201,13,53
2025-10-06,SKU0041,184,0,13,53
2025-10-13,SKU0041,179,14,13,53
2025-10-20,SKU0041,164,0,13,53
2025-10-27,SKU0041,147,0,13,53
2025-11-03,SKU0041,115,0,13,53
2025-11-10,SKU0041,85,21,13,53
2025-11-17,SKU0041,59,0,13,53
2025-11-24,SKU0041,53,0,13,53
2025-12-01,SKU0041,191,160,13,53
2025-12-08,SKU0041,170,0,13,53
2025-12-15,SKU0041,158,0,13,53
2025-12-22,SKU0041,150,0,13,53
2025-12-29,SKU0041,127,0,13,53
2024-01-01,SKU0042,161,10,23,43
2024-01-08,SKU0042,137,0,23,43
2024-01-15,SKU0042,127,17,23,43
2024-01-22,SKU0042,105,0,23,43
2024-01-29,SKU0042,73,20,23,43
2024-02-05,SKU0042,62,28,23,43
2024-02-12,SKU0042,171,137,23,43
2024-02-19,SKU0042,161,0,23,43
2024-02-26,SKU0042,146,0,23,43
2024-03-04,SKU0042,131,0,23,43
2024-03-11,SKU0042,113,0,23,43
2024-03-18,SKU0042,93,0,23,43
2024-03-25,SKU0042,78,0,23,43
2024-04-01,SKU0042,61,0,23,43
2024-04-08,SKU0042,49,0,23,43
2024-04-15,SKU0042,17,0,23,43
2024-04-22,SKU0042,225,214,23,43
2024-04-29,SKU0042,195,0,23,43
2024-05-06,SKU0042,187,0,23,43
2024-05-13,SKU0042,182,0,23,43
2024-05-20,SKU0042,169,22,23,43
2024-05-27,SKU0042,164,0,23,43
2024-06-03,SKU0042,133,0,23,43
2024-06-10,SKU0042,107,0,23,43
2024-06-17,SKU0042,87,2,23,43
2024-06-24,SKU0042,67,0,23,43
2024-07-01,SKU0042,45,0,23,43
2024-07-08,SKU0042,222,187,23,43
2024-07-15,SKU0042,195,0,23,43
2024-07-22,SKU0042,170,0,23,43
2024-07-29,SKU0042,140,0,23,43
2024-08-05,SKU0042,132,0,23,43
2024-08-12,SKU0042,109,20,23,43
2024-08-19,SKU0042,84,0,23,43
2024-08-26,SKU0042,56,0,23,43
2024-09-02,SKU0042,36,0,23,43
2024-09-09,SKU0042,96,83,23,43
2024-09-16,SKU0042,75,0,23,43
2024-09-23,SKU0042,60,8,23,43
2024-09-30,SKU0042,50,0,23,43
2024-10-07,SKU0042,28,0,23,43
2024-10-14,SKU0042,198,198,23,43
2024-10-21,SKU0042,190,6,23,43
2024-10-28,SKU0042,174,7,23,43
2024-11-04,SKU0042,159,0,23,43
2024-11-11,SKU0042,136,0,23,43
2024-11-18,SKU0042,116,6,23,43
2024-11-25,SKU0042,103,0,23,43
2024-12-02,SKU0042,79,0,23,43
2024-12-09,SKU0042,63,0,23,43
2024-12-16,SKU0042,44,0,23,43
2024-12-23,SKU0042,149,126,23,43
2024-12-30,SKU0042,143,20,23,43
2025-01-06,SKU0042,138,0,23,43
2025-01-13,SKU0042,116,0,23,43
2025-01-20,SKU0042,91,0,23,43
2025-01-27,SKU0042,67,0,23,43
2025-02-03,SKU0042,215,173,23,43
2025-02-10,SKU0042,201,0,23,43
2025-02-17,SKU0042,189,0,23,43
2025-02-24,SKU0042,158,0,23,43
2025-03-03,SKU0042,150,0,23,43
2025-03-10,SKU0042,142,0,23,43
2025-03-17,SKU0042,108,26,23,43
2025-03-24,SKU0042,84,0,23,43
2025-03-31,SKU0042,60,0,23,43
2025-04-07,SKU0042,52,0,23,43
2025-04-14,SKU0042,144,116,23,43
2025-04-21,SKU0042,129,27,23,43
2025-04-28,SKU0042,95,0,23,43
2025-05-05,SKU0042,71,0,23,43
2025-05-12,SKU0042,184,142,23,43
2025-05-19,SKU0042,159,25,23,43
2025-05-26,SKU0042,127,0,23,43
2025-06-02,SKU0042,99,0,23,43
2025-06-09,SKU0042,94,0,23,43
2025-06-16,SKU0042,85,0,23,43
2025-06-23,SKU0042,71,0,23,43
2025-06-30,SKU0042,53,0,23,43
2025-07-07,SKU0042,21,0,23,43
2025-07-14,SKU0042,0,0,23,43
2025-07-21,SKU0042,199,199,23,43
2025-07-28,SKU0042,182,0,23,43
2025-08-04,SKU0042,160,0,23,43
2025-08-11,SKU0042,154,0,23,43
2025-08-18,SKU0042,134,0,23,43
2025-08-25,SKU0042,129,0,23,43
2025-09-01,SKU0042,95,11,23,43
2025-09-08,SKU0042,81,0,23,43
2025-09-15,SKU0042,64,0,23,43
2025-09-22,SKU0042,36,0,23,43
2025-09-29,SKU0042,23,0,23,43
2025-10-06,SKU0042,6,0,23,43
2025-10-13,SKU0042,223,223,23,43
2025-10-20,SKU0042,209,22,23,43
2025-10-27,SKU0042,184,0,23,43
2025-11-03,SKU0042,175,5,23,43
2025-11-10,SKU0042,142,0,23,43
2025-11-17,SKU0042,109,0,23,43
2025-11-24,SKU0042,103,0,23,43
2025-12-01,SKU0042,81,0,23,43
2025-12-08,SKU0042,55,0,23,43
2025-12-15,SKU0042,139,99,23,43
2025-12-22,SKU0042,114,0,23,43
2025-12-29,SKU0042,95,0,23,43
2024-01-01,SKU0043,182,0,15,18
2024-01-08,SKU0043,176,0,15,18
2024-01-15,SKU0043,162,0,15,18
2024-01-22,SKU0043,155,7,15,18
2024-01-29,SKU0043,140,0,15,18
2024-02-05,SKU0043,124,0,15,18
2024-02-12,SKU0043,99,0,15,18
2024-02-19,SKU0043,70,0,15,18
2024-02-26,SKU0043,36,0,15,18
2024-03-04,SKU0043,30,0,15,18
2024-03-11,SKU0043,19,0,15,18
2024-03-18,SKU0043,154,154,15,18
2024-03-25,SKU0043,133,0,15,18
2024-04-01,SKU0043,123,0,15,18
2024-04-08,SKU0043,89,0,15,18
2024-04-15,SKU0043,70,0,15,18
2024-04-22,SKU0043,61,0,15,18
2024-04-29,SKU0043,42,0,15,18
2024-05-06,SKU0043,26,0,15,18
2024-05-13,SKU0043,254,248,15,18
2024-05-20,SKU0043,226,0,15,18
2024-05-27,SKU0043,193,0,15,18
2024-06-03,SKU0043,187,0,15,18
2024-06-10,SKU0043,167,0,15,18
2024-06-17,SKU0043,156,0,15,18
2024-06-24,SKU0043,124,0,15,18
2024-07-01,SKU0043,100,0,15,18
2024-07-08,SKU0043,75,0,15,18
2024-07-15,SKU0043,47,0,15,18
2024-07-22,SKU0043,42,0,15,18
2024-07-29,SKU0043,27,0,15,18
2024-08-05,SKU0043,89,87,15,18
2024-08-12,SKU0043,84,0,15,18
2024-08-19,SKU0043,64,0,15,18
2024-08-26,SKU0043,47,0,15,18
2024-09-02,SKU0043,34,0,15,18
2024-09-09,SKU0043,12,7,15,18
2024-09-16,SKU0043,87,87,15,18
2024-09-23,SKU0043,67,0,15,18
2024-09-30,SKU0043,35,0,15,18
2024-10-07,SKU0043,124,113,15,18
2024-10-14,SKU0043,114,0,15,18
2024-10-21,SKU0043,92,0,15,18
2024-10-28,SKU0043,76,0,15,18
2024-11-04,SKU0043,60,0,15,18
2024-11-11,SKU0043,32,0,15,18
2024-11-18,SKU0043,21,8,15,18
2024-11-25,SKU0043,16,0,15,18
2024-12-02,SKU0043,152,152,15,18
2024-12-09,SKU0043,142,0,15,18
2024-12-16,SKU0043,130,0,15,18
2024-12-23,SKU0043,124,0,15,18
2024-12-30,SKU0043,91,11,15,18
2025-01-06,SKU0043,75,0,15,18
2025-01-13,SKU0043,63,23,15,18
2025-01-20,SKU0043,39,0,15,18
2025-01-27,SKU0043,30,0,15,18
2025-02-03,SKU0043,15,0,15,18
2025-02-10,SKU0043,205,205,15,18
2025-02-17,SKU0043,193,0,15,18
2025-02-24,SKU0043,186,0,15,18
2025-03-03,SKU0043,158,0,15,18
2025-03-10,SKU0043,140,0,15,18
2025-03-17,SKU0043,129,0,15,18
2025-03-24,SKU0043,101,0,15,18
2025-03-31,SKU0043,71,0,15,18
2025-04-07,SKU0043,47,0,15,18
2025-04-14,SKU0043,29,0,15,18
2025-04-21,SKU0043,0,0,15,18
2025-04-28,SKU0043,0,12,15,18
2025-05-05,SKU0043,84,84,15,18
2025-05-12,SKU0043,66,0,15,18
2025-05-19,SKU0043,45,0,15,18
2025-05-26,SKU0043,141,123,15,18
2025-06-02,SKU0043,122,19,15,18
2025-06-09,SKU0043,92,0,15,18
2025-06-16,SKU0043,66,0,15,18
2025-06-23,SKU0043,33,20,15,18
2025-06-30,SKU0043,21,2,15,18
2025-07-07,SKU0043,0,0,15,18
2025-07-14,SKU0043,152,152,15,18
2025-07-21,SKU0043,121,0,15,18
2025-07-28,SKU0043,101,0,15,18
2025-08-04,SKU0043,75,0,15,18
2025-08-11,SKU0043,58,0,15,18
2025-08-18,SKU0043,38,0,15,18
2025-08-25,SKU0043,8,0,15,18
2025-09-01,SKU0043,247,247,15,18
2025-09-08,SKU0043,235,0,15,18
2025-09-15,SKU0043,230,15,15,18
2025-09-22,SKU0043,201,0,15,18
2025-09-29,SKU0043,184,0,15,18
2025-10-06,SKU0043,178,0,15,18
2025-10-13,SKU0043,166,0,15,18
2025-10-20,SKU0043,159,8,15,18
2025-10-27,SKU0043,135,0,15,18
2025-11-03,SKU0043,106,0,15,18
2025-11-10,SKU0043,98,0,15,18
2025-11-17,SKU0043,87,0,15,18
2025-11-24,SKU0043,62,0,15,18
2025-12-01,SKU0043,47,23,15,18
2025-12-08,SKU0043,39,0,15,18
2025-12-15,SKU0043,213,199,15,18
2025-12-22,SKU0043,184,0,15,18
2025-12-29,SKU0043,163,0,15,18
2024-01-01,SKU0044,121,0,22,31
2024-01-08,SKU0044,95,0,22,31
2024-01-15,SKU0044,71,0,22,31
2024-01-22,SKU0044,54,0,22,31
2024-01-29,SKU0044,42,0,22,31
2024-02-05,SKU0044,224,214,22,31
2024-02-12,SKU0044,207,24,22,31
2024-02-19,SKU0044,198,0,22,31
2024-02-26,SKU0044,164,12,22,31
2024-03-04,SKU0044,139,0,22,31
2024-03-11,SKU0044,121,0,22,31
2024-03-18,SKU0044,106,0,22,31
2024-03-25,SKU0044,91,0,22,31
2024-04-01,SKU0044,64,0,22,31
2024-04-08,SKU0044,47,8,22,31
2024-04-15,SKU0044,210,181,22,31
2024-04-22,SKU0044,205,0,22,31
2024-04-29,SKU0044,192,0,22,31
2024-05-06,SKU0044,174,0,22,31
2024-05-13,SKU0044,163,0,22,31
2024-05-20,SKU0044,138,0,22,31
2024-05-27,SKU0044,108,0,22,31
2024-06-03,SKU0044,102,0,22,31
2024-06-10,SKU0044,90,8,22,31
2024-06-17,SKU0044,78,0,22,31
2024-06-24,SKU0044,72,0,22,31
2024-07-01,SKU0044,45,20,22,31
2024-07-08,SKU0044,37,0,22,31
2024-07-15,SKU0044,236,206,22,31
2024-07-22,SKU0044,222,0,22,31
2024-07-29,SKU0044,192,0,22,31
2024-08-05,SKU0044,170,29,22,31
2024-08-12,SKU0044,164,0,22,31
2024-08-19,SKU0044,134,0,22,31
2024-08-26,SKU0044,127,1,22,31
2024-09-02,SKU0044,103,0,22,31
2024-09-09,SKU0044,97,0,22,31
2024-09-16,SKU0044,63,0,22,31
2024-09-23,SKU0044,45,0,22,31
2024-09-30,SKU0044,40,0,22,31
2024-10-07,SKU0044,33,0,22,31
2024-10-14,SKU0044,168,141,22,31
2024-10-21,SKU0044,157,0,22,31
2024-10-28,SKU0044,138,0,22,31
2024-11-04,SKU0044,114,0,22,31
2024-11-11,SKU0044,97,3,22,31
2024-11-18,SKU0044,65,0,22,31
2024-11-25,SKU0044,49,0,22,31
2024-12-02,SKU0044,39,0,22,31
2024-12-09,SKU0044,32,0,22,31
2024-12-16,SKU0044,17,0,22,31
2024-12-23,SKU0044,2,0,22,31
2024-12-30,SKU0044,0,0,22,31
2025-01-06,SKU0044,107,107,22,31
2025-01-13,SKU0044,92,0,22,31
2025-01-20,SKU0044,83,0,22,31
2025-01-27,SKU0044,74,0,22,31
2025-02-03,SKU0044,42,0,22,31
2025-02-10,SKU0044,10,24,22,31
2025-02-17,SKU0044,177,177,22,31
2025-02-24,SKU0044,153,0,22,31
2025-03-03,SKU0044,123,0,22,31
2025-03-10,SKU0044,94,0,22,31
2025-03-17,SKU0044,87,5,22,31
2025-03-24,SKU0044,61,13,22,31
2025-03-31,SKU0044,50,0,22,31
2025-04-07,SKU0044,238,213,22,31
2025-04-14,SKU0044,231,7,22,31
2025-04-21,SKU0044,208,0,22,31
2025-04-28,SKU0044,199,0,22,31
2025-05-05,SKU0044,188,0,22,31
2025-05-12,SKU0044,181,18,22,31
2025-05-19,SKU0044,155,0,22,31
2025-05-26,SKU0044,140,0,22,31
2025-06-02,SKU0044,120,0,22,31
2025-06-09,SKU0044,98,0,22,31
2025-06-16,SKU0044,93,0,22,31
2025-06-23,SKU0044,76,0,22,31
2025-06-30,SKU0044,42,0,22,31
2025-07-07,SKU0044,18,18,22,31
2025-07-14,SKU0044,0,0,22,31
2025-07-21,SKU0044,123,123,22,31
2025-07-28,SKU0044,109,28,22,31
2025-08-04,SKU0044,96,0,22,31
2025-08-11,SKU0044,84,0,22,31
2025-08-18,SKU0044,65,0,22,31
2025-08-25,SKU0044,56,0,22,31
2025-09-01,SKU0044,34,25,22,31
2025-09-08,SKU0044,18,1,22,31
2025-09-15,SKU0044,169,169,22,31
2025-09-22,SKU0044,157,0,22,31
2025-09-29,SKU0044,129,0,22,31
2025-10-06,SKU0044,109,0,22,31
2025-10-13,SKU0044,76,0,22,31
2025-10-20,SKU0044,51,0,22,31
2025-10-27,SKU0044,35,0,22,31
2025-11-03,SKU0044,19,0,22,31
2025-11-10,SKU0044,0,0,22,31
2025-11-17,SKU0044,0,0,22,31
2025-11-24,SKU0044,0,10,22,31
2025-12-01,SKU0044,100,100,22,31
2025-12-08,SKU0044,85,14,22,31
2025-12-15,SKU0044,66,0,22,31
2025-12-22,SKU0044,42,0,22,31
2025-12-29,SKU0044,9,0,22,31
2024-01-01,SKU0045,140,0,7,51
2024-01-08,SKU0045,123,0,7,51
2024-01-15,SKU0045,102,0,7,51
2024-01-22,SKU0045,93,0,7,51
2024-01-29,SKU0045,71,0,7,51
2024-02-05,SKU0045,64,0,7,51
2024-02-12,SKU0045,218,179,7,51
2024-02-19,SKU0045,206,0,7,51
2024-02-26,SKU0045,196,0,7,51
2024-03-04,SKU0045,170,0,7,51
2024-03-11,SKU0045,146,0,7,51
2024-03-18,SKU0045,136,0,7,51
2024-03-25,SKU0045,128,0,7,51
2024-04-01,SKU0045,111,0,7,51
2024-04-08,SKU0045,85,0,7,51
2024-04-15,SKU0045,69,0,7,51
2024-04-22,SKU0045,219,180,7,51
2024-04-29,SKU0045,194,0,7,51
2024-05-06,SKU0045,179,0,7,51
2024-05-13,SKU0045,161,0,7,51
2024-05-20,SKU0045,156,0,7,51
2024-05-27,SKU0045,150,14,7,51
2024-06-03,SKU0045,139,25,7,51
2024-06-10,SKU0045,134,0,7,51
2024-06-17,SKU0045,117,0,7,51
2024-06-24,SKU0045,100,0,7,51
2024-07-01,SKU0045,68,0,7,51
2024-07-08,SKU0045,56,0,7,51
2024-07-15,SKU0045,22,0,7,51
2024-07-22,SKU0045,6,0,7,51
2024-07-29,SKU0045,0,0,7,51
2024-08-05,SKU0045,178,178,7,51
2024-08-12,SKU0045,147,0,7,51
2024-08-19,SKU0045,121,0,7,51
2024-08-26,SKU0045,112,0,7,51
2024-09-02,SKU0045,101,0,7,51
2024-09-09,SKU0045,83,28,7,51
2024-09-16,SKU0045,77,0,7,51
2024-09-23,SKU0045,69,7,7,51
2024-09-30,SKU0045,148,113,7,51
2024-10-07,SKU0045,127,0,7,51
2024-10-14,SKU0045,111,0,7,51
2024-10-21,SKU0045,93,0,7,51
2024-10-28,SKU0045,66,0,7,51
2024-11-04,SKU0045,61,0,7,51
2024-11-11,SKU0045,285,248,7,51
2024-11-18,SKU0045,260,18,7,51
2024-11-25,SKU0045,236,17,7,51
2024-12-02,SKU0045,215,0,7,51
2024-12-09,SKU0045,186,17,7,51
2024-12-16,SKU0045,168,4,7,51
2024-12-23,SKU0045,153,3,7,51
2024-12-30,SKU0045,141,0,7,51
2025-01-06,SKU0045,123,0,7,51
2025-01-13,SKU0045,117,25,7,51
2025-01-20,SKU0045,97,0,7,51
2025-01-27,SKU0045,86,27,7,51
2025-02-03,SKU0045,59,0,7,51
2025-02-10,SKU0045,49,0,7,51
2025-02-17,SKU0045,114,84,7,51
2025-02-24,SKU0045,81,0,7,51
2025-03-03,SKU0045,51,0,7,51
2025-03-10,SKU0045,27,0,7,51
2025-03-17,SKU0045,220,205,7,51
2025-03-24,SKU0045,187,0,7,51
2025-03-31,SKU0045,159,0,7,51
2025-04-07,SKU0045,144,0,7,51
2025-04-14,SKU0045,128,0,7,51
2025-04-21,SKU0045,112,0,7,51
2025-04-28,SKU0045,81,0,7,51
2025-05-05,SKU0045,71,0,7,51
2025-05-12,SKU0045,54,0,7,51
2025-05-19,SKU0045,37,0,7,51
2025-05-26,SKU0045,5,0,7,51
2025-06-02,SKU0045,0,0,7,51
2025-06-09,SKU0045,151,151,7,51
2025-06-16,SKU0045,144,0,7,51
2025-06-23,SKU0045,138,0,7,51
2025-06-30,SKU0045,129,0,7,51
2025-07-07,SKU0045,116,0,7,51
2025-07-14,SKU0045,91,0,7,51
2025-07-21,SKU0045,76,0,7,51
2025-07-28,SKU0045,167,123,7,51
2025-08-04,SKU0045,158,24,7,51
2025-08-11,SKU0045,136,0,7,51
2025-08-18,SKU0045,116,0,7,51
2025-08-25,SKU0045,96,0,7,51
2025-09-01,SKU0045,65,0,7,51
2025-09-08,SKU0045,53,0,7,51
2025-09-15,SKU0045,146,124,7,51
2025-09-22,SKU0045,131,0,7,51
2025-09-29,SKU0045,109,0,7,51
2025-10-06,SKU0045,88,0,7,51
2025-10-13,SKU0045,56,0,7,51
2025-10-20,SKU0045,40,0,7,51
2025-10-27,SKU0045,123,114,7,51
2025-11-03,SKU0045,93,0,7,51
2025-11-10,SKU0045,60,0,7,51
2025-11-17,SKU0045,221,171,7,51
2025-11-24,SKU0045,187,0,7,51
2025-12-01,SKU0045,156,0,7,51
2025-12-08,SKU0045,129,0,7,51
2025-12-15,SKU0045,108,0,7,51
2025-12-22,SKU0045,75,0,7,51
2025-12-29,SKU0045,218,170,7,51
2024-01-01,SKU0046,133,0,9,56
2024-01-08,SKU0046,117,0,9,56
2024-01-15,SKU0046,100,0,9,56
2024-01-22,SKU0046,71,0,9,56
2024-01-29,SKU0046,65,0,9,56
2024-02-05,SKU0046,57,0,9,56
2024-02-12,SKU0046,48,0,9,56
2024-02-19,SKU0046,267,239,9,56
2024-02-26,SKU0046,256,4,9,56
2024-03-04,SKU0046,222,0,9,56
2024-03-11,SKU0046,196,0,9,56
2024-03-18,SKU0046,174,0,9,56
2024-03-25,SKU0046,148,0,9,56
2024-04-01,SKU0046,132,0,9,56
2024-04-08,SKU0046,119,0,9,56
2024-04-15,SKU0046,86,0,9,56
2024-04-22,SKU0046,59,0,9,56
2024-04-29,SKU0046,127,93,9,56
2024-05-06,SKU0046,121,0,9,56
2024-05-13,SKU0046,112,0,9,56
2024-05-20,SKU0046,90,0,9,56
2024-05-27,SKU0046,57,0,9,56
2024-06-03,SKU0046,141,98,9,56
2024-06-10,SKU0046,109,0,9,56
2024-06-17,SKU0046,92,0,9,56
2024-06-24,SKU0046,83,0,9,56
2024-07-01,SKU0046,50,0,9,56
2024-07-08,SKU0046,29,0,9,56
2024-07-15,SKU0046,18,29,9,56
2024-07-22,SKU0046,177,177,9,56
2024-07-29,SKU0046,152,0,9,56
2024-08-05,SKU0046,121,0,9,56
2024-08-12,SKU0046,115,0,9,56
2024-08-19,SKU0046,102,0,9,56
2024-08-26,SKU0046,87,14,9,56
2024-09-02,SKU0046,78,14,9,56
2024-09-09,SKU0046,62,15,9,56
2024-09-16,SKU0046,262,216,9,56
2024-09-23,SKU0046,236,0,9,56
2024-09-30,SKU0046,229,0,9,56
2024-10-07,SKU0046,204,0,9,56
2024-10-14,SKU0046,181,0,9,56
2024-10-21,SKU0046,169,0,9,56
2024-10-28,SKU0046,149,11,9,56
2024-11-04,SKU0046,122,0,9,56
2024-11-11,SKU0046,93,0,9,56
2024-11-18,SKU0046,71,0,9,56
2024-11-25,SKU0046,230,192,9,56
2024-12-02,SKU0046,204,0,9,56
2024-12-09,SKU0046,174,14,9,56
2024-12-16,SKU0046,160,0,9,56
2024-12-23,SKU0046,126,0,9,56
2024-12-30,SKU0046,102,0,9,56
2025-01-06,SKU0046,86,0,9,56
2025-01-13,SKU0046,58,0,9,56
2025-01-20,SKU0046,116,90,9,56
2025-01-27,SKU0046,94,0,9,56
2025-02-03,SKU0046,86,15,9,56
2025-02-10,SKU0046,62,0,9,56
2025-02-17,SKU0046,52,0,9,56
2025-02-24,SKU0046,25,0,9,56
2025-03-03,SKU0046,219,206,9,56
2025-03-10,SKU0046,214,0,9,56
2025-03-17,SKU0046,186,0,9,56
2025-03-24,SKU0046,169,0,9,56
2025-03-31,SKU0046,136,0,9,56
2025-04-07,SKU0046,131,0,9,56
2025-04-14,SKU0046,122,0,9,56
2025-04-21,SKU0046,106,0,9,56
2025-04-28,SKU0046,79,22,9,56
2025-05-05,SKU0046,61,0,9,56
2025-05-12,SKU0046,133,97,9,56
2025-05-19,SKU0046,99,0,9,56
2025-05-26,SKU0046,86,9,9,56
2025-06-02,SKU0046,76,0,9,56
2025-06-09,SKU0046,62,0,9,56
2025-06-16,SKU0046,47,0,9,56
2025-06-23,SKU0046,260,245,9,56
2025-06-30,SKU0046,254,0,9,56
2025-07-07,SKU0046,222,0,9,56
2025-07-14,SKU0046,216,0,9,56
2025-07-21,SKU0046,189,0,9,56
2025-07-28,SKU0046,178,0,9,56
2025-08-04,SKU0046,154,0,9,56
2025-08-11,SKU0046,125,2,9,56
2025-08-18,SKU0046,101,21,9,56
2025-08-25,SKU0046,79,0,9,56
2025-09-01,SKU0046,66,0,9,56
2025-09-08,SKU0046,137,96,9,56
2025-09-15,SKU0046,120,0,9,56
2025-09-22,SKU0046,101,0,9,56
2025-09-29,SKU0046,92,0,9,56
2025-10-06,SKU0046,60,0,9,56
2025-10-13,SKU0046,176,131,9,56
2025-10-20,SKU0046,153,5,9,56
2025-10-27,SKU0046,148,21,9,56
2025-11-03,SKU0046,116,0,9,56
2025-11-10,SKU0046,90,24,9,56
2025-11-17,SKU0046,70,0,9,56
2025-11-24,SKU0046,50,12,9,56
2025-12-01,SKU0046,235,216,9,56
2025-12-08,SKU0046,225,0,9,56
2025-12-15,SKU0046,206,0,9,56
2025-12-22,SKU0046,187,0,9,56
2025-12-29,SKU0046,156,29,9,56
2024-01-01,SKU0047,132,9,24,39
2024-01-08,SKU0047,115,0,24,39
2024-01-15,SKU0047,102,0,24,39
2024-01-22,SKU0047,91,0,24,39
2024-01-29,SKU0047,70,0,24,39
2024-02-05,SKU0047,48,0,24,39
2024-02-12,SKU0047,180,149,24,39
2024-02-19,SKU0047,156,0,24,39
2024-02-26,SKU0047,137,25,24,39
2024-03-04,SKU0047,123,10,24,39
2024-03-11,SKU0047,107,0,24,39
2024-03-18,SKU0047,93,0,24,39
2024-03-25,SKU0047,71,0,24,39
2024-04-01,SKU0047,64,0,24,39
2024-04-08,SKU0047,131,92,24,39
2024-04-15,SKU0047,105,0,24,39
2024-04-22,SKU0047,84,0,24,39
2024-04-29,SKU0047,58,0,24,39
2024-05-06,SKU0047,31,0,24,39
2024-05-13,SKU0047,116,108,24,39
2024-05-20,SKU0047,96,0,24,39
2024-05-27,SKU0047,66,0,24,39
2024-06-03,SKU0047,53,0,24,39
2024-06-10,SKU0047,43,0,24,39
2024-06-17,SKU0047,18,0,24,39
2024-06-24,SKU0047,0,0,24,39
2024-07-01,SKU0047,0,0,24,39
2024-07-08,SKU0047,0,0,24,39
2024-07-15,SKU0047,95,95,24,39
2024-07-22,SKU0047,90,0,24,39
2024-07-29,SKU0047,60,0,24,39
2024-08-05,SKU0047,51,0,24,39
2024-08-12,SKU0047,36,0,24,39
2024-08-19,SKU0047,258,243,24,39
2024-08-26,SKU0047,248,0,24,39
2024-09-02,SKU0047,230,0,24,39
2024-09-09,SKU0047,199,0,24,39
2024-09-16,SKU0047,175,0,24,39
2024-09-23,SKU0047,147,0,24,39
2024-09-30,SKU0047,130,28,24,39
2024-10-07,SKU0047,104,0,24,39
2024-10-14,SKU0047,77,0,24,39
2024-10-21,SKU0047,59,0,24,39
2024-10-28,SKU0047,42,3,24,39
2024-11-04,SKU0047,24,9,24,39
2024-11-11,SKU0047,0,29,24,39
2024-11-18,SKU0047,0,15,24,39
2024-11-25,SKU0047,0,0,24,39
2024-12-02,SKU0047,191,191,24,39
2024-12-09,SKU0047,185,0,24,39
2024-12-16,SKU0047,153,0,24,39
2024-12-23,SKU0047,138,0,24,39
2024-12-30,SKU0047,108,0,24,39
2025-01-06,SKU0047,103,0,24,39
2025-01-13,SKU0047,87,0,24,39
2025-01-20,SKU0047,60,0,24,39
2025-01-27,SKU0047,45,0,24,39
2025-02-03,SKU0047,166,150,24,39
2025-02-10,SKU0047,157,0,24,39
2025-02-17,SKU0047,144,0,24,39
2025-02-24,SKU0047,126,0,24,39
2025-03-03,SKU0047,108,0,24,39
2025-03-10,SKU0047,100,0,24,39
2025-03-17,SKU0047,78,0,24,39
2025-03-24,SKU0047,49,0,24,39
2025-03-31,SKU0047,24,25,24,39
2025-04-07,SKU0047,11,0,24,39
2025-04-14,SKU0047,0,0,24,39
2025-04-21,SKU0047,0,0,24,39
2025-04-28,SKU0047,104,104,24,39
2025-05-05,SKU0047,72,0,24,39
2025-05-12,SKU0047,57,0,24,39
2025-05-19,SKU0047,239,212,24,39
2025-05-26,SKU0047,208,0,24,39
2025-06-02,SKU0047,186,0,24,39
2025-06-09,SKU0047,173,0,24,39
2025-06-16,SKU0047,151,0,24,39
2025-06-23,SKU0047,131,0,24,39
2025-06-30,SKU0047,101,0,24,39
2025-07-07,SKU0047,73,0,24,39
2025-07-14,SKU0047,53,0,24,39
2025-07-21,SKU0047,48,0,24,39
2025-07-28,SKU0047,276,249,24,39
2025-08-04,SKU0047,255,14,24,39
2025-08-11,SKU0047,232,0,24,39
2025-08-18,SKU0047,205,0,24,39
2025-08-25,SKU0047,171,1,24,39
2025-09-01,SKU0047,141,0,24,39
2025-09-08,SKU0047,129,0,24,39
2025-09-15,SKU0047,104,0,24,39
2025-09-22,SKU0047,82,19,24,39
2025-09-29,SKU0047,50,0,24,39
2025-10-06,SKU0047,40,0,24,39
2025-10-13,SKU0047,135,119,24,39
2025-10-20,SKU0047,123,28,24,39
2025-10-27,SKU0047,114,7,24,39
2025-11-03,SKU0047,92,0,24,39
2025-11-10,SKU0047,87,0,24,39
2025-11-17,SKU0047,57,0,24,39
2025-11-24,SKU0047,42,0,24,39
2025-12-01,SKU0047,10,0,24,39
2025-12-08,SKU0047,0,0,24,39
2025-12-15,SKU0047,0,0,24,39
2025-12-22,SKU0047,139,139,24,39
2025-12-29,SKU0047,114,0,24,39
2024-01-01,SKU0048,152,0,13,55
2024-01-08,SKU0048,134,0,13,55
2024-01-15,SKU0048,122,0,13,55
2024-01-22,SKU0048,101,0,13,55
2024-01-29,SKU0048,84,0,13,55
2024-02-05,SKU0048,52,0,13,55
2024-02-12,SKU0048,34,0,13,55
2024-02-19,SKU0048,217,216,13,55
2024-02-26,SKU0048,199,0,13,55
2024-03-04,SKU0048,166,19,13,55
2024-03-11,SKU0048,154,0,13,55
2024-03-18,SKU0048,149,0,13,55
2024-03-25,SKU0048,140,0,13,55
2024-04-01,SKU0048,126,16,13,55
2024-04-08,SKU0048,106,0,13,55
2024-04-15,SKU0048,76,7,13,55
2024-04-22,SKU0048,58,0,13,55
2024-04-29,SKU0048,213,188,13,55
2024-05-06,SKU0048,191,0,13,55
2024-05-13,SKU0048,185,0,13,55
2024-05-20,SKU0048,174,0,13,55
2024-05-27,SKU0048,167,0,13,55
2024-06-03,SKU0048,138,0,13,55
2024-06-10,SKU0048,114,0,13,55
2024-06-17,SKU0048,84,16,13,55
2024-06-24,SKU0048,73,0,13,55
2024-07-01,SKU0048,60,0,13,55
2024-07-08,SKU0048,187,151,13,55
2024-07-15,SKU0048,181,0,13,55
2024-07-22,SKU0048,154,7,13,55
2024-07-29,SKU0048,145,0,13,55
2024-08-05,SKU0048,119,19,13,55
2024-08-12,SKU0048,96,0,13,55
2024-08-19,SKU0048,88,0,13,55
2024-08-26,SKU0048,72,20,13,55
2024-09-02,SKU0048,41,0,13,55
2024-09-09,SKU0048,204,189,13,55
2024-09-16,SKU0048,179,0,13,55
2024-09-23,SKU0048,150,0,13,55
2024-09-30,SKU0048,144,0,13,55
2024-10-07,SKU0048,132,0,13,55
2024-10-14,SKU0048,115,0,13,55
2024-10-21,SKU0048,101,15,13,55
2024-10-28,SKU0048,69,19,13,55
2024-11-04,SKU0048,62,0,13,55
2024-11-11,SKU0048,124,81,13,55
2024-11-18,SKU0048,103,3,13,55
2024-11-25,SKU0048,90,0,13,55
2024-12-02,SKU0048,79,0,13,55
2024-12-09,SKU0048,73,0,13,55
2024-12-16,SKU0048,39,0,13,55
2024-12-23,SKU0048,105,82,13,55
2024-12-30,SKU0048,81,0,13,55
2025-01-06,SKU0048,58,0,13,55
2025-01-13,SKU0048,141,116,13,55
2025-01-20,SKU0048,126,0,13,55
2025-01-27,SKU0048,117,0,13,55
2025-02-03,SKU0048,107,0,13,55
2025-02-10,SKU0048,77,0,13,55
2025-02-17,SKU0048,60,0,13,55
2025-02-24,SKU0048,28,29,13,55
2025-03-03,SKU0048,200,191,13,55
2025-03-10,SKU0048,181,0,13,55
2025-03-17,SKU0048,156,0,13,55
2025-03-24,SKU0048,149,0,13,55
2025-03-31,SKU0048,142,0,13,55
2025-04-07,SKU0048,124,5,13,55
2025-04-14,SKU0048,105,0,13,55
2025-04-21,SKU0048,79,0,13,55
2025-04-28,SKU0048,50,23,13,55
2025-05-05,SKU0048,34,0,13,55
2025-05-12,SKU0048,216,205,13,55
2025-05-19,SKU0048,208,0,13,55
2025-05-26,SKU0048,180,7,13,55
2025-06-02,SKU0048,173,0,13,55
2025-06-09,SKU0048,144,0,13,55
2025-06-16,SKU0048,134,0,13,55
2025-06-23,SKU0048,126,0,13,55
2025-06-30,SKU0048,98,13,13,55
2025-07-07,SKU0048,83,6,13,55
2025-07-14,SKU0048,75,0,13,55
2025-07-21,SKU0048,64,0,13,55
2025-07-28,SKU0048,181,138,13,55
2025-08-04,SKU0048,162,0,13,55
2025-08-11,SKU0048,140,3,13,55
2025-08-18,SKU0048,117,0,13,55
2025-08-25,SKU0048,111,0,13,55
2025-09-01,SKU0048,92,0,13,55
2025-09-08,SKU0048,84,0,13,55
2025-09-15,SKU0048,68,0,13,55
2025-09-22,SKU0048,165,113,13,55
2025-09-29,SKU0048,158,15,13,55
2025-10-06,SKU0048,140,0,13,55
2025-10-13,SKU0048,111,0,13,55
2025-10-20,SKU0048,98,0,13,55
2025-10-27,SKU0048,71,0,13,55
2025-11-03,SKU0048,288,248,13,55
2025-11-10,SKU0048,280,0,13,55
2025-11-17,SKU0048,272,0,13,55
2025-11-24,SKU0048,267,0,13,55
2025-12-01,SKU0048,247,0,13,55
2025-12-08,SKU0048,214,0,13,55
2025-12-15,SKU0048,187,0,13,55
2025-12-22,SKU0048,160,0,13,55
2025-12-29,SKU0048,145,0,13,55
2024-01-01,SKU0049,144,21,7,47
2024-01-08,SKU0049,118,0,7,47
2024-01-15,SKU0049,92,0,7,47
2024-01-22,SKU0049,75,0,7,47
2024-01-29,SKU0049,70,0,7,47
2024-02-05,SKU0049,42,0,7,47
2024-02-12,SKU0049,13,23,7,47
2024-02-19,SKU0049,120,120,7,47
2024-02-26,SKU0049,101,0,7,47
2024-03-04,SKU0049,92,27,7,47
2024-03-11,SKU0049,70,24,7,47
2024-03-18,SKU0049,57,0,7,47
2024-03-25,SKU0049,174,147,7,47
2024-04-01,SKU0049,166,0,7,47
2024-04-08,SKU0049,138,0,7,47
2024-04-15,SKU0049,115,2,7,47
2024-04-22,SKU0049,102,0,7,47
2024-04-29,SKU0049,68,0,7,47
2024-05-06,SKU0049,61,20,7,47
2024-05-13,SKU0049,41,0,7,47
2024-05-20,SKU0049,153,130,7,47
2024-05-27,SKU0049,131,17,7,47
2024-06-03,SKU0049,98,0,7,47
2024-06-10,SKU0049,79,0,7,47
2024-06-17,SKU0049,53,0,7,47
2024-06-24,SKU0049,238,192,7,47
2024-07-01,SKU0049,208,0,7,47
2024-07-08,SKU0049,179,0,7,47
2024-07-15,SKU0049,169,0,7,47
2024-07-22,SKU0049,155,0,7,47
2024-07-29,SKU0049,139,0,7,47
2024-08-05,SKU0049,117,0,7,47
2024-08-12,SKU0049,103,0,7,47
2024-08-19,SKU0049,94,28,7,47
2024-08-26,SKU0049,81,29,7,47
2024-09-02,SKU0049,70,0,7,47
2024-09-09,SKU0049,59,16,7,47
2024-09-16,SKU0049,54,0,7,47
2024-09-23,SKU0049,26,0,7,47
2024-09-30,SKU0049,258,248,7,47
2024-10-07,SKU0049,253,0,7,47
2024-10-14,SKU0049,220,0,7,47
2024-10-21,SKU0049,200,0,7,47
2024-10-28,SKU0049,170,0,7,47
2024-11-04,SKU0049,144,0,7,47
2024-11-11,SKU0049,113,0,7,47
2024-11-18,SKU0049,86,0,7,47
2024-11-25,SKU0049,62,0,7,47
2024-12-02,SKU0049,40,0,7,47
2024-12-09,SKU0049,212,203,7,47
2024-12-16,SKU0049,179,19,7,47
2024-12-23,SKU0049,158,17,7,47
2024-12-30,SKU0049,136,0,7,47
2025-01-06,SKU0049,121,0,7,47
2025-01-13,SKU0049,114,0,7,47
2025-01-20,SKU0049,81,0,7,47
2025-01-27,SKU0049,71,11,7,47
2025-02-03,SKU0049,62,26,7,47
2025-02-10,SKU0049,40,0,7,47
2025-02-17,SKU0049,232,217,7,47
2025-02-24,SKU0049,204,0,7,47
2025-03-03,SKU0049,176,0,7,47
2025-03-10,SKU0049,166,4,7,47
2025-03-17,SKU0049,140,0,7,47
2025-03-24,SKU0049,118,8,7,47
2025-03-31,SKU0049,87,0,7,47
2025-04-07,SKU0049,54,0,7,47
2025-04-14,SKU0049,256,214,7,47
2025-04-21,SKU0049,240,0,7,47
2025-04-28,SKU0049,223,17,7,47
2025-05-05,SKU0049,203,14,7,47
2025-05-12,SKU0049,173,0,7,47
2025-05-19,SKU0049,156,0,7,47
2025-05-26,SKU0049,129,0,7,47
2025-06-02,SKU0049,108,1,7,47
2025-06-09,SKU0049,80,24,7,47
2025-06-16,SKU0049,66,0,7,47
2025-06-23,SKU0049,60,20,7,47
2025-06-30,SKU0049,45,0,7,47
2025-07-07,SKU0049,26,4,7,47
2025-07-14,SKU0049,207,200,7,47
2025-07-21,SKU0049,201,0,7,47
2025-07-28,SKU0049,172,23,7,47
2025-08-04,SKU0049,159,0,7,47
2025-08-11,SKU0049,131,0,7,47
2025-08-18,SKU0049,120,0,7,47
2025-08-25,SKU0049,108,17,7,47
2025-09-01,SKU0049,96,0,7,47
2025-09-08,SKU0049,63,9,7,47
2025-09-15,SKU0049,56,0,7,47
2025-09-22,SKU0049,46,0,7,47
2025-09-29,SKU0049,272,241,7,47
2025-10-06,SKU0049,240,0,7,47
2025-10-13,SKU0049,223,0,7,47
2025-10-20,SKU0049,197,0,7,47
2025-10-27,SKU0049,185,0,7,47
2025-11-03,SKU0049,172,0,7,47
2025-11-10,SKU0049,149,0,7,47
2025-11-17,SKU0049,115,0,7,47
2025-11-24,SKU0049,103,0,7,47
2025-12-01,SKU0049,93,0,7,47
2025-12-08,SKU0049,62,0,7,47
2025-12-15,SKU0049,245,207,7,47
2025-12-22,SKU0049,238,0,7,47
2025-12-29,SKU0049,223,0,7,47
2024-01-01,SKU0050,102,0,24,47
2024-01-08,SKU0050,76,0,24,47
2024-01-15,SKU0050,61,0,24,47
2024-01-22,SKU0050,56,0,24,47
2024-01-29,SKU0050,47,0,24,47
2024-02-05,SKU0050,131,117,24,47
2024-02-12,SKU0050,109,0,24,47
2024-02-19,SKU0050,91,4,24,47
2024-02-26,SKU0050,83,7,24,47
2024-03-04,SKU0050,56,0,24,47
2024-03-11,SKU0050,235,198,24,47
2024-03-18,SKU0050,203,0,24,47
2024-03-25,SKU0050,177,6,24,47
2024-04-01,SKU0050,164,0,24,47
2024-04-08,SKU0050,145,0,24,47
2024-04-15,SKU0050,131,0,24,47
2024-04-22,SKU0050,105,0,24,47
2024-04-29,SKU0050,89,0,24,47
2024-05-06,SKU0050,68,0,24,47
2024-05-13,SKU0050,63,0,24,47
2024-05-20,SKU0050,29,0,24,47
2024-05-27,SKU0050,118,105,24,47
2024-06-03,SKU0050,108,0,24,47
2024-06-10,SKU0050,91,0,24,47
2024-06-17,SKU0050,77,0,24,47
2024-06-24,SKU0050,58,0,24,47
2024-07-01,SKU0050,28,3,24,47
2024-07-08,SKU0050,109,94,24,47
2024-07-15,SKU0050,104,0,24,47
2024-07-22,SKU0050,78,0,24,47
2024-07-29,SKU0050,52,0,24,47
2024-08-05,SKU0050,22,0,24,47
2024-08-12,SKU0050,245,245,24,47
2024-08-19,SKU0050,218,0,24,47
2024-08-26,SKU0050,186,29,24,47
2024-09-02,SKU0050,178,0,24,47
2024-09-09,SKU0050,162,24,24,47
2024-09-16,SKU0050,153,0,24,47
2024-09-23,SKU0050,147,0,24,47
2024-09-30,SKU0050,130,0,24,47
2024-10-07,SKU0050,117,0,24,47
2024-10-14,SKU0050,99,0,24,47
2024-10-21,SKU0050,73,0,24,47
2024-10-28,SKU0050,206,164,24,47
2024-11-04,SKU0050,201,23,24,47
2024-11-11,SKU0050,175,26,24,47
2024-11-18,SKU0050,154,0,24,47
2024-11-25,SKU0050,130,0,24,47
2024-12-02,SKU0050,125,0,24,47
2024-12-09,SKU0050,118,0,24,47
2024-12-16,SKU0050,87,0,24,47
2024-12-23,SKU0050,78,0,24,47
2024-12-30,SKU0050,48,0,24,47
2025-01-06,SKU0050,25,0,24,47
2025-01-13,SKU0050,0,0,24,47
2025-01-20,SKU0050,0,0,24,47
2025-01-27,SKU0050,0,0,24,47
2025-02-03,SKU0050,83,83,24,47
2025-02-10,SKU0050,68,0,24,47
2025-02-17,SKU0050,53,0,24,47
2025-02-24,SKU0050,276,230,24,47
2025-03-03,SKU0050,269,0,24,47
2025-03-10,SKU0050,256,0,24,47
2025-03-17,SKU0050,225,10,24,47
2025-03-24,SKU0050,193,3,24,47
2025-03-31,SKU0050,167,0,24,47
2025-04-07,SKU0050,152,0,24,47
2025-04-14,SKU0050,147,0,24,47
2025-04-21,SKU0050,141,0,24,47
2025-04-28,SKU0050,123,0,24,47
2025-05-05,SKU0050,89,11,24,47
2025-05-12,SKU0050,67,0,24,47
2025-05-19,SKU0050,47,0,24,47
2025-05-26,SKU0050,19,0,24,47
2025-06-02,SKU0050,9,0,24,47
2025-06-09,SKU0050,4,0,24,47
2025-06-16,SKU0050,213,213,24,47
2025-06-23,SKU0050,197,0,24,47
2025-06-30,SKU0050,174,0,24,47
2025-07-07,SKU0050,148,0,24,47
2025-07-14,SKU0050,123,0,24,47
2025-07-21,SKU0050,116,0,24,47
2025-07-28,SKU0050,102,0,24,47
2025-08-04,SKU0050,92,22,24,47
2025-08-11,SKU0050,77,0,24,47
2025-08-18,SKU0050,48,27,24,47
2025-08-25,SKU0050,211,178,24,47
2025-09-01,SKU0050,196,26,24,47
2025-09-08,SKU0050,185,0,24,47
2025-09-15,SKU0050,178,0,24,47
2025-09-22,SKU0050,156,0,24,47
2025-09-29,SKU0050,127,0,24,47
2025-10-06,SKU0050,95,0,24,47
2025-10-13,SKU0050,71,28,24,47
2025-10-20,SKU0050,60,0,24,47
2025-10-27,SKU0050,212,181,24,47
2025-11-03,SKU0050,204,0,24,47
2025-11-10,SKU0050,188,0,24,47
2025-11-17,SKU0050,172,0,24,47
2025-11-24,SKU0050,158,0,24,47
2025-12-01,SKU0050,146,0,24,47
2025-12-08,SKU0050,120,0,24,47
2025-12-15,SKU0050,105,0,24,47
2025-12-22,SKU0050,94,0,24,47
2025-12-29,SKU0050,62,0,24,47
2024-01-01,SKU0051,136,0,7,31
2024-01-08,SKU0051,117,0,7,31
2024-01-15,SKU0051,100,25,7,31
2024-01-22,SKU0051,91,0,7,31
2024-01-29,SKU0051,69,0,7,31
2024-02-05,SKU0051,46,0,7,31
2024-02-12,SKU0051,23,0,7,31
2024-02-19,SKU0051,14,0,7,31
2024-02-26,SKU0051,0,0,7,31
2024-03-04,SKU0051,190,190,7,31
2024-03-11,SKU0051,184,0,7,31
2024-03-18,SKU0051,157,0,7,31
2024-03-25,SKU0051,151,0,7,31
2024-04-01,SKU0051,146,0,7,31
2024-04-08,SKU0051,117,0,7,31
2024-04-15,SKU0051,94,18,7,31
2024-04-22,SKU0051,76,0,7,31
2024-04-29,SKU0051,50,0,7,31
2024-05-06,SKU0051,39,29,7,31
2024-05-13,SKU0051,139,126,7,31
2024-05-20,SKU0051,121,0,7,31
2024-05-27,SKU0051,110,0,7,31
2024-06-03,SKU0051,102,0,7,31
2024-06-10,SKU0051,77,0,7,31
2024-06-17,SKU0051,57,0,7,31
2024-06-24,SKU0051,51,0,7,31
2024-07-01,SKU0051,148,129,7,31
2024-07-08,SKU0051,137,0,7,31
2024-07-15,SKU0051,131,0,7,31
2024-07-22,SKU0051,117,0,7,31
2024-07-29,SKU0051,83,0,7,31
2024-08-05,SKU0051,61,0,7,31
2024-08-12,SKU0051,212,184,7,31
2024-08-19,SKU0051,180,0,7,31
2024-08-26,SKU0051,171,11,7,31
2024-09-02,SKU0051,146,7,7,31
2024-09-09,SKU0051,137,0,7,31
2024-09-16,SKU0051,104,0,7,31
2024-09-23,SKU0051,70,0,7,31
2024-09-30,SKU0051,48,23,7,31
2024-10-07,SKU0051,182,152,7,31
2024-10-14,SKU0051,159,0,7,31
2024-10-21,SKU0051,142,0,7,31
2024-10-28,SKU0051,134,0,7,31
2024-11-04,SKU0051,100,0,7,31
2024-11-11,SKU0051,84,0,7,31
2024-11-18,SKU0051,57,0,7,31
2024-11-25,SKU0051,49,0,7,31
2024-12-02,SKU0051,36,0,7,31
2024-12-09,SKU0051,172,162,7,31
2024-12-16,SKU0051,156,0,7,31
2024-12-23,SKU0051,135,0,7,31
2024-12-30,SKU0051,108,14,7,31
2025-01-06,SKU0051,87,0,7,31
2025-01-13,SKU0051,54,0,7,31
2025-01-20,SKU0051,49,0,7,31
2025-01-27,SKU0051,44,0,7,31
2025-02-03,SKU0051,162,150,7,31
2025-02-10,SKU0051,150,0,7,31
2025-02-17,SKU0051,123,0,7,31
2025-02-24,SKU0051,97,4,7,31
2025-03-03,SKU0051,89,0,7,31
2025-03-10,SKU0051,84,0,7,31
2025-03-17,SKU0051,51,0,7,31
2025-03-24,SKU0051,120,103,7,31
2025-03-31,SKU0051,86,0,7,31
2025-04-07,SKU0051,79,0,7,31
2025-04-14,SKU0051,64,29,7,31
2025-04-21,SKU0051,35,0,7,31
2025-04-28,SKU0051,30,0,7,31
2025-05-05,SKU0051,190,188,7,31
2025-05-12,SKU0051,162,0,7,31
2025-05-19,SKU0051,134,27,7,31
2025-05-26,SKU0051,122,0,7,31
2025-06-02,SKU0051,108,0,7,31
2025-06-09,SKU0051,100,0,7,31
2025-06-16,SKU0051,72,0,7,31
2025-06-23,SKU0051,41,14,7,31
2025-06-30,SKU0051,137,123,7,31
2025-07-07,SKU0051,127,0,7,31
2025-07-14,SKU0051,105,0,7,31
2025-07-21,SKU0051,89,0,7,31
2025-07-28,SKU0051,66,0,7,31
2025-08-04,SKU0051,61,0,7,31
2025-08-11,SKU0051,46,0,7,31
2025-08-18,SKU0051,32,0,7,31
2025-08-25,SKU0051,117,114,7,31
2025-09-01,SKU0051,85,0,7,31
2025-09-08,SKU0051,62,0,7,31
2025-09-15,SKU0051,45,21,7,31
2025-09-22,SKU0051,19,5,7,31
2025-09-29,SKU0051,204,204,7,31
2025-10-06,SKU0051,174,0,7,31
2025-10-13,SKU0051,160,26,7,31
2025-10-20,SKU0051,134,0,7,31
2025-10-27,SKU0051,107,0,7,31
2025-11-03,SKU0051,81,18,7,31
2025-11-10,SKU0051,56,25,7,31
2025-11-17,SKU0051,39,0,7,31
2025-11-24,SKU0051,25,0,7,31
2025-12-01,SKU0051,167,160,7,31
2025-12-08,SKU0051,157,14,7,31
2025-12-15,SKU0051,134,0,7,31
2025-12-22,SKU0051,103,0,7,31
2025-12-29,SKU0051,93,0,7,31
2024-01-01,SKU0052,68,21,9,53
2024-01-08,SKU0052,57,0,9,53
2024-01-15,SKU0052,251,203,9,53
2024-01-22,SKU0052,218,0,9,53
2024-01-29,SKU0052,198,0,9,53
2024-02-05,SKU0052,191,0,9,53
2024-02-12,SKU0052,183,0,9,53
2024-02-19,SKU0052,171,23,9,53
2024-02-26,SKU0052,153,0,9,53
2024-03-04,SKU0052,132,0,9,53
2024-03-11,SKU0052,100,0,9,53
2024-03-18,SKU0052,73,0,9,53
2024-03-25,SKU0052,62,0,9,53
2024-04-01,SKU0052,207,177,9,53
2024-04-08,SKU0052,196,0,9,53
2024-04-15,SKU0052,163,0,9,53
2024-04-22,SKU0052,130,23,9,53
2024-04-29,SKU0052,122,0,9,53
2024-05-06,SKU0052,95,9,9,53
2024-05-13,SKU0052,70,0,9,53
2024-05-20,SKU0052,213,170,9,53
2024-05-27,SKU0052,180,1,9,53
2024-06-03,SKU0052,149,0,9,53
2024-06-10,SKU0052,126,29,9,53
2024-06-17,SKU0052,110,0,9,53
2024-06-24,SKU0052,94,0,9,53
2024-07-01,SKU0052,70,0,9,53
2024-07-08,SKU0052,214,173,9,53
2024-07-15,SKU0052,190,9,9,53
2024-07-22,SKU0052,160,0,9,53
2024-07-29,SKU0052,155,0,9,53
2024-08-05,SKU0052,129,0,9,53
2024-08-12,SKU0052,106,0,9,53
2024-08-19,SKU0052,92,0,9,53
2024-08-26,SKU0052,62,1,9,53
2024-09-02,SKU0052,231,197,9,53
2024-09-09,SKU0052,216,0,9,53
2024-09-16,SKU0052,204,0,9,53
2024-09-23,SKU0052,179,0,9,53
2024-09-30,SKU0052,173,0,9,53
2024-10-07,SKU0052,149,22,9,53
2024-10-14,SKU0052,136,0,9,53
2024-10-21,SKU0052,131,0,9,53
2024-10-28,SKU0052,108,0,9,53
2024-11-04,SKU0052,102,0,9,53
2024-11-11,SKU0052,90,0,9,53
2024-11-18,SKU0052,57,0,9,53
2024-11-25,SKU0052,30,2,9,53
2024-12-02,SKU0052,5,0,9,53
2024-12-09,SKU0052,0,6,9,53
2024-12-16,SKU0052,137,137,9,53
2024-12-23,SKU0052,107,0,9,53
2024-12-30,SKU0052,89,0,9,53
2025-01-06,SKU0052,70,0,9,53
2025-01-13,SKU0052,265,227,9,53
2025-01-20,SKU0052,234,0,9,53
2025-01-27,SKU0052,222,7,9,53
2025-02-03,SKU0052,207,0,9,53
2025-02-10,SKU0052,184,0,9,53
2025-02-17,SKU0052,176,0,9,53
2025-02-24,SKU0052,165,0,9,53
2025-03-03,SKU0052,150,0,9,53
2025-03-10,SKU0052,129,0,9,53
2025-03-17,SKU0052,96,0,9,53
2025-03-24,SKU0052,71,0,9,53
2025-03-31,SKU0052,54,0,9,53
2025-04-07,SKU0052,34,0,9,53
2025-04-14,SKU0052,170,163,9,53
2025-04-21,SKU0052,154,0,9,53
2025-04-28,SKU0052,128,0,9,53
2025-05-05,SKU0052,102,0,9,53
2025-05-12,SKU0052,87,0,9,53
2025-05-19,SKU0052,68,0,9,53
2025-05-26,SKU0052,193,155,9,53
2025-06-02,SKU0052,166,0,9,53
2025-06-09,SKU0052,149,29,9,53
2025-06-16,SKU0052,130,0,9,53
2025-06-23,SKU0052,124,0,9,53
2025-06-30,SKU0052,111,0,9,53
2025-07-07,SKU0052,88,7,9,53
2025-07-14,SKU0052,70,0,9,53
2025-07-21,SKU0052,55,0,9,53
2025-07-28,SKU0052,234,209,9,53
2025-08-04,SKU0052,212,0,9,53
2025-08-11,SKU0052,179,0,9,53
2025-08-18,SKU0052,151,0,9,53
2025-08-25,SKU0052,130,0,9,53
2025-09-01,SKU0052,103,5,9,53
2025-09-08,SKU0052,82,0,9,53
2025-09-15,SKU0052,62,0,9,53
2025-09-22,SKU0052,36,0,9,53
2025-09-29,SKU0052,199,172,9,53
2025-10-06,SKU0052,187,0,9,53
2025-10-13,SKU0052,175,0,9,53
2025-10-20,SKU0052,161,0,9,53
2025-10-27,SKU0052,149,0,9,53
2025-11-03,SKU0052,142,15,9,53
2025-11-10,SKU0052,120,6,9,53
2025-11-17,SKU0052,92,0,9,53
2025-11-24,SKU0052,70,0,9,53
2025-12-01,SKU0052,55,0,9,53
2025-12-08,SKU0052,195,145,9,53
2025-12-15,SKU0052,161,0,9,53
2025-12-22,SKU0052,127,0,9,53
2025-12-29,SKU0052,116,0,9,53
2024-01-01,SKU0053,185,4,12,40
2024-01-08,SKU0053,180,27,12,40
2024-01-15,SKU0053,165,0,12,40
2024-01-22,SKU0053,139,0,12,40
2024-01-29,SKU0053,118,0,12,40
2024-02-05,SKU0053,84,0,12,40
2024-02-12,SKU0053,58,0,12,40
2024-02-19,SKU0053,25,0,12,40
2024-02-26,SKU0053,245,245,12,40
2024-03-04,SKU0053,221,0,12,40
2024-03-11,SKU0053,212,0,12,40
2024-03-18,SKU0053,179,0,12,40
2024-03-25,SKU0053,162,0,12,40
2024-04-01,SKU0053,129,0,12,40
2024-04-08,SKU0053,104,2,12,40
2024-04-15,SKU0053,76,2,12,40
2024-04-22,SKU0053,48,0,12,40
2024-04-29,SKU0053,14,0,12,40
2024-05-06,SKU0053,187,187,12,40
2024-05-13,SKU0053,155,0,12,40
2024-05-20,SKU0053,133,0,12,40
2024-05-27,SKU0053,108,0,12,40
2024-06-03,SKU0053,98,4,12,40
2024-06-10,SKU0053,76,0,12,40
2024-06-17,SKU0053,67,0,12,40
2024-06-24,SKU0053,55,15,12,40
2024-07-01,SKU0053,23,0,12,40
2024-07-08,SKU0053,140,131,12,40
2024-07-15,SKU0053,110,0,12,40
2024-07-22,SKU0053,78,24,12,40
2024-07-29,SKU0053,58,27,12,40
2024-08-05,SKU0053,122,86,12,40
2024-08-12,SKU0053,115,0,12,40
2024-08-19,SKU0053,107,0,12,40
2024-08-26,SKU0053,95,0,12,40
2024-09-02,SKU0053,76,0,12,40
2024-09-09,SKU0053,43,0,12,40
2024-09-16,SKU0053,13,0,12,40
2024-09-23,SKU0053,0,4,12,40
2024-09-30,SKU0053,0,0,12,40
2024-10-07,SKU0053,169,169,12,40
2024-10-14,SKU0053,163,0,12,40
2024-10-21,SKU0053,150,0,12,40
2024-10-28,SKU0053,132,15,12,40
2024-11-04,SKU0053,99,27,12,40
2024-11-11,SKU0053,90,18,12,40
2024-11-18,SKU0053,66,4,12,40
2024-11-25,SKU0053,40,0,12,40
2024-12-02,SKU0053,25,0,12,40
2024-12-09,SKU0053,117,103,12,40
2024-12-16,SKU0053,99,0,12,40
2024-12-23,SKU0053,76,0,12,40
2024-12-30,SKU0053,58,0,12,40
2025-01-06,SKU0053,46,0,12,40
2025-01-13,SKU0053,106,83,12,40
2025-01-20,SKU0053,82,0,12,40
2025-01-27,SKU0053,70,21,12,40
2025-02-03,SKU0053,63,16,12,40
2025-02-10,SKU0053,54,20,12,40
2025-02-17,SKU0053,31,2,12,40
2025-02-24,SKU0053,0,0,12,40
2025-03-03,SKU0053,0,0,12,40
2025-03-10,SKU0053,0,15,12,40
2025-03-17,SKU0053,203,203,12,40
2025-03-24,SKU0053,195,0,12,40
2025-03-31,SKU0053,163,0,12,40
2025-04-07,SKU0053,152,14,12,40
2025-04-14,SKU0053,123,0,12,40
2025-04-21,SKU0053,108,0,12,40
2025-04-28,SKU0053,98,15,12,40
2025-05-05,SKU0053,87,0,12,40
2025-05-12,SKU0053,62,17,12,40
2025-05-19,SKU0053,135,106,12,40
2025-05-26,SKU0053,115,0,12,40
2025-06-02,SKU0053,104,0,12,40
2025-06-09,SKU0053,89,0,12,40
2025-06-16,SKU0053,58,0,12,40
2025-06-23,SKU0053,140,105,12,40
2025-06-30,SKU0053,122,20,12,40
2025-07-07,SKU0053,115,0,12,40
2025-07-14,SKU0053,83,21,12,40
2025-07-21,SKU0053,56,0,12,40
2025-07-28,SKU0053,30,0,12,40
2025-08-04,SKU0053,220,199,12,40
2025-08-11,SKU0053,215,0,12,40
2025-08-18,SKU0053,200,0,12,40
2025-08-25,SKU0053,166,0,12,40
2025-09-01,SKU0053,138,0,12,40
2025-09-08,SKU0053,112,0,12,40
2025-09-15,SKU0053,98,29,12,40
2025-09-22,SKU0053,76,0,12,40
2025-09-29,SKU0053,52,0,12,40
2025-10-06,SKU0053,29,26,12,40
2025-10-13,SKU0053,232,232,12,40
2025-10-20,SKU0053,202,0,12,40
2025-10-27,SKU0053,182,0,12,40
2025-11-03,SKU0053,165,0,12,40
2025-11-10,SKU0053,159,0,12,40
2025-11-17,SKU0053,141,0,12,40
2025-11-24,SKU0053,127,0,12,40
2025-12-01,SKU0053,118,0,12,40
2025-12-08,SKU0053,100,0,12,40
2025-12-15,SKU0053,71,21,12,40
2025-12-22,SKU0053,227,188,12,40
2025-12-29,SKU0053,212,0,12,40
2024-01-01,SKU0054,179,25,13,33
2024-01-08,SKU0054,152,0,13,33
2024-01-15,SKU0054,119,0,13,33
2024-01-22,SKU0054,85,0,13,33
2024-01-29,SKU0054,64,0,13,33
2024-02-05,SKU0054,51,0,13,33
2024-02-12,SKU0054,200,170,13,33
2024-02-19,SKU0054,179,0,13,33
2024-02-26,SKU0054,171,0,13,33
2024-03-04,SKU0054,153,0,13,33
2024-03-11,SKU0054,136,0,13,33
2024-03-18,SKU0054,123,0,13,33
2024-03-25,SKU0054,118,0,13,33
2024-04-01,SKU0054,95,4,13,33
2024-04-08,SKU0054,76,0,13,33
2024-04-15,SKU0054,46,0,13,33
2024-04-22,SKU0054,37,0,13,33
2024-04-29,SKU0054,31,5,13,33
2024-05-06,SKU0054,173,173,13,33
2024-05-13,SKU0054,143,0,13,33
2024-05-20,SKU0054,125,9,13,33
2024-05-27,SKU0054,114,18,13,33
2024-06-03,SKU0054,106,0,13,33
2024-06-10,SKU0054,101,0,13,33
2024-06-17,SKU0054,88,12,13,33
2024-06-24,SKU0054,61,0,13,33
2024-07-01,SKU0054,36,0,13,33
2024-07-08,SKU0054,8,0,13,33
2024-07-15,SKU0054,1,25,13,33
2024-07-22,SKU0054,162,162,13,33
2024-07-29,SKU0054,138,0,13,33
2024-08-05,SKU0054,131,1,13,33
2024-08-12,SKU0054,105,0,13,33
2024-08-19,SKU0054,100,0,13,33
2024-08-26,SKU0054,81,0,13,33
2024-09-02,SKU0054,49,0,13,33
2024-09-09,SKU0054,160,140,13,33
2024-09-16,SKU0054,137,0,13,33
2024-09-23,SKU0054,111,0,13,33
2024-09-30,SKU0054,98,0,13,33
2024-10-07,SKU0054,82,5,13,33
2024-10-14,SKU0054,58,17,13,33
2024-10-21,SKU0054,40,0,13,33
2024-10-28,SKU0054,30,0,13,33
2024-11-04,SKU0054,157,145,13,33
2024-11-11,SKU0054,123,0,13,33
2024-11-18,SKU0054,99,0,13,33
2024-11-25,SKU0054,87,0,13,33
2024-12-02,SKU0054,63,0,13,33
2024-12-09,SKU0054,40,0,13,33
2024-12-16,SKU0054,32,0,13,33
2024-12-23,SKU0054,3,0,13,33
2024-12-30,SKU0054,0,0,13,33
2025-01-06,SKU0054,93,93,13,33
2025-01-13,SKU0054,73,26,13,33
2025-01-20,SKU0054,68,0,13,33
2025-01-27,SKU0054,41,0,13,33
2025-02-03,SKU0054,35,0,13,33
2025-02-10,SKU0054,15,0,13,33
2025-02-17,SKU0054,94,94,13,33
2025-02-24,SKU0054,73,0,13,33
2025-03-03,SKU0054,46,0,13,33
2025-03-10,SKU0054,240,212,13,33
2025-03-17,SKU0054,223,0,13,33
2025-03-24,SKU0054,215,0,13,33
2025-03-31,SKU0054,201,24,13,33
2025-04-07,SKU0054,174,0,13,33
2025-04-14,SKU0054,154,0,13,33
2025-04-21,SKU0054,146,0,13,33
2025-04-28,SKU0054,126,0,13,33
2025-05-05,SKU0054,104,0,13,33
2025-05-12,SKU0054,88,0,13,33
2025-05-19,SKU0054,65,7,13,33
2025-05-26,SKU0054,52,1,13,33
2025-06-02,SKU0054,31,5,13,33
2025-06-09,SKU0054,150,128,13,33
2025-06-16,SKU0054,140,12,13,33
2025-06-23,SKU0054,119,0,13,33
2025-06-30,SKU0054,96,0,13,33
2025-07-07,SKU0054,84,0,13,33
2025-07-14,SKU0054,73,0,13,33
2025-07-21,SKU0054,62,0,13,33
2025-07-28,SKU0054,56,0,13,33
2025-08-04,SKU0054,160,132,13,33
2025-08-11,SKU0054,135,18,13,33
2025-08-18,SKU0054,120,29,13,33
2025-08-25,SKU0054,110,0,13,33
2025-09-01,SKU0054,88,0,13,33
2025-09-08,SKU0054,72,0,13,33
2025-09-15,SKU0054,39,0,13,33
2025-09-22,SKU0054,117,110,13,33
2025-09-29,SKU0054,101,25,13,33
2025-10-06,SKU0054,69,0,13,33
2025-10-13,SKU0054,39,0,13,33
2025-10-20,SKU0054,21,0,13,33
2025-10-27,SKU0054,0,0,13,33
2025-11-03,SKU0054,178,178,13,33
2025-11-10,SKU0054,168,0,13,33
2025-11-17,SKU0054,161,0,13,33
2025-11-24,SKU0054,131,0,13,33
2025-12-01,SKU0054,102,6,13,33
2025-12-08,SKU0054,68,0,13,33
2025-12-15,SKU0054,44,0,13,33
2025-12-22,SKU0054,231,221,13,33
2025-12-29,SKU0054,215,11,13,33
2024-01-01,SKU0055,220,0,12,33
2024-01-08,SKU0055,193,4,12,33
2024-01-15,SKU0055,173,0,12,33
2024-01-22,SKU0055,166,0,12,33
2024-01-29,SKU0055,151,0,12,33
2024-02-05,SKU0055,131,17,12,33
2024-02-12,SKU0055,111,12,12,33
2024-02-19,SKU0055,79,28,12,33
2024-02-26,SKU0055,62,9,12,33
2024-03-04,SKU0055,34,2,12,33
2024-03-11,SKU0055,239,237,12,33
2024-03-18,SKU0055,210,0,12,33
2024-03-25,SKU0055,198,0,12,33
2024-04-01,SKU0055,186,0,12,33
2024-04-08,SKU0055,177,0,12,33
2024-04-15,SKU0055,148,8,12,33
2024-04-22,SKU0055,133,0,12,33
2024-04-29,SKU0055,108,0,12,33
2024-05-06,SKU0055,100,0,12,33
2024-05-13,SKU0055,85,0,12,33
2024-05-20,SKU0055,74,0,12,33
2024-05-27,SKU0055,53,23,12,33
2024-06-03,SKU0055,48,0,12,33
2024-06-10,SKU0055,97,81,12,33
2024-06-17,SKU0055,92,0,12,33
2024-06-24,SKU0055,77,0,12,33
2024-07-01,SKU0055,56,0,12,33
2024-07-08,SKU0055,23,0,12,33
2024-07-15,SKU0055,138,138,12,33
2024-07-22,SKU0055,127,0,12,33
2024-07-29,SKU0055,96,0,12,33
2024-08-05,SKU0055,76,0,12,33
2024-08-12,SKU0055,71,0,12,33
2024-08-19,SKU0055,50,0,12,33
2024-08-26,SKU0055,246,226,12,33
2024-09-02,SKU0055,224,0,12,33
2024-09-09,SKU0055,200,0,12,33
2024-09-16,SKU0055,166,0,12,33
2024-09-23,SKU0055,152,0,12,33
2024-09-30,SKU0055,139,12,12,33
2024-10-07,SKU0055,111,0,12,33
2024-10-14,SKU0055,80,0,12,33
2024-10-21,SKU0055,59,17,12,33
2024-10-28,SKU0055,52,0,12,33
2024-11-04,SKU0055,45,0,12,33
2024-11-11,SKU0055,20,0,12,33
2024-11-18,SKU0055,229,215,12,33
2024-11-25,SKU0055,204,0,12,33
2024-12-02,SKU0055,197,0,12,33
2024-12-09,SKU0055,186,0,12,33
2024-12-16,SKU0055,178,0,12,33
2024-12-23,SKU0055,165,0,12,33
2024-12-30,SKU0055,149,0,12,33
2025-01-06,SKU0055,123,0,12,33
2025-01-13,SKU0055,101,0,12,33
2025-01-20,SKU0055,73,0,12,33
2025-01-27,SKU0055,63,0,12,33
2025-02-03,SKU0055,57,0,12,33
2025-02-10,SKU0055,52,0,12,33
2025-02-17,SKU0055,207,178,12,33
2025-02-24,SKU0055,173,0,12,33
2025-03-03,SKU0055,144,0,12,33
2025-03-10,SKU0055,125,0,12,33
2025-03-17,SKU0055,115,22,12,33
2025-03-24,SKU0055,108,0,12,33
2025-03-31,SKU0055,90,0,12,33
2025-04-07,SKU0055,62,13,12,33
2025-04-14,SKU0055,54,29,12,33
2025-04-21,SKU0055,114,81,12,33
2025-04-28,SKU0055,90,18,12,33
2025-05-05,SKU0055,80,0,12,33
2025-05-12,SKU0055,60,26,12,33
2025-05-19,SKU0055,218,192,12,33
2025-05-26,SKU0055,194,15,12,33
2025-06-02,SKU0055,168,0,12,33
2025-06-09,SKU0055,162,3,12,33
2025-06-16,SKU0055,145,8,12,33
2025-06-23,SKU0055,130,0,12,33
2025-06-30,SKU0055,96,0,12,33
2025-07-07,SKU0055,69,0,12,33
2025-07-14,SKU0055,36,0,12,33
2025-07-21,SKU0055,149,137,12,33
2025-07-28,SKU0055,133,0,12,33
2025-08-04,SKU0055,120,0,12,33
2025-08-11,SKU0055,101,0,12,33
2025-08-18,SKU0055,92,0,12,33
2025-08-25,SKU0055,87,9,12,33
2025-09-01,SKU0055,78,0,12,33
2025-09-08,SKU0055,62,0,12,33
2025-09-15,SKU0055,51,0,12,33
2025-09-22,SKU0055,224,199,12,33
2025-09-29,SKU0055,210,10,12,33
2025-10-06,SKU0055,194,0,12,33
2025-10-13,SKU0055,181,0,12,33
2025-10-20,SKU0055,171,0,12,33
2025-10-27,SKU0055,164,15,12,33
2025-11-03,SKU0055,157,0,12,33
2025-11-10,SKU0055,148,29,12,33
2025-11-17,SKU0055,124,0,12,33
2025-11-24,SKU0055,105,0,12,33
2025-12-01,SKU0055,93,28,12,33
2025-12-08,SKU0055,80,0,12,33
2025-12-15,SKU0055,74,0,12,33
2025-12-22,SKU0055,40,5,12,33
2025-12-29,SKU0055,230,222,12,33
2024-01-01,SKU0056,252,0,11,44
2024-01-08,SKU0056,230,0,11,44
2024-01-15,SKU0056,198,0,11,44
2024-01-22,SKU0056,190,0,11,44
2024-01-29,SKU0056,175,0,11,44
2024-02-05,SKU0056,144,0,11,44
2024-02-12,SKU0056,130,16,11,44
2024-02-19,SKU0056,119,0,11,44
2024-02-26,SKU0056,100,0,11,44
2024-03-04,SKU0056,92,0,11,44
2024-03-11,SKU0056,78,0,11,44
2024-03-18,SKU0056,64,0,11,44
2024-03-25,SKU0056,47,0,11,44
2024-04-01,SKU0056,108,80,11,44
2024-04-08,SKU0056,94,0,11,44
2024-04-15,SKU0056,69,0,11,44
2024-04-22,SKU0056,51,5,11,44
2024-04-29,SKU0056,20,0,11,44
2024-05-06,SKU0056,4,0,11,44
2024-05-13,SKU0056,218,218,11,44
2024-05-20,SKU0056,205,0,11,44
2024-05-27,SKU0056,183,0,11,44
2024-06-03,SKU0056,170,0,11,44
2024-06-10,SKU0056,137,19,11,44
2024-06-17,SKU0056,117,0,11,44
2024-06-24,SKU0056,100,0,11,44
2024-07-01,SKU0056,86,20,11,44
2024-07-08,SKU0056,59,0,11,44
2024-07-15,SKU0056,38,0,11,44
2024-07-22,SKU0056,274,246,11,44
2024-07-29,SKU0056,263,1,11,44
2024-08-05,SKU0056,230,0,11,44
2024-08-12,SKU0056,210,0,11,44
2024-08-19,SKU0056,181,0,11,44
2024-08-26,SKU0056,155,0,11,44
2024-09-02,SKU0056,146,0,11,44
2024-09-09,SKU0056,118,3,11,44
2024-09-16,SKU0056,97,0,11,44
2024-09-23,SKU0056,73,0,11,44
2024-09-30,SKU0056,46,0,11,44
2024-10-07,SKU0056,186,146,11,44
2024-10-14,SKU0056,175,0,11,44
2024-10-21,SKU0056,148,0,11,44
2024-10-28,SKU0056,120,0,11,44
2024-11-04,SKU0056,91,0,11,44
2024-11-11,SKU0056,67,0,11,44
2024-11-18,SKU0056,57,0,11,44
2024-11-25,SKU0056,162,138,11,44
2024-12-02,SKU0056,146,0,11,44
2024-12-09,SKU0056,117,0,11,44
2024-12-16,SKU0056,103,0,11,44
2024-12-23,SKU0056,85,0,11,44
2024-12-30,SKU0056,77,0,11,44
2025-01-06,SKU0056,56,0,11,44
2025-01-13,SKU0056,51,0,11,44
2025-01-20,SKU0056,132,88,11,44
2025-01-27,SKU0056,124,6,11,44
2025-02-03,SKU0056,110,3,11,44
2025-02-10,SKU0056,77,8,11,44
2025-02-17,SKU0056,61,0,11,44
2025-02-24,SKU0056,131,98,11,44
2025-03-03,SKU0056,107,0,11,44
2025-03-10,SKU0056,77,0,11,44
2025-03-17,SKU0056,63,0,11,44
2025-03-24,SKU0056,278,242,11,44
2025-03-31,SKU0056,272,11,11,44
2025-04-07,SKU0056,243,0,11,44
2025-04-14,SKU0056,212,0,11,44
2025-04-21,SKU0056,203,0,11,44
2025-04-28,SKU0056,176,0,11,44
2025-05-05,SKU0056,159,0,11,44
2025-05-12,SKU0056,142,0,11,44
2025-05-19,SKU0056,114,26,11,44
2025-05-26,SKU0056,105,0,11,44
2025-06-02,SKU0056,90,0,11,44
2025-06-09,SKU0056,77,0,11,44
2025-06-16,SKU0056,58,0,11,44
2025-06-23,SKU0056,232,206,11,44
2025-06-30,SKU0056,227,0,11,44
2025-07-07,SKU0056,206,0,11,44
2025-07-14,SKU0056,201,0,11,44
2025-07-21,SKU0056,193,0,11,44
2025-07-28,SKU0056,175,0,11,44
2025-08-04,SKU0056,146,12,11,44
2025-08-11,SKU0056,126,0,11,44
2025-08-18,SKU0056,97,26,11,44
2025-08-25,SKU0056,85,0,11,44
2025-09-01,SKU0056,74,15,11,44
2025-09-08,SKU0056,48,0,11,44
2025-09-15,SKU0056,26,0,11,44
2025-09-22,SKU0056,129,127,11,44
2025-09-29,SKU0056,123,22,11,44
2025-10-06,SKU0056,116,0,11,44
2025-10-13,SKU0056,82,0,11,44
2025-10-20,SKU0056,67,0,11,44
2025-10-27,SKU0056,59,28,11,44
2025-11-03,SKU0056,167,131,11,44
2025-11-10,SKU0056,139,0,11,44
2025-11-17,SKU0056,134,12,11,44
2025-11-24,SKU0056,109,0,11,44
2025-12-01,SKU0056,103,0,11,44
2025-12-08,SKU0056,74,0,11,44
2025-12-15,SKU0056,63,0,11,44
2025-12-22,SKU0056,46,0,11,44
2025-12-29,SKU0056,214,176,11,44
2024-01-01,SKU0057,160,0,11,59
2024-01-08,SKU0057,133,0,11,59
2024-01-15,SKU0057,128,0,11,59
2024-01-22,SKU0057,107,0,11,59
2024-01-29,SKU0057,94,0,11,59
2024-02-05,SKU0057,73,7,11,59
2024-02-12,SKU0057,67,0,11,59
2024-02-19,SKU0057,50,0,11,59
2024-02-26,SKU0057,21,0,11,59
2024-03-04,SKU0057,3,21,11,59
2024-03-11,SKU0057,90,90,11,59
2024-03-18,SKU0057,72,0,11,59
2024-03-25,SKU0057,253,201,11,59
2024-04-01,SKU0057,240,0,11,59
2024-04-08,SKU0057,215,0,11,59
2024-04-15,SKU0057,203,15,11,59
2024-04-22,SKU0057,188,0,11,59
2024-04-29,SKU0057,154,8,11,59
2024-05-06,SKU0057,142,0,11,59
2024-05-13,SKU0057,130,0,11,59
2024-05-20,SKU0057,109,23,11,59
2024-05-27,SKU0057,79,11,11,59
2024-06-03,SKU0057,56,0,11,59
2024-06-10,SKU0057,24,0,11,59
2024-06-17,SKU0057,204,197,11,59
2024-06-24,SKU0057,197,0,11,59
2024-07-01,SKU0057,166,0,11,59
2024-07-08,SKU0057,138,0,11,59
2024-07-15,SKU0057,106,0,11,59
2024-07-22,SKU0057,98,0,11,59
2024-07-29,SKU0057,92,0,11,59
2024-08-05,SKU0057,64,0,11,59
2024-08-12,SKU0057,214,167,11,59
2024-08-19,SKU0057,186,0,11,59
2024-08-26,SKU0057,160,0,11,59
2024-09-02,SKU0057,135,0,11,59
2024-09-09,SKU0057,122,10,11,59
2024-09-16,SKU0057,108,0,11,59
2024-09-23,SKU0057,99,0,11,59
2024-09-30,SKU0057,82,0,11,59
2024-10-07,SKU0057,76,0,11,59
2024-10-14,SKU0057,65,0,11,59
2024-10-21,SKU0057,35,9,11,59
2024-10-28,SKU0057,25,0,11,59
2024-11-04,SKU0057,176,164,11,59
2024-11-11,SKU0057,166,0,11,59
2024-11-18,SKU0057,152,0,11,59
2024-11-25,SKU0057,122,10,11,59
2024-12-02,SKU0057,105,0,11,59
2024-12-09,SKU0057,81,0,11,59
2024-12-16,SKU0057,68,0,11,59
2024-12-23,SKU0057,160,114,11,59
2024-12-30,SKU0057,138,0,11,59
2025-01-06,SKU0057,106,0,11,59
2025-01-13,SKU0057,85,0,11,59
2025-01-20,SKU0057,76,15,11,59
2025-01-27,SKU0057,65,21,11,59
2025-02-03,SKU0057,143,84,11,59
2025-02-10,SKU0057,120,0,11,59
2025-02-17,SKU0057,98,0,11,59
2025-02-24,SKU0057,91,0,11,59
2025-03-03,SKU0057,61,0,11,59
2025-03-10,SKU0057,290,245,11,59
2025-03-17,SKU0057,258,0,11,59
2025-03-24,SKU0057,229,0,11,59
2025-03-31,SKU0057,200,0,11,59
2025-04-07,SKU0057,178,21,11,59
2025-04-14,SKU0057,166,13,11,59
2025-04-21,SKU0057,150,0,11,59
2025-04-28,SKU0057,123,0,11,59
2025-05-05,SKU0057,107,0,11,59
2025-05-12,SKU0057,84,0,11,59
2025-05-19,SKU0057,60,0,11,59
2025-05-26,SKU0057,28,0,11,59
2025-06-02,SKU0057,15,0,11,59
2025-06-09,SKU0057,248,248,11,59
2025-06-16,SKU0057,215,0,11,59
2025-06-23,SKU0057,181,0,11,59
2025-06-30,SKU0057,151,0,11,59
2025-07-07,SKU0057,127,0,11,59
2025-07-14,SKU0057,112,0,11,59
2025-07-21,SKU0057,96,0,11,59
2025-07-28,SKU0057,77,0,11,59
2025-08-04,SKU0057,66,0,11,59
2025-08-11,SKU0057,180,133,11,59
2025-08-18,SKU0057,156,0,11,59
2025-08-25,SKU0057,125,0,11,59
2025-09-01,SKU0057,99,0,11,59
2025-09-08,SKU0057,69,0,11,59
2025-09-15,SKU0057,269,210,11,59
2025-09-22,SKU0057,258,0,11,59
2025-09-29,SKU0057,243,0,11,59
2025-10-06,SKU0057,225,0,11,59
2025-10-13,SKU0057,201,7,11,59
2025-10-20,SKU0057,180,0,11,59
2025-10-27,SKU0057,172,0,11,59
2025-11-03,SKU0057,141,0,11,59
2025-11-10,SKU0057,113,0,11,59
2025-11-17,SKU0057,80,15,11,59
2025-11-24,SKU0057,62,0,11,59
2025-12-01,SKU0057,270,233,11,59
2025-12-08,SKU0057,241,0,11,59
2025-12-15,SKU0057,235,0,11,59
2025-12-22,SKU0057,221,0,11,59
2025-12-29,SKU0057,195,4,11,59
2024-01-01,SKU0058,162,0,22,53
2024-01-08,SKU0058,145,0,22,53
2024-01-15,SKU0058,123,0,22,53
2024-01-22,SKU0058,113,0,22,53
2024-01-29,SKU0058,107,0,22,53
2024-02-05,SKU0058,81,0,22,53
2024-02-12,SKU0058,240,188,22,53
2024-02-19,SKU0058,220,0,22,53
2024-02-26,SKU0058,215,0,22,53
2024-03-04,SKU0058,204,0,22,53
2024-03-11,SKU0058,185,0,22,53
2024-03-18,SKU0058,160,0,22,53
2024-03-25,SKU0058,133,15,22,53
2024-04-01,SKU0058,124,0,22,53
2024-04-08,SKU0058,116,0,22,53
2024-04-15,SKU0058,93,0,22,53
2024-04-22,SKU0058,60,28,22,53
2024-04-29,SKU0058,55,0,22,53
2024-05-06,SKU0058,130,109,22,53
2024-05-13,SKU0058,124,0,22,53
2024-05-20,SKU0058,107,0,22,53
2024-05-27,SKU0058,89,14,22,53
2024-06-03,SKU0058,66,0,22,53
2024-06-10,SKU0058,38,24,22,53
2024-06-17,SKU0058,126,111,22,53
2024-06-24,SKU0058,107,0,22,53
2024-07-01,SKU0058,87,0,22,53
2024-07-08,SKU0058,53,0,22,53
2024-07-15,SKU0058,171,151,22,53
2024-07-22,SKU0058,150,0,22,53
2024-07-29,SKU0058,134,0,22,53
2024-08-05,SKU0058,101,16,22,53
2024-08-12,SKU0058,76,25,22,53
2024-08-19,SKU0058,65,0,22,53
2024-08-26,SKU0058,59,0,22,53
2024-09-02,SKU0058,34,26,22,53
2024-09-09,SKU0058,26,0,22,53
2024-09-16,SKU0058,245,235,22,53
2024-09-23,SKU0058,229,0,22,53
2024-09-30,SKU0058,197,0,22,53
2024-10-07,SKU0058,163,16,22,53
2024-10-14,SKU0058,137,0,22,53
2024-10-21,SKU0058,117,0,22,53
2024-10-28,SKU0058,87,9,22,53
2024-11-04,SKU0058,68,0,22,53
2024-11-11,SKU0058,160,120,22,53
2024-11-18,SKU0058,155,0,22,53
2024-11-25,SKU0058,127,0,22,53
2024-12-02,SKU0058,96,0,22,53
2024-12-09,SKU0058,89,0,22,53
2024-12-16,SKU0058,62,0,22,53
2024-12-23,SKU0058,52,11,22,53
2024-12-30,SKU0058,24,0,22,53
2025-01-06,SKU0058,187,187,22,53
2025-01-13,SKU0058,174,0,22,53
2025-01-20,SKU0058,167,0,22,53
2025-01-27,SKU0058,133,0,22,53
2025-02-03,SKU0058,121,0,22,53
2025-02-10,SKU0058,97,0,22,53
2025-02-17,SKU0058,79,0,22,53
2025-02-24,SKU0058,65,0,22,53
2025-03-03,SKU0058,50,0,22,53
2025-03-10,SKU0058,182,142,22,53
2025-03-17,SKU0058,150,0,22,53
2025-03-24,SKU0058,140,0,22,53
2025-03-31,SKU0058,120,0,22,53
2025-04-07,SKU0058,93,10,22,53
2025-04-14,SKU0058,88,0,22,53
2025-04-21,SKU0058,82,0,22,53
2025-04-28,SKU0058,61,2,22,53
2025-05-05,SKU0058,44,20,22,53
2025-05-12,SKU0058,38,0,22,53
2025-05-19,SKU0058,20,0,22,53
2025-05-26,SKU0058,204,204,22,53
2025-06-02,SKU0058,185,0,22,53
2025-06-09,SKU0058,171,0,22,53
2025-06-16,SKU0058,153,0,22,53
2025-06-23,SKU0058,145,0,22,53
2025-06-30,SKU0058,137,0,22,53
2025-07-07,SKU0058,104,0,22,53
2025-07-14,SKU0058,98,0,22,53
2025-07-21,SKU0058,86,0,22,53
2025-07-28,SKU0058,77,0,22,53
2025-08-04,SKU0058,66,0,22,53
2025-08-11,SKU0058,38,0,22,53
2025-08-18,SKU0058,186,160,22,53
2025-08-25,SKU0058,154,0,22,53
2025-09-01,SKU0058,126,0,22,53
2025-09-08,SKU0058,113,0,22,53
2025-09-15,SKU0058,91,0,22,53
2025-09-22,SKU0058,70,0,22,53
2025-09-29,SKU0058,166,116,22,53
2025-10-06,SKU0058,134,4,22,53
2025-10-13,SKU0058,106,0,22,53
2025-10-20,SKU0058,95,11,22,53
2025-10-27,SKU0058,63,0,22,53
2025-11-03,SKU0058,274,240,22,53
2025-11-10,SKU0058,254,0,22,53
2025-11-17,SKU0058,228,0,22,53
2025-11-24,SKU0058,218,0,22,53
2025-12-01,SKU0058,188,0,22,53
2025-12-08,SKU0058,178,0,22,53
2025-12-15,SKU0058,166,0,22,53
2025-12-22,SKU0058,133,0,22,53
2025-12-29,SKU0058,110,0,22,53
2024-01-01,SKU0059,152,0,22,51
2024-01-08,SKU0059,127,0,22,51
2024-01-15,SKU0059,121,7,22,51
2024-01-22,SKU0059,110,0,22,51
2024-01-29,SKU0059,82,0,22,51
2024-02-05,SKU0059,54,0,22,51
2024-02-12,SKU0059,35,0,22,51
2024-02-19,SKU0059,272,245,22,51
2024-02-26,SKU0059,239,17,22,51
2024-03-04,SKU0059,229,0,22,51
2024-03-11,SKU0059,200,0,22,51
2024-03-18,SKU0059,184,0,22,51
2024-03-25,SKU0059,155,0,22,51
2024-04-01,SKU0059,141,14,22,51
2024-04-08,SKU0059,129,0,22,51
2024-04-15,SKU0059,98,0,22,51
2024-04-22,SKU0059,84,0,22,51
2024-04-29,SKU0059,53,0,22,51
2024-05-06,SKU0059,128,100,22,51
2024-05-13,SKU0059,95,0,22,51
2024-05-20,SKU0059,62,0,22,51
2024-05-27,SKU0059,154,114,22,51
2024-06-03,SKU0059,144,26,22,51
2024-06-10,SKU0059,124,0,22,51
2024-06-17,SKU0059,102,0,22,51
2024-06-24,SKU0059,92,0,22,51
2024-07-01,SKU0059,67,0,22,51
2024-07-08,SKU0059,197,162,22,51
2024-07-15,SKU0059,175,0,22,51
2024-07-22,SKU0059,143,0,22,51
2024-07-29,SKU0059,133,0,22,51
2024-08-05,SKU0059,108,9,22,51
2024-08-12,SKU0059,78,0,22,51
2024-08-19,SKU0059,55,0,22,51
2024-08-26,SKU0059,46,0,22,51
2024-09-02,SKU0059,228,188,22,51
2024-09-09,SKU0059,203,0,22,51
2024-09-16,SKU0059,169,0,22,51
2024-09-23,SKU0059,137,0,22,51
2024-09-30,SKU0059,123,0,22,51
2024-10-07,SKU0059,92,0,22,51
2024-10-14,SKU0059,64,0,22,51
2024-10-21,SKU0059,54,0,22,51
2024-10-28,SKU0059,40,0,22,51
2024-11-04,SKU0059,35,0,22,51
2024-11-11,SKU0059,24,18,22,51
2024-11-18,SKU0059,236,227,22,51
2024-11-25,SKU0059,211,0,22,51
2024-12-02,SKU0059,185,0,22,51
2024-12-09,SKU0059,167,10,22,51
2024-12-16,SKU0059,141,0,22,51
2024-12-23,SKU0059,130,0,22,51
2024-12-30,SKU0059,102,0,22,51
2025-01-06,SKU0059,81,8,22,51
2025-01-13,SKU0059,73,5,22,51
2025-01-20,SKU0059,45,0,22,51
2025-01-27,SKU0059,35,0,22,51
2025-02-03,SKU0059,202,177,22,51
2025-02-10,SKU0059,197,22,22,51
2025-02-17,SKU0059,178,0,22,51
2025-02-24,SKU0059,161,0,22,51
2025-03-03,SKU0059,141,0,22,51
2025-03-10,SKU0059,112,0,22,51
2025-03-17,SKU0059,91,0,22,51
2025-03-24,SKU0059,71,0,22,51
2025-03-31,SKU0059,45,0,22,51
2025-04-07,SKU0059,111,85,22,51
2025-04-14,SKU0059,104,0,22,51
2025-04-21,SKU0059,97,23,22,51
2025-04-28,SKU0059,78,0,22,51
2025-05-05,SKU0059,59,0,22,51
2025-05-12,SKU0059,51,0,22,51
2025-05-19,SKU0059,158,137,22,51
2025-05-26,SKU0059,133,0,22,51
2025-06-02,SKU0059,112,0,22,51
2025-06-09,SKU0059,85,0,22,51
2025-06-16,SKU0059,64,0,22,51
2025-06-23,SKU0059,54,0,22,51
2025-06-30,SKU0059,243,218,22,51
2025-07-07,SKU0059,233,0,22,51
2025-07-14,SKU0059,208,0,22,51
2025-07-21,SKU0059,195,0,22,51
2025-07-28,SKU0059,190,0,22,51
2025-08-04,SKU0059,185,12,22,51
2025-08-11,SKU0059,172,26,22,51
2025-08-18,SKU0059,162,0,22,51
2025-08-25,SKU0059,138,0,22,51
2025-09-01,SKU0059,104,0,22,51
2025-09-08,SKU0059,90,0,22,51
2025-09-15,SKU0059,62,0,22,51
2025-09-22,SKU0059,40,0,22,51
2025-09-29,SKU0059,195,161,22,51
2025-10-06,SKU0059,177,0,22,51
2025-10-13,SKU0059,146,0,22,51
2025-10-20,SKU0059,130,0,22,51
2025-10-27,SKU0059,107,0,22,51
2025-11-03,SKU0059,74,15,22,51
2025-11-10,SKU0059,45,0,22,51
2025-11-17,SKU0059,37,0,22,51
2025-11-24,SKU0059,105,87,22,51
2025-12-01,SKU0059,91,0,22,51
2025-12-08,SKU0059,57,20,22,51
2025-12-15,SKU0059,216,189,22,51
2025-12-22,SKU0059,195,0,22,51
2025-12-29,SKU0059,165,0,22,51
2024-01-01,SKU0060,141,0,27,42
2024-01-08,SKU0060,125,0,27,42
2024-01-15,SKU0060,114,0,27,42
2024-01-22,SKU0060,106,0,27,42
2024-01-29,SKU0060,93,0,27,42
2024-02-05,SKU0060,71,0,27,42
2024-02-12,SKU0060,197,155,27,42
2024-02-19,SKU0060,183,0,27,42
2024-02-26,SKU0060,152,17,27,42
2024-03-04,SKU0060,145,0,27,42
2024-03-11,SKU0060,130,0,27,42
2024-03-18,SKU0060,114,0,27,42
2024-03-25,SKU0060,87,0,27,42
2024-04-01,SKU0060,59,0,27,42
2024-04-08,SKU0060,274,238,27,42
2024-04-15,SKU0060,240,0,27,42
2024-04-22,SKU0060,214,22,27,42
2024-04-29,SKU0060,207,0,27,42
2024-05-06,SKU0060,202,0,27,42
2024-05-13,SKU0060,169,0,27,42
2024-05-20,SKU0060,137,29,27,42
2024-05-27,SKU0060,121,16,27,42
2024-06-03,SKU0060,111,0,27,42
2024-06-10,SKU0060,97,0,27,42
2024-06-17,SKU0060,91,0,27,42
2024-06-24,SKU0060,83,0,27,42
2024-07-01,SKU0060,74,0,27,42
2024-07-08,SKU0060,68,0,27,42
2024-07-15,SKU0060,63,0,27,42
2024-07-22,SKU0060,50,0,27,42
2024-07-29,SKU0060,266,239,27,42
2024-08-05,SKU0060,248,0,27,42
2024-08-12,SKU0060,226,0,27,42
2024-08-19,SKU0060,202,3,27,42
2024-08-26,SKU0060,178,0,27,42
2024-09-02,SKU0060,151,0,27,42
2024-09-09,SKU0060,125,0,27,42
2024-09-16,SKU0060,110,5,27,42
2024-09-23,SKU0060,100,0,27,42
2024-09-30,SKU0060,73,0,27,42
2024-10-07,SKU0060,60,0,27,42
2024-10-14,SKU0060,46,0,27,42
2024-10-21,SKU0060,113,87,27,42
2024-10-28,SKU0060,86,4,27,42
2024-11-04,SKU0060,72,0,27,42
2024-11-11,SKU0060,49,9,27,42
2024-11-18,SKU0060,16,10,27,42
2024-11-25,SKU0060,0,0,27,42
2024-12-02,SKU0060,211,211,27,42
2024-12-09,SKU0060,182,0,27,42
2024-12-16,SKU0060,159,0,27,42
2024-12-23,SKU0060,127,22,27,42
2024-12-30,SKU0060,99,0,27,42
2025-01-06,SKU0060,87,0,27,42
2025-01-13,SKU0060,69,0,27,42
2025-01-20,SKU0060,57,0,27,42
2025-01-27,SKU0060,152,121,27,42
2025-02-03,SKU0060,129,0,27,42
2025-02-10,SKU0060,100,0,27,42
2025-02-17,SKU0060,75,0,27,42
2025-02-24,SKU0060,57,0,27,42
2025-03-03,SKU0060,178,148,27,42
2025-03-10,SKU0060,157,0,27,42
2025-03-17,SKU0060,146,0,27,42
2025-03-24,SKU0060,135,0,27,42
2025-03-31,SKU0060,110,0,27,42
2025-04-07,SKU0060,79,0,27,42
2025-04-14,SKU0060,70,0,27,42
2025-04-21,SKU0060,47,0,27,42
2025-04-28,SKU0060,223,210,27,42
2025-05-05,SKU0060,204,0,27,42
2025-05-12,SKU0060,196,23,27,42
2025-05-19,SKU0060,184,0,27,42
2025-05-26,SKU0060,154,0,27,42
2025-06-02,SKU0060,138,0,27,42
2025-06-09,SKU0060,107,0,27,42
2025-06-16,SKU0060,80,0,27,42
2025-06-23,SKU0060,50,21,27,42
2025-06-30,SKU0060,243,206,27,42
2025-07-07,SKU0060,212,0,27,42
2025-07-14,SKU0060,201,0,27,42
2025-07-21,SKU0060,176,0,27,42
2025-07-28,SKU0060,162,22,27,42
2025-08-04,SKU0060,129,3,27,42
2025-08-11,SKU0060,108,0,27,42
2025-08-18,SKU0060,94,0,27,42
2025-08-25,SKU0060,60,7,27,42
2025-09-01,SKU0060,228,195,27,42
2025-09-08,SKU0060,200,0,27,42
2025-09-15,SKU0060,171,0,27,42
2025-09-22,SKU0060,154,0,27,42
2025-09-29,SKU0060,132,0,27,42
2025-10-06,SKU0060,100,0,27,42
2025-10-13,SKU0060,68,0,27,42
2025-10-20,SKU0060,45,0,27,42
2025-10-27,SKU0060,143,121,27,42
2025-11-03,SKU0060,123,0,27,42
2025-11-10,SKU0060,114,0,27,42
2025-11-17,SKU0060,88,0,27,42
2025-11-24,SKU0060,65,0,27,42
2025-12-01,SKU0060,55,0,27,42
2025-12-08,SKU0060,274,232,27,42
2025-12-15,SKU0060,265,0,27,42
2025-12-22,SKU0060,253,0,27,42
2025-12-29,SKU0060,245,0,27,42
2024-01-01,SKU0061,157,0,27,20
2024-01-08,SKU0061,129,0,27,20
2024-01-15,SKU0061,120,0,27,20
2024-01-22,SKU0061,88,0,27,20
2024-01-29,SKU0061,54,0,27,20
2024-02-05,SKU0061,35,0,27,20
2024-02-12,SKU0061,22,0,27,20
2024-02-19,SKU0061,0,0,27,20
2024-02-26,SKU0061,115,115,27,20
2024-03-04,SKU0061,81,0,27,20
2024-03-11,SKU0061,48,0,27,20
2024-03-18,SKU0061,43,0,27,20
2024-03-25,SKU0061,11,0,27,20
2024-04-01,SKU0061,1,0,27,20
2024-04-08,SKU0061,233,233,27,20
2024-04-15,SKU0061,200,0,27,20
2024-04-22,SKU0061,172,16,27,20
2024-04-29,SKU0061,152,0,27,20
2024-05-06,SKU0061,132,0,27,20
2024-05-13,SKU0061,115,0,27,20
2024-05-20,SKU0061,98,0,27,20
2024-05-27,SKU0061,70,0,27,20
2024-06-03,SKU0061,38,0,27,20
2024-06-10,SKU0061,21,0,27,20
2024-06-17,SKU0061,163,155,27,20
2024-06-24,SKU0061,143,0,27,20
2024-07-01,SKU0061,136,0,27,20
2024-07-08,SKU0061,121,21,27,20
2024-07-15,SKU0061,112,0,27,20
2024-07-22,SKU0061,81,6,27,20
2024-07-29,SKU0061,63,0,27,20
2024-08-05,SKU0061,29,0,27,20
2024-08-12,SKU0061,8,0,27,20
2024-08-19,SKU0061,150,150,27,20
2024-08-26,SKU0061,120,0,27,20
2024-09-02,SKU0061,99,0,27,20
2024-09-09,SKU0061,84,0,27,20
2024-09-16,SKU0061,75,0,27,20
2024-09-23,SKU0061,43,21,27,20
2024-09-30,SKU0061,12,0,27,20
2024-10-07,SKU0061,0,0,27,20
2024-10-14,SKU0061,86,86,27,20
2024-10-21,SKU0061,55,0,27,20
2024-10-28,SKU0061,33,0,27,20
2024-11-04,SKU0061,203,200,27,20
2024-11-11,SKU0061,169,0,27,20
2024-11-18,SKU0061,144,0,27,20
2024-11-25,SKU0061,124,25,27,20
2024-12-02,SKU0061,99,0,27,20
2024-12-09,SKU0061,82,0,27,20
2024-12-16,SKU0061,49,0,27,20
2024-12-23,SKU0061,28,0,27,20
2024-12-30,SKU0061,259,243,27,20
2025-01-06,SKU0061,230,0,27,20
2025-01-13,SKU0061,222,0,27,20
2025-01-20,SKU0061,189,0,27,20
2025-01-27,SKU0061,165,0,27,20
2025-02-03,SKU0061,131,0,27,20
2025-02-10,SKU0061,119,0,27,20
2025-02-17,SKU0061,87,0,27,20
2025-02-24,SKU0061,78,0,27,20
2025-03-03,SKU0061,57,0,27,20
2025-03-10,SKU0061,44,0,27,20
2025-03-17,SKU0061,30,0,27,20
2025-03-24,SKU0061,0,0,27,20
2025-03-31,SKU0061,102,102,27,20
2025-04-07,SKU0061,86,0,27,20
2025-04-14,SKU0061,61,0,27,20
2025-04-21,SKU0061,52,0,27,20
2025-04-28,SKU0061,36,0,27,20
2025-05-05,SKU0061,19,0,27,20
2025-05-12,SKU0061,12,7,27,20
2025-05-19,SKU0061,156,150,27,20
2025-05-26,SKU0061,148,0,27,20
2025-06-02,SKU0061,137,0,27,20
2025-06-09,SKU0061,131,0,27,20
2025-06-16,SKU0061,116,0,27,20
2025-06-23,SKU0061,103,0,27,20
2025-06-30,SKU0061,86,0,27,20
2025-07-07,SKU0061,69,0,27,20
2025-07-14,SKU0061,61,0,27,20
2025-07-21,SKU0061,38,0,27,20
2025-07-28,SKU0061,228,223,27,20
2025-08-04,SKU0061,208,0,27,20
2025-08-11,SKU0061,183,0,27,20
2025-08-18,SKU0061,156,0,27,20
2025-08-25,SKU0061,130,0,27,20
2025-09-01,SKU0061,120,0,27,20
2025-09-08,SKU0061,89,0,27,20
2025-09-15,SKU0061,55,0,27,20
2025-09-22,SKU0061,35,0,27,20
2025-09-29,SKU0061,233,229,27,20
2025-10-06,SKU0061,221,0,27,20
2025-10-13,SKU0061,188,11,27,20
2025-10-20,SKU0061,156,24,27,20
2025-10-27,SKU0061,131,20,27,20
2025-11-03,SKU0061,99,0,27,20
2025-11-10,SKU0061,82,26,27,20
2025-11-17,SKU0061,57,0,27,20
2025-11-24,SKU0061,25,26,27,20
2025-12-01,SKU0061,231,215,27,20
2025-12-08,SKU0061,203,0,27,20
2025-12-15,SKU0061,186,0,27,20
2025-12-22,SKU0061,159,15,27,20
2025-12-29,SKU0061,132,0,27,20
2024-01-01,SKU0062,156,0,10,37
2024-01-08,SKU0062,147,0,10,37
2024-01-15,SKU0062,114,0,10,37
2024-01-22,SKU0062,89,0,10,37
2024-01-29,SKU0062,75,20,10,37
2024-02-05,SKU0062,66,0,10,37
2024-02-12,SKU0062,113,80,10,37
2024-02-19,SKU0062,102,29,10,37
2024-02-26,SKU0062,74,0,10,37
2024-03-04,SKU0062,61,8,10,37
2024-03-11,SKU0062,49,0,10,37
2024-03-18,SKU0062,15,0,10,37
2024-03-25,SKU0062,234,234,10,37
2024-04-01,SKU0062,228,0,10,37
2024-04-08,SKU0062,218,0,10,37
2024-04-15,SKU0062,203,21,10,37
2024-04-22,SKU0062,177,0,10,37
2024-04-29,SKU0062,168,21,10,37
2024-05-06,SKU0062,162,15,10,37
2024-05-13,SKU0062,137,10,10,37
2024-05-20,SKU0062,128,0,10,37
2024-05-27,SKU0062,101,0,10,37
2024-06-03,SKU0062,74,25,10,37
2024-06-10,SKU0062,42,0,10,37
2024-06-17,SKU0062,133,111,10,37
2024-06-24,SKU0062,106,0,10,37
2024-07-01,SKU0062,96,0,10,37
2024-07-08,SKU0062,67,0,10,37
2024-07-15,SKU0062,256,221,10,37
2024-07-22,SKU0062,251,0,10,37
2024-07-29,SKU0062,242,0,10,37
2024-08-05,SKU0062,216,10,10,37
2024-08-12,SKU0062,190,0,10,37
2024-08-19,SKU0062,159,0,10,37
2024-08-26,SKU0062,126,0,10,37
2024-09-02,SKU0062,98,0,10,37
2024-09-09,SKU0062,81,0,10,37
2024-09-16,SKU0062,51,0,10,37
2024-09-23,SKU0062,191,162,10,37
2024-09-30,SKU0062,168,0,10,37
2024-10-07,SKU0062,148,0,10,37
2024-10-14,SKU0062,142,0,10,37
2024-10-21,SKU0062,127,0,10,37
2024-10-28,SKU0062,107,0,10,37
2024-11-04,SKU0062,102,12,10,37
2024-11-11,SKU0062,74,0,10,37
2024-11-18,SKU0062,50,0,10,37
2024-11-25,SKU0062,41,18,10,37
2024-12-02,SKU0062,138,109,10,37
2024-12-09,SKU0062,126,0,10,37
2024-12-16,SKU0062,119,25,10,37
2024-12-23,SKU0062,94,10,10,37
2024-12-30,SKU0062,86,0,10,37
2025-01-06,SKU0062,66,0,10,37
2025-01-13,SKU0062,39,24,10,37
2025-01-20,SKU0062,27,0,10,37
2025-01-27,SKU0062,137,133,10,37
2025-02-03,SKU0062,128,10,10,37
2025-02-10,SKU0062,97,0,10,37
2025-02-17,SKU0062,79,0,10,37
2025-02-24,SKU0062,59,0,10,37
2025-03-03,SKU0062,43,19,10,37
2025-03-10,SKU0062,176,161,10,37
2025-03-17,SKU0062,161,0,10,37
2025-03-24,SKU0062,149,0,10,37
2025-03-31,SKU0062,138,0,10,37
2025-04-07,SKU0062,113,9,10,37
2025-04-14,SKU0062,79,29,10,37
2025-04-21,SKU0062,50,0,10,37
2025-04-28,SKU0062,40,0,10,37
2025-05-05,SKU0062,18,0,10,37
2025-05-12,SKU0062,0,4,10,37
2025-05-19,SKU0062,0,0,10,37
2025-05-26,SKU0062,239,239,10,37
2025-06-02,SKU0062,227,0,10,37
2025-06-09,SKU0062,207,0,10,37
2025-06-16,SKU0062,195,0,10,37
2025-06-23,SKU0062,188,0,10,37
2025-06-30,SKU0062,160,20,10,37
2025-07-07,SKU0062,141,23,10,37
2025-07-14,SKU0062,130,0,10,37
2025-07-21,SKU0062,125,0,10,37
2025-07-28,SKU0062,106,0,10,37
2025-08-04,SKU0062,80,0,10,37
2025-08-11,SKU0062,49,0,10,37
2025-08-18,SKU0062,113,90,10,37
2025-08-25,SKU0062,83,0,10,37
2025-09-01,SKU0062,62,11,10,37
2025-09-08,SKU0062,52,0,10,37
2025-09-15,SKU0062,24,0,10,37
2025-09-22,SKU0062,242,232,10,37
2025-09-29,SKU0062,227,15,10,37
2025-10-06,SKU0062,219,0,10,37
2025-10-13,SKU0062,189,9,10,37
2025-10-20,SKU0062,177,0,10,37
2025-10-27,SKU0062,154,20,10,37
2025-11-03,SKU0062,124,0,10,37
2025-11-10,SKU0062,109,0,10,37
2025-11-17,SKU0062,76,0,10,37
2025-11-24,SKU0062,68,0,10,37
2025-12-01,SKU0062,57,0,10,37
2025-12-08,SKU0062,134,107,10,37
2025-12-15,SKU0062,100,0,10,37
2025-12-22,SKU0062,81,0,10,37
2025-12-29,SKU0062,56,0,10,37
2024-01-01,SKU0063,260,0,13,43
2024-01-08,SKU0063,240,0,13,43
2024-01-15,SKU0063,211,0,13,43
2024-01-22,SKU0063,181,0,13,43
2024-01-29,SKU0063,162,0,13,43
2024-02-05,SKU0063,150,5,13,43
2024-02-12,SKU0063,139,0,13,43
2024-02-19,SKU0063,133,0,13,43
2024-02-26,SKU0063,111,26,13,43
2024-03-04,SKU0063,103,0,13,43
2024-03-11,SKU0063,94,10,13,43
2024-03-18,SKU0063,84,0,13,43
2024-03-25,SKU0063,59,0,13,43
2024-04-01,SKU0063,178,136,13,43
2024-04-08,SKU0063,158,25,13,43
2024-04-15,SKU0063,148,0,13,43
2024-04-22,SKU0063,133,12,13,43
2024-04-29,SKU0063,104,0,13,43
2024-05-06,SKU0063,72,0,13,43
2024-05-13,SKU0063,49,0,13,43
2024-05-20,SKU0063,166,150,13,43
2024-05-27,SKU0063,144,0,13,43
2024-06-03,SKU0063,138,0,13,43
2024-06-10,SKU0063,118,0,13,43
2024-06-17,SKU0063,98,0,13,43
2024-06-24,SKU0063,85,0,13,43
2024-07-01,SKU0063,75,8,13,43
2024-07-08,SKU0063,50,0,13,43
2024-07-15,SKU0063,44,22,13,43
2024-07-22,SKU0063,22,12,13,43
2024-07-29,SKU0063,151,151,13,43
2024-08-05,SKU0063,134,0,13,43
2024-08-12,SKU0063,125,25,13,43
2024-08-19,SKU0063,105,0,13,43
2024-08-26,SKU0063,91,6,13,43
2024-09-02,SKU0063,60,0,13,43
2024-09-09,SKU0063,31,0,13,43
2024-09-16,SKU0063,12,18,13,43
2024-09-23,SKU0063,2,0,13,43
2024-09-30,SKU0063,204,204,13,43
2024-10-07,SKU0063,186,8,13,43
2024-10-14,SKU0063,153,24,13,43
2024-10-21,SKU0063,147,0,13,43
2024-10-28,SKU0063,139,0,13,43
2024-11-04,SKU0063,125,0,13,43
2024-11-11,SKU0063,111,19,13,43
2024-11-18,SKU0063,93,0,13,43
2024-11-25,SKU0063,75,0,13,43
2024-12-02,SKU0063,47,7,13,43
2024-12-09,SKU0063,222,200,13,43
2024-12-16,SKU0063,204,0,13,43
2024-12-23,SKU0063,191,0,13,43
2024-12-30,SKU0063,164,0,13,43
2025-01-06,SKU0063,138,0,13,43
2025-01-13,SKU0063,118,0,13,43
2025-01-20,SKU0063,93,0,13,43
2025-01-27,SKU0063,75,0,13,43
2025-02-03,SKU0063,66,0,13,43
2025-02-10,SKU0063,209,177,13,43
2025-02-17,SKU0063,196,0,13,43
2025-02-24,SKU0063,186,0,13,43
2025-03-03,SKU0063,169,0,13,43
2025-03-10,SKU0063,144,0,13,43
2025-03-17,SKU0063,137,5,13,43
2025-03-24,SKU0063,127,0,13,43
2025-03-31,SKU0063,120,0,13,43
2025-04-07,SKU0063,113,0,13,43
2025-04-14,SKU0063,80,0,13,43
2025-04-21,SKU0063,57,0,13,43
2025-04-28,SKU0063,37,0,13,43
2025-05-05,SKU0063,5,3,13,43
2025-05-12,SKU0063,0,0,13,43
2025-05-19,SKU0063,123,123,13,43
2025-05-26,SKU0063,116,0,13,43
2025-06-02,SKU0063,93,3,13,43
2025-06-09,SKU0063,74,0,13,43
2025-06-16,SKU0063,48,0,13,43
2025-06-23,SKU0063,194,171,13,43
2025-06-30,SKU0063,177,0,13,43
2025-07-07,SKU0063,165,0,13,43
2025-07-14,SKU0063,151,0,13,43
2025-07-21,SKU0063,137,0,13,43
2025-07-28,SKU0063,110,0,13,43
2025-08-04,SKU0063,104,12,13,43
2025-08-11,SKU0063,76,0,13,43
2025-08-18,SKU0063,59,0,13,43
2025-08-25,SKU0063,34,0,13,43
2025-09-01,SKU0063,148,142,13,43
2025-09-08,SKU0063,125,22,13,43
2025-09-15,SKU0063,96,6,13,43
2025-09-22,SKU0063,90,26,13,43
2025-09-29,SKU0063,82,0,13,43
2025-10-06,SKU0063,63,0,13,43
2025-10-13,SKU0063,40,0,13,43
2025-10-20,SKU0063,237,210,13,43
2025-10-27,SKU0063,222,0,13,43
2025-11-03,SKU0063,208,0,13,43
2025-11-10,SKU0063,181,0,13,43
2025-11-17,SKU0063,152,1,13,43
2025-11-24,SKU0063,140,1,13,43
2025-12-01,SKU0063,113,0,13,43
2025-12-08,SKU0063,104,0,13,43
2025-12-15,SKU0063,76,0,13,43
2025-12-22,SKU0063,46,0,13,43
2025-12-29,SKU0063,30,0,13,43
2024-01-01,SKU0064,100,0,24,38
2024-01-08,SKU0064,67,0,24,38
2024-01-15,SKU0064,62,22,24,38
2024-01-22,SKU0064,121,84,24,38
2024-01-29,SKU0064,87,0,24,38
2024-02-05,SKU0064,77,0,24,38
2024-02-12,SKU0064,43,0,24,38
2024-02-19,SKU0064,193,155,24,38
2024-02-26,SKU0064,177,0,24,38
2024-03-04,SKU0064,151,0,24,38
2024-03-11,SKU0064,131,0,24,38
2024-03-18,SKU0064,102,0,24,38
2024-03-25,SKU0064,71,0,24,38
2024-04-01,SKU0064,52,0,24,38
2024-04-08,SKU0064,47,0,24,38
2024-04-15,SKU0064,18,0,24,38
2024-04-22,SKU0064,248,243,24,38
2024-04-29,SKU0064,236,0,24,38
2024-05-06,SKU0064,217,0,24,38
2024-05-13,SKU0064,183,0,24,38
2024-05-20,SKU0064,162,0,24,38
2024-05-27,SKU0064,140,29,24,38
2024-06-03,SKU0064,110,15,24,38
2024-06-10,SKU0064,79,0,24,38
2024-06-17,SKU0064,49,0,24,38
2024-06-24,SKU0064,42,0,24,38
2024-07-01,SKU0064,204,182,24,38
2024-07-08,SKU0064,176,1,24,38
2024-07-15,SKU0064,148,21,24,38
2024-07-22,SKU0064,136,0,24,38
2024-07-29,SKU0064,124,19,24,38
2024-08-05,SKU0064,96,0,24,38
2024-08-12,SKU0064,64,25,24,38
2024-08-19,SKU0064,49,0,24,38
2024-08-26,SKU0064,245,213,24,38
2024-09-02,SKU0064,220,0,24,38
2024-09-09,SKU0064,196,0,24,38
2024-09-16,SKU0064,181,0,24,38
2024-09-23,SKU0064,165,0,24,38
2024-09-30,SKU0064,156,0,24,38
2024-10-07,SKU0064,124,0,24,38
2024-10-14,SKU0064,116,0,24,38
2024-10-21,SKU0064,90,0,24,38
2024-10-28,SKU0064,79,0,24,38
2024-11-04,SKU0064,47,0,24,38
2024-11-11,SKU0064,124,99,24,38
2024-11-18,SKU0064,106,12,24,38
2024-11-25,SKU0064,97,0,24,38
2024-12-02,SKU0064,71,0,24,38
2024-12-09,SKU0064,53,0,24,38
2024-12-16,SKU0064,26,0,24,38
2024-12-23,SKU0064,117,113,24,38
2024-12-30,SKU0064,85,0,24,38
2025-01-06,SKU0064,56,0,24,38
2025-01-13,SKU0064,49,0,24,38
2025-01-20,SKU0064,43,0,24,38
2025-01-27,SKU0064,262,243,24,38
2025-02-03,SKU0064,235,0,24,38
2025-02-10,SKU0064,204,0,24,38
2025-02-17,SKU0064,188,0,24,38
2025-02-24,SKU0064,165,0,24,38
2025-03-03,SKU0064,137,24,24,38
2025-03-10,SKU0064,126,0,24,38
2025-03-17,SKU0064,114,0,24,38
2025-03-24,SKU0064,102,0,24,38
2025-03-31,SKU0064,79,0,24,38
2025-04-07,SKU0064,62,0,24,38
2025-04-14,SKU0064,47,0,24,38
2025-04-21,SKU0064,135,107,24,38
2025-04-28,SKU0064,105,27,24,38
2025-05-05,SKU0064,93,0,24,38
2025-05-12,SKU0064,69,5,24,38
2025-05-19,SKU0064,54,0,24,38
2025-05-26,SKU0064,172,142,24,38
2025-06-02,SKU0064,167,8,24,38
2025-06-09,SKU0064,147,0,24,38
2025-06-16,SKU0064,117,0,24,38
2025-06-23,SKU0064,89,27,24,38
2025-06-30,SKU0064,74,26,24,38
2025-07-07,SKU0064,61,0,24,38
2025-07-14,SKU0064,243,213,24,38
2025-07-21,SKU0064,219,0,24,38
2025-07-28,SKU0064,200,0,24,38
2025-08-04,SKU0064,190,0,24,38
2025-08-11,SKU0064,176,0,24,38
2025-08-18,SKU0064,167,0,24,38
2025-08-25,SKU0064,153,0,24,38
2025-09-01,SKU0064,148,0,24,38
2025-09-08,SKU0064,128,0,24,38
2025-09-15,SKU0064,109,0,24,38
2025-09-22,SKU0064,100,0,24,38
2025-09-29,SKU0064,72,0,24,38
2025-10-06,SKU0064,59,0,24,38
2025-10-13,SKU0064,121,96,24,38
2025-10-20,SKU0064,104,0,24,38
2025-10-27,SKU0064,95,17,24,38
2025-11-03,SKU0064,79,0,24,38
2025-11-10,SKU0064,57,0,24,38
2025-11-17,SKU0064,40,0,24,38
2025-11-24,SKU0064,251,241,24,38
2025-12-01,SKU0064,230,0,24,38
2025-12-08,SKU0064,202,0,24,38
2025-12-15,SKU0064,191,0,24,38
2025-12-22,SKU0064,171,19,24,38
2025-12-29,SKU0064,155,0,24,38
2024-01-01,SKU0065,292,0,7,33
2024-01-08,SKU0065,278,0,7,33
2024-01-15,SKU0065,251,0,7,33
2024-01-22,SKU0065,227,0,7,33
2024-01-29,SKU0065,213,0,7,33
2024-02-05,SKU0065,195,0,7,33
2024-02-12,SKU0065,186,0,7,33
2024-02-19,SKU0065,162,0,7,33
2024-02-26,SKU0065,143,0,7,33
2024-03-04,SKU0065,138,0,7,33
2024-03-11,SKU0065,129,0,7,33
2024-03-18,SKU0065,96,0,7,33
2024-03-25,SKU0065,63,0,7,33
2024-04-01,SKU0065,46,0,7,33
2024-04-08,SKU0065,16,0,7,33
2024-04-15,SKU0065,143,143,7,33
2024-04-22,SKU0065,130,0,7,33
2024-04-29,SKU0065,113,0,7,33
2024-05-06,SKU0065,89,0,7,33
2024-05-13,SKU0065,79,0,7,33
2024-05-20,SKU0065,69,0,7,33
2024-05-27,SKU0065,49,0,7,33
2024-06-03,SKU0065,168,149,7,33
2024-06-10,SKU0065,139,0,7,33
2024-06-17,SKU0065,105,0,7,33
2024-06-24,SKU0065,89,0,7,33
2024-07-01,SKU0065,56,15,7,33
2024-07-08,SKU0065,182,152,7,33
2024-07-15,SKU0065,160,0,7,33
2024-07-22,SKU0065,153,0,7,33
2024-07-29,SKU0065,146,18,7,33
2024-08-05,SKU0065,112,0,7,33
2024-08-12,SKU0065,105,0,7,33
2024-08-19,SKU0065,75,0,7,33
2024-08-26,SKU0065,44,0,7,33
2024-09-02,SKU0065,34,0,7,33
2024-09-09,SKU0065,97,85,7,33
2024-09-16,SKU0065,76,0,7,33
2024-09-23,SKU0065,64,9,7,33
2024-09-30,SKU0065,37,0,7,33
2024-10-07,SKU0065,31,0,7,33
2024-10-14,SKU0065,23,0,7,33
2024-10-21,SKU0065,13,6,7,33
2024-10-28,SKU0065,0,0,7,33
2024-11-04,SKU0065,217,217,7,33
2024-11-11,SKU0065,207,0,7,33
2024-11-18,SKU0065,181,0,7,33
2024-11-25,SKU0065,152,0,7,33
2024-12-02,SKU0065,118,0,7,33
2024-12-09,SKU0065,108,0,7,33
2024-12-16,SKU0065,76,17,7,33
2024-12-23,SKU0065,62,0,7,33
2024-12-30,SKU0065,57,25,7,33
2025-01-06,SKU0065,216,185,7,33
2025-01-13,SKU0065,199,0,7,33
2025-01-20,SKU0065,174,0,7,33
2025-01-27,SKU0065,160,0,7,33
2025-02-03,SKU0065,145,0,7,33
2025-02-10,SKU0065,119,0,7,33
2025-02-17,SKU0065,102,27,7,33
2025-02-24,SKU0065,93,0,7,33
2025-03-03,SKU0065,73,0,7,33
2025-03-10,SKU0065,66,0,7,33
2025-03-17,SKU0065,41,0,7,33
2025-03-24,SKU0065,36,0,7,33
2025-03-31,SKU0065,191,166,7,33
2025-04-07,SKU0065,160,0,7,33
2025-04-14,SKU0065,136,26,7,33
2025-04-21,SKU0065,131,0,7,33
2025-04-28,SKU0065,105,0,7,33
2025-05-05,SKU0065,90,0,7,33
2025-05-12,SKU0065,70,0,7,33
2025-05-19,SKU0065,65,0,7,33
2025-05-26,SKU0065,40,0,7,33
2025-06-02,SKU0065,110,93,7,33
2025-06-09,SKU0065,82,13,7,33
2025-06-16,SKU0065,56,0,7,33
2025-06-23,SKU0065,213,190,7,33
2025-06-30,SKU0065,207,0,7,33
2025-07-07,SKU0065,182,0,7,33
2025-07-14,SKU0065,174,10,7,33
2025-07-21,SKU0065,155,0,7,33
2025-07-28,SKU0065,142,0,7,33
2025-08-04,SKU0065,113,0,7,33
2025-08-11,SKU0065,87,0,7,33
2025-08-18,SKU0065,73,0,7,33
2025-08-25,SKU0065,48,0,7,33
2025-09-01,SKU0065,22,0,7,33
2025-09-08,SKU0065,242,230,7,33
2025-09-15,SKU0065,210,0,7,33
2025-09-22,SKU0065,205,0,7,33
2025-09-29,SKU0065,186,0,7,33
2025-10-06,SKU0065,175,7,7,33
2025-10-13,SKU0065,142,0,7,33
2025-10-20,SKU0065,124,0,7,33
2025-10-27,SKU0065,112,0,7,33
2025-11-03,SKU0065,84,0,7,33
2025-11-10,SKU0065,58,0,7,33
2025-11-17,SKU0065,45,27,7,33
2025-11-24,SKU0065,120,87,7,33
2025-12-01,SKU0065,112,0,7,33
2025-12-08,SKU0065,81,0,7,33
2025-12-15,SKU0065,59,0,7,33
2025-12-22,SKU0065,36,0,7,33
2025-12-29,SKU0065,6,0,7,33
2024-01-01,SKU0066,218,0,7,42
2024-01-08,SKU0066,185,0,7,42
2024-01-15,SKU0066,161,0,7,42
2024-01-22,SKU0066,141,0,7,42
2024-01-29,SKU0066,122,0,7,42
2024-02-05,SKU0066,111,5,7,42
2024-02-12,SKU0066,81,0,7,42
2024-02-19,SKU0066,73,0,7,42
2024-02-26,SKU0066,47,0,7,42
2024-03-04,SKU0066,231,215,7,42
2024-03-11,SKU0066,220,0,7,42
2024-03-18,SKU0066,204,0,7,42
2024-03-25,SKU0066,181,0,7,42
2024-04-01,SKU0066,147,0,7,42
2024-04-08,SKU0066,113,0,7,42
2024-04-15,SKU0066,86,0,7,42
2024-04-22,SKU0066,71,0,7,42
2024-04-29,SKU0066,44,23,7,42
2024-05-06,SKU0066,130,116,7,42
2024-05-13,SKU0066,119,0,7,42
2024-05-20,SKU0066,96,18,7,42
2024-05-27,SKU0066,76,0,7,42
2024-06-03,SKU0066,45,23,7,42
2024-06-10,SKU0066,35,0,7,42
2024-06-17,SKU0066,29,0,7,42
2024-06-24,SKU0066,248,241,7,42
2024-07-01,SKU0066,217,0,7,42
2024-07-08,SKU0066,201,6,7,42
2024-07-15,SKU0066,173,7,7,42
2024-07-22,SKU0066,154,10,7,42
2024-07-29,SKU0066,132,0,7,42
2024-08-05,SKU0066,98,0,7,42
2024-08-12,SKU0066,83,0,7,42
2024-08-19,SKU0066,68,0,7,42
2024-08-26,SKU0066,280,241,7,42
2024-09-02,SKU0066,254,0,7,42
2024-09-09,SKU0066,237,0,7,42
2024-09-16,SKU0066,203,0,7,42
2024-09-23,SKU0066,190,0,7,42
2024-09-30,SKU0066,159,0,7,42
2024-10-07,SKU0066,130,0,7,42
2024-10-14,SKU0066,116,0,7,42
2024-10-21,SKU0066,85,0,7,42
2024-10-28,SKU0066,75,0,7,42
2024-11-04,SKU0066,62,0,7,42
2024-11-11,SKU0066,41,0,7,42
2024-11-18,SKU0066,204,191,7,42
2024-11-25,SKU0066,177,0,7,42
2024-12-02,SKU0066,144,0,7,42
2024-12-09,SKU0066,118,29,7,42
2024-12-16,SKU0066,103,0,7,42
2024-12-23,SKU0066,85,0,7,42
2024-12-30,SKU0066,58,0,7,42
2025-01-06,SKU0066,255,214,7,42
2025-01-13,SKU0066,233,0,7,42
2025-01-20,SKU0066,224,0,7,42
2025-01-27,SKU0066,208,0,7,42
2025-02-03,SKU0066,184,0,7,42
2025-02-10,SKU0066,165,0,7,42
2025-02-17,SKU0066,150,0,7,42
2025-02-24,SKU0066,126,0,7,42
2025-03-03,SKU0066,108,0,7,42
2025-03-10,SKU0066,94,0,7,42
2025-03-17,SKU0066,84,24,7,42
2025-03-24,SKU0066,67,0,7,42
2025-03-31,SKU0066,47,0,7,42
2025-04-07,SKU0066,166,137,7,42
2025-04-14,SKU0066,159,0,7,42
2025-04-21,SKU0066,147,0,7,42
2025-04-28,SKU0066,117,0,7,42
2025-05-05,SKU0066,110,0,7,42
2025-05-12,SKU0066,102,0,7,42
2025-05-19,SKU0066,96,14,7,42
2025-05-26,SKU0066,91,0,7,42
2025-06-02,SKU0066,64,0,7,42
2025-06-09,SKU0066,47,0,7,42
2025-06-16,SKU0066,267,228,7,42
2025-06-23,SKU0066,247,0,7,42
2025-06-30,SKU0066,218,0,7,42
2025-07-07,SKU0066,190,0,7,42
2025-07-14,SKU0066,184,9,7,42
2025-07-21,SKU0066,150,7,7,42
2025-07-28,SKU0066,116,0,7,42
2025-08-04,SKU0066,97,0,7,42
2025-08-11,SKU0066,72,0,7,42
2025-08-18,SKU0066,52,0,7,42
2025-08-25,SKU0066,46,5,7,42
2025-09-01,SKU0066,156,131,7,42
2025-09-08,SKU0066,136,0,7,42
2025-09-15,SKU0066,126,0,7,42
2025-09-22,SKU0066,97,0,7,42
2025-09-29,SKU0066,65,0,7,42
2025-10-06,SKU0066,181,141,7,42
2025-10-13,SKU0066,165,24,7,42
2025-10-20,SKU0066,133,0,7,42
2025-10-27,SKU0066,116,0,7,42
2025-11-03,SKU0066,84,0,7,42
2025-11-10,SKU0066,64,8,7,42
2025-11-17,SKU0066,180,150,7,42
2025-11-24,SKU0066,168,0,7,42
2025-12-01,SKU0066,152,0,7,42
2025-12-08,SKU0066,120,0,7,42
2025-12-15,SKU0066,95,28,7,42
2025-12-22,SKU0066,68,26,7,42
2025-12-29,SKU0066,48,11,7,42
2024-01-01,SKU0067,117,0,29,17
2024-01-08,SKU0067,84,0,29,17
2024-01-15,SKU0067,73,0,29,17
2024-01-22,SKU0067,50,9,29,17
2024-01-29,SKU0067,26,0,29,17
2024-02-05,SKU0067,2,0,29,17
2024-02-12,SKU0067,138,138,29,17
2024-02-19,SKU0067,116,0,29,17
2024-02-26,SKU0067,106,0,29,17
2024-03-04,SKU0067,97,0,29,17
2024-03-11,SKU0067,88,0,29,17
2024-03-18,SKU0067,69,0,29,17
2024-03-25,SKU0067,49,0,29,17
2024-04-01,SKU0067,193,178,29,17
2024-04-08,SKU0067,168,0,29,17
2024-04-15,SKU0067,139,18,29,17
2024-04-22,SKU0067,131,0,29,17
2024-04-29,SKU0067,113,0,29,17
2024-05-06,SKU0067,90,0,29,17
2024-05-13,SKU0067,68,0,29,17
2024-05-20,SKU0067,42,6,29,17
2024-05-27,SKU0067,35,0,29,17
2024-06-03,SKU0067,238,236,29,17
2024-06-10,SKU0067,227,0,29,17
2024-06-17,SKU0067,212,0,29,17
2024-06-24,SKU0067,193,15,29,17
2024-07-01,SKU0067,187,0,29,17
2024-07-08,SKU0067,160,0,29,17
2024-07-15,SKU0067,152,0,29,17
2024-07-22,SKU0067,138,20,29,17
2024-07-29,SKU0067,105,28,29,17
2024-08-05,SKU0067,81,0,29,17
2024-08-12,SKU0067,55,0,29,17
2024-08-19,SKU0067,46,0,29,17
2024-08-26,SKU0067,25,0,29,17
2024-09-02,SKU0067,3,12,29,17
2024-09-09,SKU0067,0,0,29,17
2024-09-16,SKU0067,80,80,29,17
2024-09-23,SKU0067,55,0,29,17
2024-09-30,SKU0067,45,0,29,17
2024-10-07,SKU0067,115,98,29,17
2024-10-14,SKU0067,108,0,29,17
2024-10-21,SKU0067,100,0,29,17
2024-10-28,SKU0067,80,0,29,17
2024-11-04,SKU0067,68,0,29,17
2024-11-11,SKU0067,52,0,29,17
2024-11-18,SKU0067,29,11,29,17
2024-11-25,SKU0067,20,0,29,17
2024-12-02,SKU0067,245,245,29,17
2024-12-09,SKU0067,228,0,29,17
2024-12-16,SKU0067,211,0,29,17
2024-12-23,SKU0067,188,0,29,17
2024-12-30,SKU0067,181,20,29,17
2025-01-06,SKU0067,168,9,29,17
2025-01-13,SKU0067,140,0,29,17
2025-01-20,SKU0067,122,0,29,17
2025-01-27,SKU0067,109,0,29,17
2025-02-03,SKU0067,99,0,29,17
2025-02-10,SKU0067,91,0,29,17
2025-02-17,SKU0067,75,17,29,17
2025-02-24,SKU0067,60,0,29,17
2025-03-03,SKU0067,39,21,29,17
2025-03-10,SKU0067,13,0,29,17
2025-03-17,SKU0067,105,105,29,17
2025-03-24,SKU0067,81,19,29,17
2025-03-31,SKU0067,50,0,29,17
2025-04-07,SKU0067,43,0,29,17
2025-04-14,SKU0067,33,0,29,17
2025-04-21,SKU0067,22,0,29,17
2025-04-28,SKU0067,150,150,29,17
2025-05-05,SKU0067,123,0,29,17
2025-05-12,SKU0067,98,0,29,17
2025-05-19,SKU0067,71,0,29,17
2025-05-26,SKU0067,39,25,29,17
2025-06-02,SKU0067,151,145,29,17
2025-06-09,SKU0067,143,0,29,17
2025-06-16,SKU0067,126,6,29,17
2025-06-23,SKU0067,105,13,29,17
2025-06-30,SKU0067,74,0,29,17
2025-07-07,SKU0067,56,0,29,17
2025-07-14,SKU0067,36,8,29,17
2025-07-21,SKU0067,6,3,29,17
2025-07-28,SKU0067,82,82,29,17
2025-08-04,SKU0067,59,23,29,17
2025-08-11,SKU0067,33,14,29,17
2025-08-18,SKU0067,26,0,29,17
2025-08-25,SKU0067,248,248,29,17
2025-09-01,SKU0067,234,0,29,17
2025-09-08,SKU0067,211,0,29,17
2025-09-15,SKU0067,205,0,29,17
2025-09-22,SKU0067,192,0,29,17
2025-09-29,SKU0067,160,0,29,17
2025-10-06,SKU0067,146,0,29,17
2025-10-13,SKU0067,118,0,29,17
2025-10-20,SKU0067,104,0,29,17
2025-10-27,SKU0067,96,0,29,17
2025-11-03,SKU0067,67,0,29,17
2025-11-10,SKU0067,46,0,29,17
2025-11-17,SKU0067,23,14,29,17
2025-11-24,SKU0067,140,127,29,17
2025-12-01,SKU0067,132,0,29,17
2025-12-08,SKU0067,119,4,29,17
2025-12-15,SKU0067,92,0,29,17
2025-12-22,SKU0067,76,16,29,17
2025-12-29,SKU0067,67,0,29,17
2024-01-01,SKU0068,177,0,19,43
2024-01-08,SKU0068,165,0,19,43
2024-01-15,SKU0068,138,0,19,43
2024-01-22,SKU0068,125,0,19,43
2024-01-29,SKU0068,105,0,19,43
2024-02-05,SKU0068,100,0,19,43
2024-02-12,SKU0068,86,21,19,43
2024-02-19,SKU0068,58,1,19,43
2024-02-26,SKU0068,33,0,19,43
2024-03-04,SKU0068,115,91,19,43
2024-03-11,SKU0068,96,0,19,43
2024-03-18,SKU0068,81,0,19,43
2024-03-25,SKU0068,65,0,19,43
2024-04-01,SKU0068,39,0,19,43
2024-04-08,SKU0068,107,91,19,43
2024-04-15,SKU0068,88,0,19,43
2024-04-22,SKU0068,83,0,19,43
2024-04-29,SKU0068,59,0,19,43
2024-05-06,SKU0068,36,20,19,43
2024-05-13,SKU0068,29,0,19,43
2024-05-20,SKU0068,210,196,19,43
2024-05-27,SKU0068,177,0,19,43
2024-06-03,SKU0068,143,0,19,43
2024-06-10,SKU0068,122,0,19,43
2024-06-17,SKU0068,111,0,19,43
2024-06-24,SKU0068,98,0,19,43
2024-07-01,SKU0068,68,0,19,43
2024-07-08,SKU0068,48,0,19,43
2024-07-15,SKU0068,192,169,19,43
2024-07-22,SKU0068,185,26,19,43
2024-07-29,SKU0068,158,6,19,43
2024-08-05,SKU0068,152,0,19,43
2024-08-12,SKU0068,125,21,19,43
2024-08-19,SKU0068,97,0,19,43
2024-08-26,SKU0068,83,0,19,43
2024-09-02,SKU0068,60,0,19,43
2024-09-09,SKU0068,186,145,19,43
2024-09-16,SKU0068,160,5,19,43
2024-09-23,SKU0068,140,9,19,43
2024-09-30,SKU0068,134,21,19,43
2024-10-07,SKU0068,103,27,19,43
2024-10-14,SKU0068,90,10,19,43
2024-10-21,SKU0068,63,0,19,43
2024-10-28,SKU0068,48,0,19,43
2024-11-04,SKU0068,245,230,19,43
2024-11-11,SKU0068,221,25,19,43
2024-11-18,SKU0068,188,0,19,43
2024-11-25,SKU0068,166,0,19,43
2024-12-02,SKU0068,153,0,19,43
2024-12-09,SKU0068,140,0,19,43
2024-12-16,SKU0068,119,0,19,43
2024-12-23,SKU0068,94,0,19,43
2024-12-30,SKU0068,79,0,19,43
2025-01-06,SKU0068,58,0,19,43
2025-01-13,SKU0068,47,0,19,43
2025-01-20,SKU0068,30,22,19,43
2025-01-27,SKU0068,127,114,19,43
2025-02-03,SKU0068,106,0,19,43
2025-02-10,SKU0068,97,0,19,43
2025-02-17,SKU0068,74,0,19,43
2025-02-24,SKU0068,56,0,19,43
2025-03-03,SKU0068,22,0,19,43
2025-03-10,SKU0068,149,141,19,43
2025-03-17,SKU0068,117,0,19,43
2025-03-24,SKU0068,103,0,19,43
2025-03-31,SKU0068,93,0,19,43
2025-04-07,SKU0068,64,0,19,43
2025-04-14,SKU0068,48,0,19,43
2025-04-21,SKU0068,42,0,19,43
2025-04-28,SKU0068,105,82,19,43
2025-05-05,SKU0068,97,0,19,43
2025-05-12,SKU0068,67,11,19,43
2025-05-19,SKU0068,57,17,19,43
2025-05-26,SKU0068,155,118,19,43
2025-06-02,SKU0068,131,0,19,43
2025-06-09,SKU0068,118,0,19,43
2025-06-16,SKU0068,109,9,19,43
2025-06-23,SKU0068,97,14,19,43
2025-06-30,SKU0068,66,0,19,43
2025-07-07,SKU0068,46,0,19,43
2025-07-14,SKU0068,16,13,19,43
2025-07-21,SKU0068,0,0,19,43
2025-07-28,SKU0068,156,156,19,43
2025-08-04,SKU0068,147,0,19,43
2025-08-11,SKU0068,113,0,19,43
2025-08-18,SKU0068,101,0,19,43
2025-08-25,SKU0068,91,0,19,43
2025-09-01,SKU0068,73,0,19,43
2025-09-08,SKU0068,49,0,19,43
2025-09-15,SKU0068,268,236,19,43
2025-09-22,SKU0068,236,0,19,43
2025-09-29,SKU0068,225,0,19,43
2025-10-06,SKU0068,219,23,19,43
2025-10-13,SKU0068,196,0,19,43
2025-10-20,SKU0068,185,0,19,43
2025-10-27,SKU0068,154,0,19,43
2025-11-03,SKU0068,143,0,19,43
2025-11-10,SKU0068,122,0,19,43
2025-11-17,SKU0068,95,5,19,43
2025-11-24,SKU0068,77,0,19,43
2025-12-01,SKU0068,65,5,19,43
2025-12-08,SKU0068,44,0,19,43
2025-12-15,SKU0068,103,90,19,43
2025-12-22,SKU0068,75,0,19,43
2025-12-29,SKU0068,69,0,19,43
2024-01-01,SKU0069,230,11,14,40
2024-01-08,SKU0069,218,0,14,40
2024-01-15,SKU0069,196,0,14,40
2024-01-22,SKU0069,174,0,14,40
2024-01-29,SKU0069,159,0,14,40
2024-02-05,SKU0069,149,1,14,40
2024-02-12,SKU0069,139,0,14,40
2024-02-19,SKU0069,123,0,14,40
2024-02-26,SKU0069,92,0,14,40
2024-03-04,SKU0069,85,0,14,40
2024-03-11,SKU0069,79,0,14,40
2024-03-18,SKU0069,51,0,14,40
2024-03-25,SKU0069,25,0,14,40
2024-04-01,SKU0069,242,242,14,40
2024-04-08,SKU0069,218,0,14,40
2024-04-15,SKU0069,189,0,14,40
2024-04-22,SKU0069,164,0,14,40
2024-04-29,SKU0069,131,0,14,40
2024-05-06,SKU0069,98,0,14,40
2024-05-13,SKU0069,77,27,14,40
2024-05-20,SKU0069,46,19,14,40
2024-05-27,SKU0069,144,130,14,40
2024-06-03,SKU0069,110,14,14,40
2024-06-10,SKU0069,76,7,14,40
2024-06-17,SKU0069,45,0,14,40
2024-06-24,SKU0069,21,0,14,40
2024-07-01,SKU0069,15,7,14,40
2024-07-08,SKU0069,7,0,14,40
2024-07-15,SKU0069,214,214,14,40
2024-07-22,SKU0069,209,0,14,40
2024-07-29,SKU0069,178,0,14,40
2024-08-05,SKU0069,161,0,14,40
2024-08-12,SKU0069,143,0,14,40
2024-08-19,SKU0069,126,0,14,40
2024-08-26,SKU0069,97,0,14,40
2024-09-02,SKU0069,88,0,14,40
2024-09-09,SKU0069,68,0,14,40
2024-09-16,SKU0069,194,155,14,40
2024-09-23,SKU0069,164,0,14,40
2024-09-30,SKU0069,147,0,14,40
2024-10-07,SKU0069,121,0,14,40
2024-10-14,SKU0069,112,0,14,40
2024-10-21,SKU0069,101,0,14,40
2024-10-28,SKU0069,78,0,14,40
2024-11-04,SKU0069,70,0,14,40
2024-11-11,SKU0069,141,101,14,40
2024-11-18,SKU0069,117,0,14,40
2024-11-25,SKU0069,87,0,14,40
2024-12-02,SKU0069,75,0,14,40
2024-12-09,SKU0069,67,0,14,40
2024-12-16,SKU0069,58,0,14,40
2024-12-23,SKU0069,245,213,14,40
2024-12-30,SKU0069,240,0,14,40
2025-01-06,SKU0069,224,0,14,40
2025-01-13,SKU0069,199,0,14,40
2025-01-20,SKU0069,172,0,14,40
2025-01-27,SKU0069,139,0,14,40
2025-02-03,SKU0069,106,19,14,40
2025-02-10,SKU0069,79,0,14,40
2025-02-17,SKU0069,50,0,14,40
2025-02-24,SKU0069,130,110,14,40
2025-03-03,SKU0069,99,0,14,40
2025-03-10,SKU0069,68,29,14,40
2025-03-17,SKU0069,56,0,14,40
2025-03-24,SKU0069,24,0,14,40
2025-03-31,SKU0069,144,144,14,40
2025-04-07,SKU0069,128,0,14,40
2025-04-14,SKU0069,106,0,14,40
2025-04-21,SKU0069,95,4,14,40
2025-04-28,SKU0069,83,0,14,40
2025-05-05,SKU0069,75,17,14,40
2025-05-12,SKU0069,52,0,14,40
2025-05-19,SKU0069,26,0,14,40
2025-05-26,SKU0069,80,80,14,40
2025-06-02,SKU0069,61,0,14,40
2025-06-09,SKU0069,49,0,14,40
2025-06-16,SKU0069,237,207,14,40
2025-06-23,SKU0069,228,9,14,40
2025-06-30,SKU0069,217,0,14,40
2025-07-07,SKU0069,206,0,14,40
2025-07-14,SKU0069,186,0,14,40
2025-07-21,SKU0069,153,0,14,40
2025-07-28,SKU0069,148,0,14,40
2025-08-04,SKU0069,139,22,14,40
2025-08-11,SKU0069,115,26,14,40
2025-08-18,SKU0069,105,0,14,40
2025-08-25,SKU0069,94,0,14,40
2025-09-01,SKU0069,78,0,14,40
2025-09-08,SKU0069,57,0,14,40
2025-09-15,SKU0069,138,114,14,40
2025-09-22,SKU0069,108,0,14,40
2025-09-29,SKU0069,98,0,14,40
2025-10-06,SKU0069,84,15,14,40
2025-10-13,SKU0069,63,0,14,40
2025-10-20,SKU0069,46,0,14,40
2025-10-27,SKU0069,167,148,14,40
2025-11-03,SKU0069,160,0,14,40
2025-11-10,SKU0069,145,0,14,40
2025-11-17,SKU0069,124,0,14,40
2025-11-24,SKU0069,102,0,14,40
2025-12-01,SKU0069,82,0,14,40
2025-12-08,SKU0069,50,0,14,40
2025-12-15,SKU0069,43,0,14,40
2025-12-22,SKU0069,147,123,14,40
2025-12-29,SKU0069,128,0,14,40
2024-01-01,SKU0070,130,10,11,57
2024-01-08,SKU0070,124,0,11,57
2024-01-15,SKU0070,107,0,11,57
2024-01-22,SKU0070,73,0,11,57
2024-01-29,SKU0070,55,0,11,57
2024-02-05,SKU0070,47,0,11,57
2024-02-12,SKU0070,141,106,11,57
2024-02-19,SKU0070,107,0,11,57
2024-02-26,SKU0070,100,14,11,57
2024-03-04,SKU0070,88,0,11,57
2024-03-11,SKU0070,78,0,11,57
2024-03-18,SKU0070,61,0,11,57
2024-03-25,SKU0070,188,151,11,57
2024-04-01,SKU0070,169,0,11,57
2024-04-08,SKU0070,141,0,11,57
2024-04-15,SKU0070,113,0,11,57
2024-04-22,SKU0070,99,0,11,57
2024-04-29,SKU0070,71,0,11,57
2024-05-06,SKU0070,44,0,11,57
2024-05-13,SKU0070,17,0,11,57
2024-05-20,SKU0070,3,0,11,57
2024-05-27,SKU0070,81,81,11,57
2024-06-03,SKU0070,70,0,11,57
2024-06-10,SKU0070,48,0,11,57
2024-06-17,SKU0070,25,0,11,57
2024-06-24,SKU0070,113,113,11,57
2024-07-01,SKU0070,86,21,11,57
2024-07-08,SKU0070,268,215,11,57
2024-07-15,SKU0070,239,0,11,57
2024-07-22,SKU0070,220,0,11,57
2024-07-29,SKU0070,197,0,11,57
2024-08-05,SKU0070,171,0,11,57
2024-08-12,SKU0070,157,0,11,57
2024-08-19,SKU0070,135,0,11,57
2024-08-26,SKU0070,117,0,11,57
2024-09-02,SKU0070,97,0,11,57
2024-09-09,SKU0070,88,0,11,57
2024-09-16,SKU0070,61,0,11,57
2024-09-23,SKU0070,274,241,11,57
2024-09-30,SKU0070,263,0,11,57
2024-10-07,SKU0070,256,21,11,57
2024-10-14,SKU0070,228,0,11,57
2024-10-21,SKU0070,223,0,11,57
2024-10-28,SKU0070,204,0,11,57
2024-11-04,SKU0070,183,0,11,57
2024-11-11,SKU0070,169,0,11,57
2024-11-18,SKU0070,143,26,11,57
2024-11-25,SKU0070,118,9,11,57
2024-12-02,SKU0070,84,12,11,57
2024-12-09,SKU0070,60,22,11,57
2024-12-16,SKU0070,238,193,11,57
2024-12-23,SKU0070,233,14,11,57
2024-12-30,SKU0070,225,0,11,57
2025-01-06,SKU0070,199,0,11,57
2025-01-13,SKU0070,188,0,11,57
2025-01-20,SKU0070,155,0,11,57
2025-01-27,SKU0070,147,21,11,57
2025-02-03,SKU0070,121,13,11,57
2025-02-10,SKU0070,99,0,11,57
2025-02-17,SKU0070,74,0,11,57
2025-02-24,SKU0070,46,8,11,57
2025-03-03,SKU0070,216,183,11,57
2025-03-10,SKU0070,210,5,11,57
2025-03-17,SKU0070,204,0,11,57
2025-03-24,SKU0070,180,0,11,57
2025-03-31,SKU0070,155,0,11,57
2025-04-07,SKU0070,121,28,11,57
2025-04-14,SKU0070,112,3,11,57
2025-04-21,SKU0070,94,0,11,57
2025-04-28,SKU0070,89,8,11,57
2025-05-05,SKU0070,62,0,11,57
2025-05-12,SKU0070,158,120,11,57
2025-05-19,SKU0070,125,0,11,57
2025-05-26,SKU0070,100,0,11,57
2025-06-02,SKU0070,80,0,11,57
2025-06-09,SKU0070,65,0,11,57
2025-06-16,SKU0070,129,91,11,57
2025-06-23,SKU0070,108,0,11,57
2025-06-30,SKU0070,96,0,11,57
2025-07-07,SKU0070,71,0,11,57
2025-07-14,SKU0070,60,0,11,57
2025-07-21,SKU0070,266,235,11,57
2025-07-28,SKU0070,251,0,11,57
2025-08-04,SKU0070,241,0,11,57
2025-08-11,SKU0070,217,0,11,57
2025-08-18,SKU0070,200,15,11,57
2025-08-25,SKU0070,171,0,11,57
2025-09-01,SKU0070,159,0,11,57
2025-09-08,SKU0070,145,0,11,57
2025-09-15,SKU0070,129,0,11,57
2025-09-22,SKU0070,118,2,11,57
2025-09-29,SKU0070,89,29,11,57
2025-10-06,SKU0070,56,0,11,57
2025-10-13,SKU0070,286,238,11,57
2025-10-20,SKU0070,262,0,11,57
2025-10-27,SKU0070,240,0,11,57
2025-11-03,SKU0070,233,0,11,57
2025-11-10,SKU0070,227,0,11,57
2025-11-17,SKU0070,199,0,11,57
2025-11-24,SKU0070,190,0,11,57
2025-12-01,SKU0070,157,0,11,57
2025-12-08,SKU0070,128,26,11,57
2025-12-15,SKU0070,118,0,11,57
2025-12-22,SKU0070,107,0,11,57
2025-12-29,SKU0070,78,0,11,57
2024-01-01,SKU0071,69,0,29,30
2024-01-08,SKU0071,52,0,29,30
2024-01-15,SKU0071,42,0,29,30
2024-01-22,SKU0071,34,14,29,30
2024-01-29,SKU0071,2,0,29,30
2024-02-05,SKU0071,130,130,29,30
2024-02-12,SKU0071,107,0,29,30
2024-02-19,SKU0071,90,0,29,30
2024-02-26,SKU0071,61,0,29,30
2024-03-04,SKU0071,44,0,29,30
2024-03-11,SKU0071,124,101,29,30
2024-03-18,SKU0071,101,0,29,30
2024-03-25,SKU0071,87,16,29,30
2024-04-01,SKU0071,66,0,29,30
2024-04-08,SKU0071,54,20,29,30
2024-04-15,SKU0071,41,14,29,30
2024-04-22,SKU0071,146,136,29,30
2024-04-29,SKU0071,133,0,29,30
2024-05-06,SKU0071,114,11,29,30
2024-05-13,SKU0071,87,0,29,30
2024-05-20,SKU0071,67,0,29,30
2024-05-27,SKU0071,47,0,29,30
2024-06-03,SKU0071,28,0,29,30
2024-06-10,SKU0071,123,121,29,30
2024-06-17,SKU0071,99,5,29,30
2024-06-24,SKU0071,80,26,29,30
2024-07-01,SKU0071,70,0,29,30
2024-07-08,SKU0071,44,26,29,30
2024-07-15,SKU0071,25,0,29,30
2024-07-22,SKU0071,4,18,29,30
2024-07-29,SKU0071,0,0,29,30
2024-08-05,SKU0071,0,0,29,30
2024-08-12,SKU0071,175,175,29,30
2024-08-19,SKU0071,149,0,29,30
2024-08-26,SKU0071,131,0,29,30
2024-09-02,SKU0071,125,0,29,30
2024-09-09,SKU0071,104,0,29,30
2024-09-16,SKU0071,88,0,29,30
2024-09-23,SKU0071,60,0,29,30
2024-09-30,SKU0071,47,21,29,30
2024-10-07,SKU0071,34,19,29,30
2024-10-14,SKU0071,10,0,29,30
2024-10-21,SKU0071,228,228,29,30
2024-10-28,SKU0071,213,22,29,30
2024-11-04,SKU0071,194,0,29,30
2024-11-11,SKU0071,178,8,29,30
2024-11-18,SKU0071,169,0,29,30
2024-11-25,SKU0071,145,0,29,30
2024-12-02,SKU0071,137,0,29,30
2024-12-09,SKU0071,110,0,29,30
2024-12-16,SKU0071,90,0,29,30
2024-12-23,SKU0071,85,0,29,30
2024-12-30,SKU0071,68,0,29,30
2025-01-06,SKU0071,48,0,29,30
2025-01-13,SKU0071,38,0,29,30
2025-01-20,SKU0071,235,215,29,30
2025-01-27,SKU0071,208,0,29,30
2025-02-03,SKU0071,185,0,29,30
2025-02-10,SKU0071,151,0,29,30
2025-02-17,SKU0071,142,0,29,30
2025-02-24,SKU0071,130,18,29,30
2025-03-03,SKU0071,119,0,29,30
2025-03-10,SKU0071,112,0,29,30
2025-03-17,SKU0071,101,0,29,30
2025-03-24,SKU0071,80,0,29,30
2025-03-31,SKU0071,70,0,29,30
2025-04-07,SKU0071,61,0,29,30
2025-04-14,SKU0071,54,0,29,30
2025-04-21,SKU0071,42,14,29,30
2025-04-28,SKU0071,32,0,29,30
2025-05-05,SKU0071,122,100,29,30
2025-05-12,SKU0071,88,0,29,30
2025-05-19,SKU0071,60,0,29,30
2025-05-26,SKU0071,245,215,29,30
2025-06-02,SKU0071,224,0,29,30
2025-06-09,SKU0071,200,13,29,30
2025-06-16,SKU0071,175,0,29,30
2025-06-23,SKU0071,157,0,29,30
2025-06-30,SKU0071,127,0,29,30
2025-07-07,SKU0071,121,0,29,30
2025-07-14,SKU0071,107,0,29,30
2025-07-21,SKU0071,85,0,29,30
2025-07-28,SKU0071,67,0,29,30
2025-08-04,SKU0071,57,8,29,30
2025-08-11,SKU0071,47,0,29,30
2025-08-18,SKU0071,121,97,29,30
2025-08-25,SKU0071,99,0,29,30
2025-09-01,SKU0071,82,0,29,30
2025-09-08,SKU0071,67,0,29,30
2025-09-15,SKU0071,48,0,29,30
2025-09-22,SKU0071,119,99,29,30
2025-09-29,SKU0071,88,0,29,30
2025-10-06,SKU0071,65,0,29,30
2025-10-13,SKU0071,39,9,29,30
2025-10-20,SKU0071,266,247,29,30
2025-10-27,SKU0071,253,0,29,30
2025-11-03,SKU0071,228,0,29,30
2025-11-10,SKU0071,219,0,29,30
2025-11-17,SKU0071,197,0,29,30
2025-11-24,SKU0071,167,0,29,30
2025-12-01,SKU0071,134,0,29,30
2025-12-08,SKU0071,113,5,29,30
2025-12-15,SKU0071,102,0,29,30
2025-12-22,SKU0071,84,0,29,30
2025-12-29,SKU0071,77,29,29,30
2024-01-01,SKU0072,76,0,21,41
2024-01-08,SKU0072,55,0,21,41
2024-01-15,SKU0072,30,0,21,41
2024-01-22,SKU0072,142,139,21,41
2024-01-29,SKU0072,128,0,21,41
2024-02-05,SKU0072,99,0,21,41
2024-02-12,SKU0072,84,0,21,41
2024-02-19,SKU0072,73,0,21,41
2024-02-26,SKU0072,50,0,21,41
2024-03-04,SKU0072,188,160,21,41
2024-03-11,SKU0072,160,0,21,41
2024-03-18,SKU0072,140,0,21,41
2024-03-25,SKU0072,107,11,21,41
2024-04-01,SKU0072,86,0,21,41
2024-04-08,SKU0072,74,0,21,41
2024-04-15,SKU0072,45,0,21,41
2024-04-22,SKU0072,250,219,21,41
2024-04-29,SKU0072,216,0,21,41
2024-05-06,SKU0072,208,0,21,41
2024-05-13,SKU0072,199,0,21,41
2024-05-20,SKU0072,189,0,21,41
2024-05-27,SKU0072,161,0,21,41
2024-06-03,SKU0072,130,0,21,41
2024-06-10,SKU0072,108,20,21,41
2024-06-17,SKU0072,92,9,21,41
2024-06-24,SKU0072,76,0,21,41
2024-07-01,SKU0072,54,25,21,41
2024-07-08,SKU0072,24,0,21,41
2024-07-15,SKU0072,117,100,21,41
2024-07-22,SKU0072,88,0,21,41
2024-07-29,SKU0072,80,0,21,41
2024-08-05,SKU0072,73,0,21,41
2024-08-12,SKU0072,39,0,21,41
2024-08-19,SKU0072,134,111,21,41
2024-08-26,SKU0072,111,0,21,41
2024-09-02,SKU0072,84,0,21,41
2024-09-09,SKU0072,65,0,21,41
2024-09-16,SKU0072,56,0,21,41
2024-09-23,SKU0072,46,0,21,41
2024-09-30,SKU0072,246,230,21,41
2024-10-07,SKU0072,229,0,21,41
2024-10-14,SKU0072,199,0,21,41
2024-10-21,SKU0072,194,0,21,41
2024-10-28,SKU0072,168,0,21,41
2024-11-04,SKU0072,135,0,21,41
2024-11-11,SKU0072,118,0,21,41
2024-11-18,SKU0072,107,0,21,41
2024-11-25,SKU0072,90,0,21,41
2024-12-02,SKU0072,61,0,21,41
2024-12-09,SKU0072,43,0,21,41
2024-12-16,SKU0072,153,124,21,41
2024-12-23,SKU0072,126,0,21,41
2024-12-30,SKU0072,116,0,21,41
2025-01-06,SKU0072,92,0,21,41
2025-01-13,SKU0072,76,0,21,41
2025-01-20,SKU0072,49,0,21,41
2025-01-27,SKU0072,202,171,21,41
2025-02-03,SKU0072,194,15,21,41
2025-02-10,SKU0072,178,0,21,41
2025-02-17,SKU0072,167,0,21,41
2025-02-24,SKU0072,155,9,21,41
2025-03-03,SKU0072,140,27,21,41
2025-03-10,SKU0072,132,24,21,41
2025-03-17,SKU0072,107,0,21,41
2025-03-24,SKU0072,77,18,21,41
2025-03-31,SKU0072,53,0,21,41
2025-04-07,SKU0072,150,131,21,41
2025-04-14,SKU0072,142,0,21,41
2025-04-21,SKU0072,125,0,21,41
2025-04-28,SKU0072,92,0,21,41
2025-05-05,SKU0072,86,0,21,41
2025-05-12,SKU0072,63,1,21,41
2025-05-19,SKU0072,54,0,21,41
2025-05-26,SKU0072,44,0,21,41
2025-06-02,SKU0072,199,164,21,41
2025-06-09,SKU0072,187,6,21,41
2025-06-16,SKU0072,166,0,21,41
2025-06-23,SKU0072,159,0,21,41
2025-06-30,SKU0072,138,0,21,41
2025-07-07,SKU0072,126,0,21,41
2025-07-14,SKU0072,104,0,21,41
2025-07-21,SKU0072,99,0,21,41
2025-07-28,SKU0072,94,0,21,41
2025-08-04,SKU0072,85,0,21,41
2025-08-11,SKU0072,79,0,21,41
2025-08-18,SKU0072,48,0,21,41
2025-08-25,SKU0072,157,118,21,41
2025-09-01,SKU0072,152,0,21,41
2025-09-08,SKU0072,147,0,21,41
2025-09-15,SKU0072,128,0,21,41
2025-09-22,SKU0072,96,0,21,41
2025-09-29,SKU0072,62,0,21,41
2025-10-06,SKU0072,29,0,21,41
2025-10-13,SKU0072,16,0,21,41
2025-10-20,SKU0072,10,0,21,41
2025-10-27,SKU0072,158,156,21,41
2025-11-03,SKU0072,133,0,21,41
2025-11-10,SKU0072,118,0,21,41
2025-11-17,SKU0072,91,0,21,41
2025-11-24,SKU0072,82,1,21,41
2025-12-01,SKU0072,62,0,21,41
2025-12-08,SKU0072,242,208,21,41
2025-12-15,SKU0072,232,0,21,41
2025-12-22,SKU0072,227,0,21,41
2025-12-29,SKU0072,201,0,21,41
2024-01-01,SKU0073,157,0,26,36
2024-01-08,SKU0073,133,0,26,36
2024-01-15,SKU0073,125,29,26,36
2024-01-22,SKU0073,119,15,26,36
2024-01-29,SKU0073,111,0,26,36
2024-02-05,SKU0073,89,0,26,36
2024-02-12,SKU0073,68,0,26,36
2024-02-19,SKU0073,37,18,26,36
2024-02-26,SKU0073,190,171,26,36
2024-03-04,SKU0073,161,0,26,36
2024-03-11,SKU0073,129,25,26,36
2024-03-18,SKU0073,106,0,26,36
2024-03-25,SKU0073,98,16,26,36
2024-04-01,SKU0073,78,0,26,36
2024-04-08,SKU0073,54,0,26,36
2024-04-15,SKU0073,188,167,26,36
2024-04-22,SKU0073,166,27,26,36
2024-04-29,SKU0073,150,0,26,36
2024-05-06,SKU0073,139,0,26,36
2024-05-13,SKU0073,125,21,26,36
2024-05-20,SKU0073,95,0,26,36
2024-05-27,SKU0073,85,0,26,36
2024-06-03,SKU0073,61,0,26,36
2024-06-10,SKU0073,56,21,26,36
2024-06-17,SKU0073,145,109,26,36
2024-06-24,SKU0073,118,0,26,36
2024-07-01,SKU0073,100,0,26,36
2024-07-08,SKU0073,84,0,26,36
2024-07-15,SKU0073,67,0,26,36
2024-07-22,SKU0073,38,0,26,36
2024-07-29,SKU0073,249,230,26,36
2024-08-05,SKU0073,243,0,26,36
2024-08-12,SKU0073,238,0,26,36
2024-08-19,SKU0073,230,0,26,36
2024-08-26,SKU0073,221,0,26,36
2024-09-02,SKU0073,194,0,26,36
2024-09-09,SKU0073,184,0,26,36
2024-09-16,SKU0073,159,0,26,36
2024-09-23,SKU0073,148,8,26,36
2024-09-30,SKU0073,118,0,26,36
2024-10-07,SKU0073,97,3,26,36
2024-10-14,SKU0073,91,0,26,36
2024-10-21,SKU0073,71,0,26,36
2024-10-28,SKU0073,37,0,26,36
2024-11-04,SKU0073,4,20,26,36
2024-11-11,SKU0073,84,84,26,36
2024-11-18,SKU0073,71,22,26,36
2024-11-25,SKU0073,64,21,26,36
2024-12-02,SKU0073,37,0,26,36
2024-12-09,SKU0073,271,246,26,36
2024-12-16,SKU0073,266,0,26,36
2024-12-23,SKU0073,251,0,26,36
2024-12-30,SKU0073,217,0,26,36
2025-01-06,SKU0073,186,9,26,36
2025-01-13,SKU0073,169,0,26,36
2025-01-20,SKU0073,160,0,26,36
2025-01-27,SKU0073,155,0,26,36
2025-02-03,SKU0073,126,0,26,36
2025-02-10,SKU0073,109,0,26,36
2025-02-17,SKU0073,88,0,26,36
2025-02-24,SKU0073,57,0,26,36
2025-03-03,SKU0073,51,0,26,36
2025-03-10,SKU0073,216,191,26,36
2025-03-17,SKU0073,200,0,26,36
2025-03-24,SKU0073,189,0,26,36
2025-03-31,SKU0073,179,0,26,36
2025-04-07,SKU0073,164,0,26,36
2025-04-14,SKU0073,141,0,26,36
2025-04-21,SKU0073,110,0,26,36
2025-04-28,SKU0073,85,0,26,36
2025-05-05,SKU0073,56,0,26,36
2025-05-12,SKU0073,34,0,26,36
2025-05-19,SKU0073,28,0,26,36
2025-05-26,SKU0073,223,205,26,36
2025-06-02,SKU0073,198,0,26,36
2025-06-09,SKU0073,184,0,26,36
2025-06-16,SKU0073,157,11,26,36
2025-06-23,SKU0073,132,0,26,36
2025-06-30,SKU0073,116,3,26,36
2025-07-07,SKU0073,102,0,26,36
2025-07-14,SKU0073,88,21,26,36
2025-07-21,SKU0073,75,0,26,36
2025-07-28,SKU0073,66,0,26,36
2025-08-04,SKU0073,33,7,26,36
2025-08-11,SKU0073,171,165,26,36
2025-08-18,SKU0073,154,0,26,36
2025-08-25,SKU0073,121,21,26,36
2025-09-01,SKU0073,106,0,26,36
2025-09-08,SKU0073,88,20,26,36
2025-09-15,SKU0073,57,0,26,36
2025-09-22,SKU0073,142,108,26,36
2025-09-29,SKU0073,122,10,26,36
2025-10-06,SKU0073,115,0,26,36
2025-10-13,SKU0073,95,0,26,36
2025-10-20,SKU0073,86,0,26,36
2025-10-27,SKU0073,69,0,26,36
2025-11-03,SKU0073,47,0,26,36
2025-11-10,SKU0073,141,117,26,36
2025-11-17,SKU0073,118,0,26,36
2025-11-24,SKU0073,95,0,26,36
2025-12-01,SKU0073,75,0,26,36
2025-12-08,SKU0073,60,0,26,36
2025-12-15,SKU0073,39,13,26,36
2025-12-22,SKU0073,129,124,26,36
2025-12-29,SKU0073,95,0,26,36
2024-01-01,SKU0074,87,0,27,23
2024-01-08,SKU0074,56,0,27,23
2024-01-15,SKU0074,158,136,27,23
2024-01-22,SKU0074,134,8,27,23
2024-01-29,SKU0074,129,0,27,23
2024-02-05,SKU0074,101,0,27,23
2024-02-12,SKU0074,83,0,27,23
2024-02-19,SKU0074,65,0,27,23
2024-02-26,SKU0074,41,0,27,23
2024-03-04,SKU0074,10,0,27,23
2024-03-11,SKU0074,81,81,27,23
2024-03-18,SKU0074,48,18,27,23
2024-03-25,SKU0074,39,0,27,23
2024-04-01,SKU0074,12,17,27,23
2024-04-08,SKU0074,212,212,27,23
2024-04-15,SKU0074,207,0,27,23
2024-04-22,SKU0074,194,0,27,23
2024-04-29,SKU0074,177,22,27,23
2024-05-06,SKU0074,170,5,27,23
2024-05-13,SKU0074,163,0,27,23
2024-05-20,SKU0074,135,0,27,23
2024-05-27,SKU0074,126,0,27,23
2024-06-03,SKU0074,104,0,27,23
2024-06-10,SKU0074,70,0,27,23
2024-06-17,SKU0074,64,0,27,23
2024-06-24,SKU0074,33,0,27,23
2024-07-01,SKU0074,118,103,27,23
2024-07-08,SKU0074,99,0,27,23
2024-07-15,SKU0074,65,0,27,23
2024-07-22,SKU0074,57,0,27,23
2024-07-29,SKU0074,46,1,27,23
2024-08-05,SKU0074,33,2,27,23
2024-08-12,SKU0074,93,90,27,23
2024-08-19,SKU0074,61,0,27,23
2024-08-26,SKU0074,31,0,27,23
2024-09-02,SKU0074,20,0,27,23
2024-09-09,SKU0074,0,0,27,23
2024-09-16,SKU0074,0,0,27,23
2024-09-23,SKU0074,127,127,27,23
2024-09-30,SKU0074,120,0,27,23
2024-10-07,SKU0074,103,2,27,23
2024-10-14,SKU0074,73,0,27,23
2024-10-21,SKU0074,68,0,27,23
2024-10-28,SKU0074,48,0,27,23
2024-11-04,SKU0074,32,0,27,23
2024-11-11,SKU0074,18,0,27,23
2024-11-18,SKU0074,233,229,27,23
2024-11-25,SKU0074,213,22,27,23
2024-12-02,SKU0074,188,0,27,23
2024-12-09,SKU0074,164,0,27,23
2024-12-16,SKU0074,132,0,27,23
2024-12-23,SKU0074,122,0,27,23
2024-12-30,SKU0074,94,0,27,23
2025-01-06,SKU0074,79,0,27,23
2025-01-13,SKU0074,61,9,27,23
2025-01-20,SKU0074,37,0,27,23
2025-01-27,SKU0074,14,0,27,23
2025-02-03,SKU0074,2,0,27,23
2025-02-10,SKU0074,0,26,27,23
2025-02-17,SKU0074,0,1,27,23
2025-02-24,SKU0074,0,0,27,23
2025-03-03,SKU0074,111,111,27,23
2025-03-10,SKU0074,93,0,27,23
2025-03-17,SKU0074,85,20,27,23
2025-03-24,SKU0074,79,14,27,23
2025-03-31,SKU0074,65,18,27,23
2025-04-07,SKU0074,49,0,27,23
2025-04-14,SKU0074,39,0,27,23
2025-04-21,SKU0074,30,0,27,23
2025-04-28,SKU0074,238,235,27,23
2025-05-05,SKU0074,225,0,27,23
2025-05-12,SKU0074,192,0,27,23
2025-05-19,SKU0074,176,0,27,23
2025-05-26,SKU0074,153,0,27,23
2025-06-02,SKU0074,137,0,27,23
2025-06-09,SKU0074,128,0,27,23
2025-06-16,SKU0074,108,0,27,23
2025-06-23,SKU0074,103,0,27,23
2025-06-30,SKU0074,69,11,27,23
2025-07-07,SKU0074,35,0,27,23
2025-07-14,SKU0074,160,154,27,23
2025-07-21,SKU0074,140,0,27,23
2025-07-28,SKU0074,115,0,27,23
2025-08-04,SKU0074,91,0,27,23
2025-08-11,SKU0074,77,0,27,23
2025-08-18,SKU0074,52,0,27,23
2025-08-25,SKU0074,44,7,27,23
2025-09-01,SKU0074,28,0,27,23
2025-09-08,SKU0074,168,148,27,23
2025-09-15,SKU0074,162,28,27,23
2025-09-22,SKU0074,152,26,27,23
2025-09-29,SKU0074,143,0,27,23
2025-10-06,SKU0074,126,0,27,23
2025-10-13,SKU0074,114,0,27,23
2025-10-20,SKU0074,93,0,27,23
2025-10-27,SKU0074,74,0,27,23
2025-11-03,SKU0074,65,0,27,23
2025-11-10,SKU0074,59,14,27,23
2025-11-17,SKU0074,50,0,27,23
2025-11-24,SKU0074,31,0,27,23
2025-12-01,SKU0074,213,195,27,23
2025-12-08,SKU0074,183,0,27,23
2025-12-15,SKU0074,172,25,27,23
2025-12-22,SKU0074,160,0,27,23
2025-12-29,SKU0074,131,21,27,23
2024-01-01,SKU0075,268,0,9,26
2024-01-08,SKU0075,262,0,9,26
2024-01-15,SKU0075,244,0,9,26
2024-01-22,SKU0075,235,0,9,26
2024-01-29,SKU0075,202,24,9,26
2024-02-05,SKU0075,190,25,9,26
2024-02-12,SKU0075,174,0,9,26
2024-02-19,SKU0075,166,10,9,26
2024-02-26,SKU0075,158,0,9,26
2024-03-04,SKU0075,138,5,9,26
2024-03-11,SKU0075,110,0,9,26
2024-03-18,SKU0075,76,0,9,26
2024-03-25,SKU0075,59,0,9,26
2024-04-01,SKU0075,46,0,9,26
2024-04-08,SKU0075,34,26,9,26
2024-04-15,SKU0075,8,0,9,26
2024-04-22,SKU0075,176,176,9,26
2024-04-29,SKU0075,171,0,9,26
2024-05-06,SKU0075,163,11,9,26
2024-05-13,SKU0075,135,0,9,26
2024-05-20,SKU0075,122,0,9,26
2024-05-27,SKU0075,93,0,9,26
2024-06-03,SKU0075,78,0,9,26
2024-06-10,SKU0075,51,0,9,26
2024-06-17,SKU0075,43,0,9,26
2024-06-24,SKU0075,100,87,9,26
2024-07-01,SKU0075,83,0,9,26
2024-07-08,SKU0075,61,0,9,26
2024-07-15,SKU0075,38,0,9,26
2024-07-22,SKU0075,135,118,9,26
2024-07-29,SKU0075,105,0,9,26
2024-08-05,SKU0075,97,3,9,26
2024-08-12,SKU0075,74,0,9,26
2024-08-19,SKU0075,66,23,9,26
2024-08-26,SKU0075,50,0,9,26
2024-09-02,SKU0075,39,0,9,26
2024-09-09,SKU0075,34,0,9,26
2024-09-16,SKU0075,16,0,9,26
2024-09-23,SKU0075,233,233,9,26
2024-09-30,SKU0075,203,29,9,26
2024-10-07,SKU0075,194,7,9,26
2024-10-14,SKU0075,170,0,9,26
2024-10-21,SKU0075,141,0,9,26
2024-10-28,SKU0075,133,0,9,26
2024-11-04,SKU0075,119,9,9,26
2024-11-11,SKU0075,91,9,9,26
2024-11-18,SKU0075,57,0,9,26
2024-11-25,SKU0075,27,0,9,26
2024-12-02,SKU0075,19,0,9,26
2024-12-09,SKU0075,208,201,9,26
2024-12-16,SKU0075,184,0,9,26
2024-12-23,SKU0075,177,0,9,26
2024-12-30,SKU0075,164,0,9,26
2025-01-06,SKU0075,139,0,9,26
2025-01-13,SKU0075,131,0,9,26
2025-01-20,SKU0075,122,0,9,26
2025-01-27,SKU0075,114,9,9,26
2025-02-03,SKU0075,98,0,9,26
2025-02-10,SKU0075,65,0,9,26
2025-02-17,SKU0075,34,0,9,26
2025-02-24,SKU0075,5,0,9,26
2025-03-03,SKU0075,127,127,9,26
2025-03-10,SKU0075,112,0,9,26
2025-03-17,SKU0075,99,0,9,26
2025-03-24,SKU0075,73,0,9,26
2025-03-31,SKU0075,53,0,9,26
2025-04-07,SKU0075,42,0,9,26
2025-04-14,SKU0075,229,215,9,26
2025-04-21,SKU0075,223,0,9,26
2025-04-28,SKU0075,202,19,9,26
2025-05-05,SKU0075,180,0,9,26
2025-05-12,SKU0075,152,0,9,26
2025-05-19,SKU0075,134,0,9,26
2025-05-26,SKU0075,105,0,9,26
2025-06-02,SKU0075,71,18,9,26
2025-06-09,SKU0075,37,0,9,26
2025-06-16,SKU0075,232,212,9,26
2025-06-23,SKU0075,208,20,9,26
2025-06-30,SKU0075,174,0,9,26
2025-07-07,SKU0075,151,0,9,26
2025-07-14,SKU0075,138,0,9,26
2025-07-21,SKU0075,126,0,9,26
2025-07-28,SKU0075,103,0,9,26
2025-08-04,SKU0075,93,3,9,26
2025-08-11,SKU0075,76,29,9,26
2025-08-18,SKU0075,42,0,9,26
2025-08-25,SKU0075,259,243,9,26
2025-09-01,SKU0075,231,0,9,26
2025-09-08,SKU0075,198,0,9,26
2025-09-15,SKU0075,192,0,9,26
2025-09-22,SKU0075,170,0,9,26
2025-09-29,SKU0075,156,0,9,26
2025-10-06,SKU0075,122,0,9,26
2025-10-13,SKU0075,113,0,9,26
2025-10-20,SKU0075,83,0,9,26
2025-10-27,SKU0075,76,0,9,26
2025-11-03,SKU0075,70,0,9,26
2025-11-10,SKU0075,65,0,9,26
2025-11-17,SKU0075,45,4,9,26
2025-11-24,SKU0075,31,0,9,26
2025-12-01,SKU0075,93,89,9,26
2025-12-08,SKU0075,82,0,9,26
2025-12-15,SKU0075,50,0,9,26
2025-12-22,SKU0075,27,29,9,26
2025-12-29,SKU0075,9,0,9,26
2024-01-01,SKU0076,68,0,10,18
2024-01-08,SKU0076,46,0,10,18
2024-01-15,SKU0076,36,0,10,18
2024-01-22,SKU0076,186,183,10,18
2024-01-29,SKU0076,153,0,10,18
2024-02-05,SKU0076,130,0,10,18
2024-02-12,SKU0076,120,0,10,18
2024-02-19,SKU0076,103,0,10,18
2024-02-26,SKU0076,76,0,10,18
2024-03-04,SKU0076,54,0,10,18
2024-03-11,SKU0076,48,0,10,18
2024-03-18,SKU0076,22,0,10,18
2024-03-25,SKU0076,115,115,10,18
2024-04-01,SKU0076,101,0,10,18
2024-04-08,SKU0076,80,0,10,18
2024-04-15,SKU0076,57,0,10,18
2024-04-22,SKU0076,43,3,10,18
2024-04-29,SKU0076,33,3,10,18
2024-05-06,SKU0076,28,0,10,18
2024-05-13,SKU0076,19,9,10,18
2024-05-20,SKU0076,167,167,10,18
2024-05-27,SKU0076,153,0,10,18
2024-06-03,SKU0076,137,17,10,18
2024-06-10,SKU0076,112,16,10,18
2024-06-17,SKU0076,101,3,10,18
2024-06-24,SKU0076,87,19,10,18
2024-07-01,SKU0076,72,0,10,18
2024-07-08,SKU0076,65,0,10,18
2024-07-15,SKU0076,59,0,10,18
2024-07-22,SKU0076,37,0,10,18
2024-07-29,SKU0076,30,0,10,18
2024-08-05,SKU0076,176,174,10,18
2024-08-12,SKU0076,158,0,10,18
2024-08-19,SKU0076,137,0,10,18
2024-08-26,SKU0076,128,0,10,18
2024-09-02,SKU0076,113,0,10,18
2024-09-09,SKU0076,79,0,10,18
2024-09-16,SKU0076,66,0,10,18
2024-09-23,SKU0076,57,0,10,18
2024-09-30,SKU0076,46,18,10,18
2024-10-07,SKU0076,22,0,10,18
2024-10-14,SKU0076,2,0,10,18
2024-10-21,SKU0076,0,0,10,18
2024-10-28,SKU0076,0,2,10,18
2024-11-04,SKU0076,0,0,10,18
2024-11-11,SKU0076,0,0,10,18
2024-11-18,SKU0076,0,0,10,18
2024-11-25,SKU0076,0,0,10,18
2024-12-02,SKU0076,188,188,10,18
2024-12-09,SKU0076,166,0,10,18
2024-12-16,SKU0076,134,0,10,18
2024-12-23,SKU0076,108,0,10,18
2024-12-30,SKU0076,97,0,10,18
2025-01-06,SKU0076,67,20,10,18
2025-01-13,SKU0076,45,0,10,18
2025-01-20,SKU0076,25,0,10,18
2025-01-27,SKU0076,175,170,10,18
2025-02-03,SKU0076,162,0,10,18
2025-02-10,SKU0076,132,0,10,18
2025-02-17,SKU0076,99,1,10,18
2025-02-24,SKU0076,82,0,10,18
2025-03-03,SKU0076,71,0,10,18
2025-03-10,SKU0076,51,0,10,18
2025-03-17,SKU0076,38,0,10,18
2025-03-24,SKU0076,14,0,10,18
2025-03-31,SKU0076,137,137,10,18
2025-04-07,SKU0076,105,0,10,18
2025-04-14,SKU0076,72,0,10,18
2025-04-21,SKU0076,43,0,10,18
2025-04-28,SKU0076,23,0,10,18
2025-05-05,SKU0076,11,13,10,18
2025-05-12,SKU0076,181,181,10,18
2025-05-19,SKU0076,169,0,10,18
2025-05-26,SKU0076,135,7,10,18
2025-06-02,SKU0076,105,0,10,18
2025-06-09,SKU0076,78,0,10,18
2025-06-16,SKU0076,57,8,10,18
2025-06-23,SKU0076,34,0,10,18
2025-06-30,SKU0076,237,226,10,18
2025-07-07,SKU0076,224,0,10,18
2025-07-14,SKU0076,200,0,10,18
2025-07-21,SKU0076,188,0,10,18
2025-07-28,SKU0076,182,9,10,18
2025-08-04,SKU0076,159,0,10,18
2025-08-11,SKU0076,133,23,10,18
2025-08-18,SKU0076,128,0,10,18
2025-08-25,SKU0076,107,6,10,18
2025-09-01,SKU0076,101,0,10,18
2025-09-08,SKU0076,94,0,10,18
2025-09-15,SKU0076,71,21,10,18
2025-09-22,SKU0076,45,0,10,18
2025-09-29,SKU0076,30,0,10,18
2025-10-06,SKU0076,5,0,10,18
2025-10-13,SKU0076,222,222,10,18
2025-10-20,SKU0076,217,0,10,18
2025-10-27,SKU0076,188,0,10,18
2025-11-03,SKU0076,163,0,10,18
2025-11-10,SKU0076,149,23,10,18
2025-11-17,SKU0076,124,0,10,18
2025-11-24,SKU0076,100,0,10,18
2025-12-01,SKU0076,76,29,10,18
2025-12-08,SKU0076,65,29,10,18
2025-12-15,SKU0076,48,0,10,18
2025-12-22,SKU0076,33,0,10,18
2025-12-29,SKU0076,6,0,10,18
2024-01-01,SKU0077,83,27,18,20
2024-01-08,SKU0077,61,0,18,20
2024-01-15,SKU0077,56,0,18,20
2024-01-22,SKU0077,33,11,18,20
2024-01-29,SKU0077,145,139,18,20
2024-02-05,SKU0077,114,0,18,20
2024-02-12,SKU0077,85,0,18,20
2024-02-19,SKU0077,66,0,18,20
2024-02-26,SKU0077,40,10,18,20
2024-03-04,SKU0077,35,0,18,20
2024-03-11,SKU0077,142,129,18,20
2024-03-18,SKU0077,122,0,18,20
2024-03-25,SKU0077,114,0,18,20
2024-04-01,SKU0077,96,0,18,20
2024-04-08,SKU0077,66,13,18,20
2024-04-15,SKU0077,43,0,18,20
2024-04-22,SKU0077,35,0,18,20
2024-04-29,SKU0077,10,0,18,20
2024-05-06,SKU0077,159,158,18,20
2024-05-13,SKU0077,128,0,18,20
2024-05-20,SKU0077,113,0,18,20
2024-05-27,SKU0077,93,28,18,20
2024-06-03,SKU0077,80,0,18,20
2024-06-10,SKU0077,73,0,18,20
2024-06-17,SKU0077,59,12,18,20
2024-06-24,SKU0077,40,0,18,20
2024-07-01,SKU0077,185,165,18,20
2024-07-08,SKU0077,163,0,18,20
2024-07-15,SKU0077,129,0,18,20
2024-07-22,SKU0077,97,0,18,20
2024-07-29,SKU0077,88,0,18,20
2024-08-05,SKU0077,71,0,18,20
2024-08-12,SKU0077,40,8,18,20
2024-08-19,SKU0077,172,159,18,20
2024-08-26,SKU0077,157,0,18,20
2024-09-02,SKU0077,138,0,18,20
2024-09-09,SKU0077,117,0,18,20
2024-09-16,SKU0077,96,0,18,20
2024-09-23,SKU0077,72,2,18,20
2024-09-30,SKU0077,39,0,18,20
2024-10-07,SKU0077,174,156,18,20
2024-10-14,SKU0077,147,0,18,20
2024-10-21,SKU0077,132,5,18,20
2024-10-28,SKU0077,101,28,18,20
2024-11-04,SKU0077,67,0,18,20
2024-11-11,SKU0077,40,0,18,20
2024-11-18,SKU0077,34,0,18,20
2024-11-25,SKU0077,29,0,18,20
2024-12-02,SKU0077,155,155,18,20
2024-12-09,SKU0077,138,0,18,20
2024-12-16,SKU0077,110,0,18,20
2024-12-23,SKU0077,85,0,18,20
2024-12-30,SKU0077,64,0,18,20
2025-01-06,SKU0077,50,0,18,20
2025-01-13,SKU0077,28,0,18,20
2025-01-20,SKU0077,230,230,18,20
2025-01-27,SKU0077,211,0,18,20
2025-02-03,SKU0077,193,0,18,20
2025-02-10,SKU0077,176,0,18,20
2025-02-17,SKU0077,154,0,18,20
2025-02-24,SKU0077,129,0,18,20
2025-03-03,SKU0077,111,0,18,20
2025-03-10,SKU0077,96,0,18,20
2025-03-17,SKU0077,91,0,18,20
2025-03-24,SKU0077,85,0,18,20
2025-03-31,SKU0077,59,0,18,20
2025-04-07,SKU0077,54,0,18,20
2025-04-14,SKU0077,43,0,18,20
2025-04-21,SKU0077,11,0,18,20
2025-04-28,SKU0077,0,0,18,20
2025-05-05,SKU0077,141,141,18,20
2025-05-12,SKU0077,114,9,18,20
2025-05-19,SKU0077,82,0,18,20
2025-05-26,SKU0077,59,0,18,20
2025-06-02,SKU0077,28,0,18,20
2025-06-09,SKU0077,249,242,18,20
2025-06-16,SKU0077,230,0,18,20
2025-06-23,SKU0077,205,0,18,20
2025-06-30,SKU0077,176,0,18,20
2025-07-07,SKU0077,147,7,18,20
2025-07-14,SKU0077,130,25,18,20
2025-07-21,SKU0077,101,0,18,20
2025-07-28,SKU0077,83,0,18,20
2025-08-04,SKU0077,50,0,18,20
2025-08-11,SKU0077,198,181,18,20
2025-08-18,SKU0077,190,0,18,20
2025-08-25,SKU0077,161,0,18,20
2025-09-01,SKU0077,133,11,18,20
2025-09-08,SKU0077,124,0,18,20
2025-09-15,SKU0077,90,0,18,20
2025-09-22,SKU0077,82,21,18,20
2025-09-29,SKU0077,77,0,18,20
2025-10-06,SKU0077,56,0,18,20
2025-10-13,SKU0077,30,0,18,20
2025-10-20,SKU0077,105,87,18,20
2025-10-27,SKU0077,93,0,18,20
2025-11-03,SKU0077,80,0,18,20
2025-11-10,SKU0077,58,0,18,20
2025-11-17,SKU0077,24,7,18,20
2025-11-24,SKU0077,0,0,18,20
2025-12-01,SKU0077,0,0,18,20
2025-12-08,SKU0077,232,232,18,20
2025-12-15,SKU0077,210,0,18,20
2025-12-22,SKU0077,182,0,18,20
2025-12-29,SKU0077,160,0,18,20
2024-01-01,SKU0078,152,0,21,28
2024-01-08,SKU0078,136,0,21,28
2024-01-15,SKU0078,129,0,21,28
2024-01-22,SKU0078,117,0,21,28
2024-01-29,SKU0078,103,0,21,28
2024-02-05,SKU0078,82,0,21,28
2024-02-12,SKU0078,50,0,21,28
2024-02-19,SKU0078,24,0,21,28
2024-02-26,SKU0078,206,197,21,28
2024-03-04,SKU0078,175,0,21,28
2024-03-11,SKU0078,156,0,21,28
2024-03-18,SKU0078,131,0,21,28
2024-03-25,SKU0078,99,0,21,28
2024-04-01,SKU0078,83,0,21,28
2024-04-08,SKU0078,69,0,21,28
2024-04-15,SKU0078,42,0,21,28
2024-04-22,SKU0078,16,0,21,28
2024-04-29,SKU0078,11,0,21,28
2024-05-06,SKU0078,214,214,21,28
2024-05-13,SKU0078,200,0,21,28
2024-05-20,SKU0078,181,0,21,28
2024-05-27,SKU0078,148,0,21,28
2024-06-03,SKU0078,138,0,21,28
2024-06-10,SKU0078,132,0,21,28
2024-06-17,SKU0078,120,3,21,28
2024-06-24,SKU0078,104,0,21,28
2024-07-01,SKU0078,95,0,21,28
2024-07-08,SKU0078,73,0,21,28
2024-07-15,SKU0078,57,0,21,28
2024-07-22,SKU0078,42,0,21,28
2024-07-29,SKU0078,9,0,21,28
2024-08-05,SKU0078,0,0,21,28
2024-08-12,SKU0078,212,212,21,28
2024-08-19,SKU0078,194,0,21,28
2024-08-26,SKU0078,160,0,21,28
2024-09-02,SKU0078,147,0,21,28
2024-09-09,SKU0078,131,0,21,28
2024-09-16,SKU0078,109,20,21,28
2024-09-23,SKU0078,94,0,21,28
2024-09-30,SKU0078,64,0,21,28
2024-10-07,SKU0078,38,1,21,28
2024-10-14,SKU0078,31,0,21,28
2024-10-21,SKU0078,130,112,21,28
2024-10-28,SKU0078,117,0,21,28
2024-11-04,SKU0078,95,0,21,28
2024-11-11,SKU0078,74,0,21,28
2024-11-18,SKU0078,69,0,21,28
2024-11-25,SKU0078,63,0,21,28
2024-12-02,SKU0078,51,0,21,28
2024-12-09,SKU0078,112,95,21,28
2024-12-16,SKU0078,93,0,21,28
2024-12-23,SKU0078,61,0,21,28
2024-12-30,SKU0078,51,0,21,28
2025-01-06,SKU0078,37,0,21,28
2025-01-13,SKU0078,27,0,21,28
2025-01-20,SKU0078,176,165,21,28
2025-01-27,SKU0078,157,0,21,28
2025-02-03,SKU0078,149,12,21,28
2025-02-10,SKU0078,129,25,21,28
2025-02-17,SKU0078,99,0,21,28
2025-02-24,SKU0078,74,0,21,28
2025-03-03,SKU0078,65,0,21,28
2025-03-10,SKU0078,52,0,21,28
2025-03-17,SKU0078,38,0,21,28
2025-03-24,SKU0078,101,87,21,28
2025-03-31,SKU0078,79,0,21,28
2025-04-07,SKU0078,62,0,21,28
2025-04-14,SKU0078,49,0,21,28
2025-04-21,SKU0078,37,0,21,28
2025-04-28,SKU0078,7,0,21,28
2025-05-05,SKU0078,0,0,21,28
2025-05-12,SKU0078,0,0,21,28
2025-05-19,SKU0078,0,0,21,28
2025-05-26,SKU0078,225,225,21,28
2025-06-02,SKU0078,195,0,21,28
2025-06-09,SKU0078,182,0,21,28
2025-06-16,SKU0078,150,0,21,28
2025-06-23,SKU0078,129,0,21,28
2025-06-30,SKU0078,116,0,21,28
2025-07-07,SKU0078,84,0,21,28
2025-07-14,SKU0078,78,0,21,28
2025-07-21,SKU0078,56,0,21,28
2025-07-28,SKU0078,29,0,21,28
2025-08-04,SKU0078,241,241,21,28
2025-08-11,SKU0078,221,0,21,28
2025-08-18,SKU0078,198,0,21,28
2025-08-25,SKU0078,167,0,21,28
2025-09-01,SKU0078,159,0,21,28
2025-09-08,SKU0078,136,0,21,28
2025-09-15,SKU0078,109,0,21,28
2025-09-22,SKU0078,98,0,21,28
2025-09-29,SKU0078,68,0,21,28
2025-10-06,SKU0078,47,0,21,28
2025-10-13,SKU0078,249,223,21,28
2025-10-20,SKU0078,228,0,21,28
2025-10-27,SKU0078,197,13,21,28
2025-11-03,SKU0078,190,0,21,28
2025-11-10,SKU0078,171,0,21,28
2025-11-17,SKU0078,142,0,21,28
2025-11-24,SKU0078,128,7,21,28
2025-12-01,SKU0078,114,0,21,28
2025-12-08,SKU0078,85,0,21,28
2025-12-15,SKU0078,58,4,21,28
2025-12-22,SKU0078,30,0,21,28
2025-12-29,SKU0078,12,0,21,28
2024-01-01,SKU0079,264,0,19,23
2024-01-08,SKU0079,250,0,19,23
2024-01-15,SKU0079,228,0,19,23
2024-01-22,SKU0079,207,0,19,23
2024-01-29,SKU0079,189,0,19,23
2024-02-05,SKU0079,163,24,19,23
2024-02-12,SKU0079,136,0,19,23
2024-02-19,SKU0079,128,0,19,23
2024-02-26,SKU0079,122,0,19,23
2024-03-04,SKU0079,99,15,19,23
2024-03-11,SKU0079,67,0,19,23
2024-03-18,SKU0079,54,0,19,23
2024-03-25,SKU0079,33,0,19,23
2024-04-01,SKU0079,2,10,19,23
2024-04-08,SKU0079,123,123,19,23
2024-04-15,SKU0079,93,0,19,23
2024-04-22,SKU0079,87,0,19,23
2024-04-29,SKU0079,70,22,19,23
2024-05-06,SKU0079,56,0,19,23
2024-05-13,SKU0079,46,0,19,23
2024-05-20,SKU0079,31,0,19,23
2024-05-27,SKU0079,230,215,19,23
2024-06-03,SKU0079,217,0,19,23
2024-06-10,SKU0079,207,0,19,23
2024-06-17,SKU0079,183,0,19,23
2024-06-24,SKU0079,161,10,19,23
2024-07-01,SKU0079,155,17,19,23
2024-07-08,SKU0079,126,0,19,23
2024-07-15,SKU0079,101,0,19,23
2024-07-22,SKU0079,87,0,19,23
2024-07-29,SKU0079,80,12,19,23
2024-08-05,SKU0079,74,0,19,23
2024-08-12,SKU0079,56,0,19,23
2024-08-19,SKU0079,222,200,19,23
2024-08-26,SKU0079,216,0,19,23
2024-09-02,SKU0079,184,24,19,23
2024-09-09,SKU0079,166,0,19,23
2024-09-16,SKU0079,140,0,19,23
2024-09-23,SKU0079,110,0,19,23
2024-09-30,SKU0079,91,6,19,23
2024-10-07,SKU0079,74,0,19,23
2024-10-14,SKU0079,49,0,19,23
2024-10-21,SKU0079,37,0,19,23
2024-10-28,SKU0079,202,195,19,23
2024-11-04,SKU0079,170,0,19,23
2024-11-11,SKU0079,149,0,19,23
2024-11-18,SKU0079,118,0,19,23
2024-11-25,SKU0079,86,0,19,23
2024-12-02,SKU0079,60,29,19,23
2024-12-09,SKU0079,36,0,19,23
2024-12-16,SKU0079,159,156,19,23
2024-12-23,SKU0079,134,0,19,23
2024-12-30,SKU0079,107,0,19,23
2025-01-06,SKU0079,73,0,19,23
2025-01-13,SKU0079,64,13,19,23
2025-01-20,SKU0079,49,0,19,23
2025-01-27,SKU0079,32,0,19,23
2025-02-03,SKU0079,127,126,19,23
2025-02-10,SKU0079,96,0,19,23
2025-02-17,SKU0079,90,26,19,23
2025-02-24,SKU0079,80,10,19,23
2025-03-03,SKU0079,72,0,19,23
2025-03-10,SKU0079,51,0,19,23
2025-03-17,SKU0079,36,0,19,23
2025-03-24,SKU0079,13,0,19,23
2025-03-31,SKU0079,0,0,19,23
2025-04-07,SKU0079,194,194,19,23
2025-04-14,SKU0079,188,7,19,23
2025-04-21,SKU0079,159,0,19,23
2025-04-28,SKU0079,127,28,19,23
2025-05-05,SKU0079,114,0,19,23
2025-05-12,SKU0079,91,0,19,23
2025-05-19,SKU0079,68,0,19,23
2025-05-26,SKU0079,48,0,19,23
2025-06-02,SKU0079,247,226,19,23
2025-06-09,SKU0079,213,0,19,23
2025-06-16,SKU0079,195,0,19,23
2025-06-23,SKU0079,181,0,19,23
2025-06-30,SKU0079,171,13,19,23
2025-07-07,SKU0079,160,0,19,23
2025-07-14,SKU0079,130,2,19,23
2025-07-21,SKU0079,100,1,19,23
2025-07-28,SKU0079,83,0,19,23
2025-08-04,SKU0079,66,0,19,23
2025-08-11,SKU0079,34,0,19,23
2025-08-18,SKU0079,197,180,19,23
2025-08-25,SKU0079,180,0,19,23
2025-09-01,SKU0079,163,0,19,23
2025-09-08,SKU0079,148,9,19,23
2025-09-15,SKU0079,117,0,19,23
2025-09-22,SKU0079,111,25,19,23
2025-09-29,SKU0079,104,0,19,23
2025-10-06,SKU0079,77,2,19,23
2025-10-13,SKU0079,45,0,19,23
2025-10-20,SKU0079,25,0,19,23
2025-10-27,SKU0079,154,138,19,23
2025-11-03,SKU0079,136,28,19,23
2025-11-10,SKU0079,127,0,19,23
2025-11-17,SKU0079,111,0,19,23
2025-11-24,SKU0079,89,0,19,23
2025-12-01,SKU0079,84,0,19,23
2025-12-08,SKU0079,53,0,19,23
2025-12-15,SKU0079,29,0,19,23
2025-12-22,SKU0079,221,221,19,23
2025-12-29,SKU0079,189,6,19,23
2024-01-01,SKU0080,88,0,19,34
2024-01-08,SKU0080,75,0,19,34
2024-01-15,SKU0080,68,0,19,34
2024-01-22,SKU0080,49,0,19,34
2024-01-29,SKU0080,222,200,19,34
2024-02-05,SKU0080,188,0,19,34
2024-02-12,SKU0080,182,0,19,34
2024-02-19,SKU0080,165,0,19,34
2024-02-26,SKU0080,148,19,19,34
2024-03-04,SKU0080,123,0,19,34
2024-03-11,SKU0080,98,0,19,34
2024-03-18,SKU0080,80,0,19,34
2024-03-25,SKU0080,46,0,19,34
2024-04-01,SKU0080,35,22,19,34
2024-04-08,SKU0080,25,20,19,34
2024-04-15,SKU0080,12,0,19,34
2024-04-22,SKU0080,1,0,19,34
2024-04-29,SKU0080,0,0,19,34
2024-05-06,SKU0080,198,198,19,34
2024-05-13,SKU0080,189,0,19,34
2024-05-20,SKU0080,156,23,19,34
2024-05-27,SKU0080,122,0,19,34
2024-06-03,SKU0080,100,0,19,34
2024-06-10,SKU0080,76,0,19,34
2024-06-17,SKU0080,59,0,19,34
2024-06-24,SKU0080,209,176,19,34
2024-07-01,SKU0080,197,0,19,34
2024-07-08,SKU0080,164,0,19,34
2024-07-15,SKU0080,138,3,19,34
2024-07-22,SKU0080,109,0,19,34
2024-07-29,SKU0080,93,0,19,34
2024-08-05,SKU0080,67,0,19,34
2024-08-12,SKU0080,42,0,19,34
2024-08-19,SKU0080,25,1,19,34
2024-08-26,SKU0080,198,198,19,34
2024-09-02,SKU0080,166,0,19,34
2024-09-09,SKU0080,140,0,19,34
2024-09-16,SKU0080,132,3,19,34
2024-09-23,SKU0080,121,0,19,34
2024-09-30,SKU0080,98,0,19,34
2024-10-07,SKU0080,75,0,19,34
2024-10-14,SKU0080,50,0,19,34
2024-10-21,SKU0080,22,23,19,34
2024-10-28,SKU0080,1,0,19,34
2024-11-04,SKU0080,100,100,19,34
2024-11-11,SKU0080,87,0,19,34
2024-11-18,SKU0080,73,0,19,34
2024-11-25,SKU0080,58,0,19,34
2024-12-02,SKU0080,215,191,19,34
2024-12-09,SKU0080,209,0,19,34
2024-12-16,SKU0080,181,19,19,34
2024-12-23,SKU0080,170,0,19,34
2024-12-30,SKU0080,140,0,19,34
2025-01-06,SKU0080,107,15,19,34
2025-01-13,SKU0080,98,4,19,34
2025-01-20,SKU0080,81,0,19,34
2025-01-27,SKU0080,59,0,19,34
2025-02-03,SKU0080,41,20,19,34
2025-02-10,SKU0080,22,0,19,34
2025-02-17,SKU0080,235,224,19,34
2025-02-24,SKU0080,224,0,19,34
2025-03-03,SKU0080,204,11,19,34
2025-03-10,SKU0080,175,0,19,34
2025-03-17,SKU0080,147,0,19,34
2025-03-24,SKU0080,140,0,19,34
2025-03-31,SKU0080,121,0,19,34
2025-04-07,SKU0080,90,0,19,34
2025-04-14,SKU0080,73,0,19,34
2025-04-21,SKU0080,49,0,19,34
2025-04-28,SKU0080,29,14,19,34
2025-05-05,SKU0080,246,237,19,34
2025-05-12,SKU0080,214,0,19,34
2025-05-19,SKU0080,183,0,19,34
2025-05-26,SKU0080,159,23,19,34
2025-06-02,SKU0080,135,0,19,34
2025-06-09,SKU0080,112,0,19,34
2025-06-16,SKU0080,107,0,19,34
2025-06-23,SKU0080,73,0,19,34
2025-06-30,SKU0080,39,0,19,34
2025-07-07,SKU0080,18,19,19,34
2025-07-14,SKU0080,11,0,19,34
2025-07-21,SKU0080,131,131,19,34
2025-07-28,SKU0080,111,0,19,34
2025-08-04,SKU0080,82,0,19,34
2025-08-11,SKU0080,59,0,19,34
2025-08-18,SKU0080,215,189,19,34
2025-08-25,SKU0080,206,0,19,34
2025-09-01,SKU0080,193,0,19,34
2025-09-08,SKU0080,186,0,19,34
2025-09-15,SKU0080,154,0,19,34
2025-09-22,SKU0080,122,0,19,34
2025-09-29,SKU0080,100,0,19,34
2025-10-06,SKU0080,66,0,19,34
2025-10-13,SKU0080,38,0,19,34
2025-10-20,SKU0080,10,0,19,34
2025-10-27,SKU0080,92,91,19,34
2025-11-03,SKU0080,66,15,19,34
2025-11-10,SKU0080,53,2,19,34
2025-11-17,SKU0080,153,129,19,34
2025-11-24,SKU0080,148,0,19,34
2025-12-01,SKU0080,131,0,19,34
2025-12-08,SKU0080,106,20,19,34
2025-12-15,SKU0080,89,25,19,34
2025-12-22,SKU0080,65,0,19,34
2025-12-29,SKU0080,51,0,19,34
2024-01-01,SKU0081,204,0,29,15
2024-01-08,SKU0081,197,0,29,15
2024-01-15,SKU0081,177,2,29,15
2024-01-22,SKU0081,164,0,29,15
2024-01-29,SKU0081,157,0,29,15
2024-02-05,SKU0081,123,0,29,15
2024-02-12,SKU0081,113,0,29,15
2024-02-19,SKU0081,102,0,29,15
2024-02-26,SKU0081,86,19,29,15
2024-03-04,SKU0081,63,0,29,15
2024-03-11,SKU0081,55,0,29,15
2024-03-18,SKU0081,41,0,29,15
2024-03-25,SKU0081,27,0,29,15
2024-04-01,SKU0081,223,214,29,15
2024-04-08,SKU0081,209,0,29,15
2024-04-15,SKU0081,183,0,29,15
2024-04-22,SKU0081,175,0,29,15
2024-04-29,SKU0081,157,0,29,15
2024-05-06,SKU0081,134,0,29,15
2024-05-13,SKU0081,106,2,29,15
2024-05-20,SKU0081,82,26,29,15
2024-05-27,SKU0081,69,0,29,15
2024-06-03,SKU0081,47,0,29,15
2024-06-10,SKU0081,20,0,29,15
2024-06-17,SKU0081,5,0,29,15
2024-06-24,SKU0081,0,0,29,15
2024-07-01,SKU0081,0,0,29,15
2024-07-08,SKU0081,137,137,29,15
2024-07-15,SKU0081,123,0,29,15
2024-07-22,SKU0081,89,0,29,15
2024-07-29,SKU0081,76,9,29,15
2024-08-05,SKU0081,61,0,29,15
2024-08-12,SKU0081,40,12,29,15
2024-08-19,SKU0081,30,0,29,15
2024-08-26,SKU0081,7,0,29,15
2024-09-02,SKU0081,247,247,29,15
2024-09-09,SKU0081,223,0,29,15
2024-09-16,SKU0081,196,0,29,15
2024-09-23,SKU0081,171,0,29,15
2024-09-30,SKU0081,152,25,29,15
2024-10-07,SKU0081,122,0,29,15
2024-10-14,SKU0081,90,0,29,15
2024-10-21,SKU0081,81,0,29,15
2024-10-28,SKU0081,59,0,29,15
2024-11-04,SKU0081,38,0,29,15
2024-11-11,SKU0081,8,0,29,15
2024-11-18,SKU0081,0,6,29,15
2024-11-25,SKU0081,138,138,29,15
2024-12-02,SKU0081,108,0,29,15
2024-12-09,SKU0081,74,0,29,15
2024-12-16,SKU0081,50,24,29,15
2024-12-23,SKU0081,32,0,29,15
2024-12-30,SKU0081,95,93,29,15
2025-01-06,SKU0081,64,0,29,15
2025-01-13,SKU0081,30,0,29,15
2025-01-20,SKU0081,1,0,29,15
2025-01-27,SKU0081,0,0,29,15
2025-02-03,SKU0081,82,82,29,15
2025-02-10,SKU0081,70,0,29,15
2025-02-17,SKU0081,64,0,29,15
2025-02-24,SKU0081,53,0,29,15
2025-03-03,SKU0081,29,0,29,15
2025-03-10,SKU0081,19,0,29,15
2025-03-17,SKU0081,241,241,29,15
2025-03-24,SKU0081,210,0,29,15
2025-03-31,SKU0081,188,25,29,15
2025-04-07,SKU0081,164,0,29,15
2025-04-14,SKU0081,150,0,29,15
2025-04-21,SKU0081,122,0,29,15
2025-04-28,SKU0081,103,0,29,15
2025-05-05,SKU0081,87,0,29,15
2025-05-12,SKU0081,57,0,29,15
2025-05-19,SKU0081,35,0,29,15
2025-05-26,SKU0081,17,27,29,15
2025-06-02,SKU0081,203,203,29,15
2025-06-09,SKU0081,173,0,29,15
2025-06-16,SKU0081,145,19,29,15
2025-06-23,SKU0081,116,0,29,15
2025-06-30,SKU0081,107,0,29,15
2025-07-07,SKU0081,86,0,29,15
2025-07-14,SKU0081,66,17,29,15
2025-07-21,SKU0081,43,5,29,15
2025-07-28,SKU0081,150,136,29,15
2025-08-04,SKU0081,133,0,29,15
2025-08-11,SKU0081,113,26,29,15
2025-08-18,SKU0081,90,0,29,15
2025-08-25,SKU0081,64,0,29,15
2025-09-01,SKU0081,54,18,29,15
2025-09-08,SKU0081,34,0,29,15
2025-09-15,SKU0081,87,85,29,15
2025-09-22,SKU0081,66,0,29,15
2025-09-29,SKU0081,35,0,29,15
2025-10-06,SKU0081,188,184,29,15
2025-10-13,SKU0081,161,0,29,15
2025-10-20,SKU0081,134,23,29,15
2025-10-27,SKU0081,101,0,29,15
2025-11-03,SKU0081,86,0,29,15
2025-11-10,SKU0081,59,23,29,15
2025-11-17,SKU0081,32,0,29,15
2025-11-24,SKU0081,19,0,29,15
2025-12-01,SKU0081,217,211,29,15
2025-12-08,SKU0081,202,0,29,15
2025-12-15,SKU0081,185,0,29,15
2025-12-22,SKU0081,162,0,29,15
2025-12-29,SKU0081,148,0,29,15
2024-01-01,SKU0082,172,0,26,51
2024-01-08,SKU0082,157,0,26,51
2024-01-15,SKU0082,126,26,26,51
2024-01-22,SKU0082,117,0,26,51
2024-01-29,SKU0082,104,0,26,51
2024-02-05,SKU0082,89,0,26,51
2024-02-12,SKU0082,57,0,26,51
2024-02-19,SKU0082,255,230,26,51
2024-02-26,SKU0082,249,0,26,51
2024-03-04,SKU0082,232,0,26,51
2024-03-11,SKU0082,223,0,26,51
2024-03-18,SKU0082,202,0,26,51
2024-03-25,SKU0082,170,24,26,51
2024-04-01,SKU0082,137,14,26,51
2024-04-08,SKU0082,109,0,26,51
2024-04-15,SKU0082,95,0,26,51
2024-04-22,SKU0082,77,0,26,51
2024-04-29,SKU0082,59,0,26,51
2024-05-06,SKU0082,25,0,26,51
2024-05-13,SKU0082,18,25,26,51
2024-05-20,SKU0082,0,0,26,51
2024-05-27,SKU0082,218,218,26,51
2024-06-03,SKU0082,211,0,26,51
2024-06-10,SKU0082,194,0,26,51
2024-06-17,SKU0082,188,0,26,51
2024-06-24,SKU0082,169,0,26,51
2024-07-01,SKU0082,160,0,26,51
2024-07-08,SKU0082,132,0,26,51
2024-07-15,SKU0082,114,0,26,51
2024-07-22,SKU0082,97,0,26,51
2024-07-29,SKU0082,79,0,26,51
2024-08-05,SKU0082,71,0,26,51
2024-08-12,SKU0082,56,0,26,51
2024-08-19,SKU0082,162,112,26,51
2024-08-26,SKU0082,155,0,26,51
2024-09-02,SKU0082,141,0,26,51
2024-09-09,SKU0082,115,23,26,51
2024-09-16,SKU0082,93,24,26,51
2024-09-23,SKU0082,61,0,26,51
2024-09-30,SKU0082,266,228,26,51
2024-10-07,SKU0082,256,0,26,51
2024-10-14,SKU0082,249,0,26,51
2024-10-21,SKU0082,241,0,26,51
2024-10-28,SKU0082,208,0,26,51
2024-11-04,SKU0082,179,0,26,51
2024-11-11,SKU0082,173,0,26,51
2024-11-18,SKU0082,157,0,26,51
2024-11-25,SKU0082,125,0,26,51
2024-12-02,SKU0082,96,25,26,51
2024-12-09,SKU0082,80,0,26,51
2024-12-16,SKU0082,62,0,26,51
2024-12-23,SKU0082,34,0,26,51
2024-12-30,SKU0082,13,0,26,51
2025-01-06,SKU0082,188,180,26,51
2025-01-13,SKU0082,154,15,26,51
2025-01-20,SKU0082,138,0,26,51
2025-01-27,SKU0082,132,0,26,51
2025-02-03,SKU0082,119,18,26,51
2025-02-10,SKU0082,112,0,26,51
2025-02-17,SKU0082,102,0,26,51
2025-02-24,SKU0082,69,7,26,51
2025-03-03,SKU0082,39,0,26,51
2025-03-10,SKU0082,170,153,26,51
2025-03-17,SKU0082,140,0,26,51
2025-03-24,SKU0082,112,0,26,51
2025-03-31,SKU0082,89,0,26,51
2025-04-07,SKU0082,65,0,26,51
2025-04-14,SKU0082,46,0,26,51
2025-04-21,SKU0082,117,105,26,51
2025-04-28,SKU0082,91,0,26,51
2025-05-05,SKU0082,83,15,26,51
2025-05-12,SKU0082,62,0,26,51
2025-05-19,SKU0082,36,0,26,51
2025-05-26,SKU0082,131,116,26,51
2025-06-02,SKU0082,114,0,26,51
2025-06-09,SKU0082,101,0,26,51
2025-06-16,SKU0082,69,20,26,51
2025-06-23,SKU0082,176,134,26,51
2025-06-30,SKU0082,149,3,26,51
2025-07-07,SKU0082,141,0,26,51
2025-07-14,SKU0082,124,0,26,51
2025-07-21,SKU0082,99,0,26,51
2025-07-28,SKU0082,80,0,26,51
2025-08-04,SKU0082,50,0,26,51
2025-08-11,SKU0082,26,0,26,51
2025-08-18,SKU0082,16,2,26,51
2025-08-25,SKU0082,144,136,26,51
2025-09-01,SKU0082,121,0,26,51
2025-09-08,SKU0082,87,12,26,51
2025-09-15,SKU0082,56,0,26,51
2025-09-22,SKU0082,40,0,26,51
2025-09-29,SKU0082,123,97,26,51
2025-10-06,SKU0082,92,0,26,51
2025-10-13,SKU0082,68,0,26,51
2025-10-20,SKU0082,59,0,26,51
2025-10-27,SKU0082,275,239,26,51
2025-11-03,SKU0082,264,0,26,51
2025-11-10,SKU0082,255,0,26,51
2025-11-17,SKU0082,243,0,26,51
2025-11-24,SKU0082,213,0,26,51
2025-12-01,SKU0082,194,0,26,51
2025-12-08,SKU0082,189,7,26,51
2025-12-15,SKU0082,184,0,26,51
2025-12-22,SKU0082,159,0,26,51
2025-12-29,SKU0082,139,0,26,51
2024-01-01,SKU0083,170,0,17,28
2024-01-08,SKU0083,160,18,17,28
2024-01-15,SKU0083,128,2,17,28
2024-01-22,SKU0083,108,22,17,28
2024-01-29,SKU0083,80,0,17,28
2024-02-05,SKU0083,75,0,17,28
2024-02-12,SKU0083,54,0,17,28
2024-02-19,SKU0083,26,0,17,28
2024-02-26,SKU0083,172,156,17,28
2024-03-04,SKU0083,153,0,17,28
2024-03-11,SKU0083,146,0,17,28
2024-03-18,SKU0083,129,0,17,28
2024-03-25,SKU0083,121,0,17,28
2024-04-01,SKU0083,103,0,17,28
2024-04-08,SKU0083,96,11,17,28
2024-04-15,SKU0083,69,0,17,28
2024-04-22,SKU0083,55,0,17,28
2024-04-29,SKU0083,50,7,17,28
2024-05-06,SKU0083,19,0,17,28
2024-05-13,SKU0083,13,0,17,28
2024-05-20,SKU0083,4,0,17,28
2024-05-27,SKU0083,0,0,17,28
2024-06-03,SKU0083,0,12,17,28
2024-06-10,SKU0083,207,207,17,28
2024-06-17,SKU0083,180,0,17,28
2024-06-24,SKU0083,159,0,17,28
2024-07-01,SKU0083,146,0,17,28
2024-07-08,SKU0083,141,0,17,28
2024-07-15,SKU0083,114,0,17,28
2024-07-22,SKU0083,90,0,17,28
2024-07-29,SKU0083,64,0,17,28
2024-08-05,SKU0083,34,0,17,28
2024-08-12,SKU0083,29,0,17,28
2024-08-19,SKU0083,166,166,17,28
2024-08-26,SKU0083,156,0,17,28
2024-09-02,SKU0083,145,0,17,28
2024-09-09,SKU0083,117,0,17,28
2024-09-16,SKU0083,83,0,17,28
2024-09-23,SKU0083,75,0,17,28
2024-09-30,SKU0083,64,10,17,28
2024-10-07,SKU0083,56,0,17,28
2024-10-14,SKU0083,42,0,17,28
2024-10-21,SKU0083,120,109,17,28
2024-10-28,SKU0083,107,0,17,28
2024-11-04,SKU0083,74,0,17,28
2024-11-11,SKU0083,46,0,17,28
2024-11-18,SKU0083,37,0,17,28
2024-11-25,SKU0083,239,213,17,28
2024-12-02,SKU0083,206,0,17,28
2024-12-09,SKU0083,175,0,17,28
2024-12-16,SKU0083,157,0,17,28
2024-12-23,SKU0083,152,0,17,28
2024-12-30,SKU0083,144,0,17,28
2025-01-06,SKU0083,112,0,17,28
2025-01-13,SKU0083,81,0,17,28
2025-01-20,SKU0083,52,0,17,28
2025-01-27,SKU0083,27,0,17,28
2025-02-03,SKU0083,9,0,17,28
2025-02-10,SKU0083,110,110,17,28
2025-02-17,SKU0083,79,25,17,28
2025-02-24,SKU0083,52,26,17,28
2025-03-03,SKU0083,28,0,17,28
2025-03-10,SKU0083,12,1,17,28
2025-03-17,SKU0083,108,108,17,28
2025-03-24,SKU0083,77,20,17,28
2025-03-31,SKU0083,62,0,17,28
2025-04-07,SKU0083,29,0,17,28
2025-04-14,SKU0083,0,0,17,28
2025-04-21,SKU0083,0,0,17,28
2025-04-28,SKU0083,0,0,17,28
2025-05-05,SKU0083,229,229,17,28
2025-05-12,SKU0083,215,0,17,28
2025-05-19,SKU0083,202,0,17,28
2025-05-26,SKU0083,173,0,17,28
2025-06-02,SKU0083,163,0,17,28
2025-06-09,SKU0083,133,0,17,28
2025-06-16,SKU0083,104,28,17,28
2025-06-23,SKU0083,86,26,17,28
2025-06-30,SKU0083,55,25,17,28
2025-07-07,SKU0083,32,0,17,28
2025-07-14,SKU0083,199,186,17,28
2025-07-21,SKU0083,174,0,17,28
2025-07-28,SKU0083,148,23,17,28
2025-08-04,SKU0083,132,0,17,28
2025-08-11,SKU0083,98,0,17,28
2025-08-18,SKU0083,84,0,17,28
2025-08-25,SKU0083,69,24,17,28
2025-09-01,SKU0083,53,23,17,28
2025-09-08,SKU0083,44,0,17,28
2025-09-15,SKU0083,24,0,17,28
2025-09-22,SKU0083,215,215,17,28
2025-09-29,SKU0083,205,0,17,28
2025-10-06,SKU0083,172,0,17,28
2025-10-13,SKU0083,148,0,17,28
2025-10-20,SKU0083,119,0,17,28
2025-10-27,SKU0083,107,0,17,28
2025-11-03,SKU0083,91,20,17,28
2025-11-10,SKU0083,74,0,17,28
2025-11-17,SKU0083,61,0,17,28
2025-11-24,SKU0083,43,0,17,28
2025-12-01,SKU0083,235,224,17,28
2025-12-08,SKU0083,207,0,17,28
2025-12-15,SKU0083,191,0,17,28
2025-12-22,SKU0083,171,0,17,28
2025-12-29,SKU0083,165,21,17,28
2024-01-01,SKU0084,269,0,23,34
2024-01-08,SKU0084,252,0,23,34
2024-01-15,SKU0084,241,0,23,34
2024-01-22,SKU0084,232,0,23,34
2024-01-29,SKU0084,210,0,23,34
2024-02-05,SKU0084,189,24,23,34
2024-02-12,SKU0084,179,0,23,34
2024-02-19,SKU0084,163,23,23,34
2024-02-26,SKU0084,144,0,23,34
2024-03-04,SKU0084,116,0,23,34
2024-03-11,SKU0084,105,16,23,34
2024-03-18,SKU0084,80,0,23,34
2024-03-25,SKU0084,68,0,23,34
2024-04-01,SKU0084,45,0,23,34
2024-04-08,SKU0084,141,117,23,34
2024-04-15,SKU0084,123,0,23,34
2024-04-22,SKU0084,113,0,23,34
2024-04-29,SKU0084,105,0,23,34
2024-05-06,SKU0084,90,0,23,34
2024-05-13,SKU0084,76,8,23,34
2024-05-20,SKU0084,42,0,23,34
2024-05-27,SKU0084,126,116,23,34
2024-06-03,SKU0084,98,0,23,34
2024-06-10,SKU0084,70,0,23,34
2024-06-17,SKU0084,58,18,23,34
2024-06-24,SKU0084,130,100,23,34
2024-07-01,SKU0084,122,0,23,34
2024-07-08,SKU0084,95,0,23,34
2024-07-15,SKU0084,76,5,23,34
2024-07-22,SKU0084,70,19,23,34
2024-07-29,SKU0084,56,0,23,34
2024-08-05,SKU0084,31,0,23,34
2024-08-12,SKU0084,235,223,23,34
2024-08-19,SKU0084,205,0,23,34
2024-08-26,SKU0084,174,3,23,34
2024-09-02,SKU0084,153,0,23,34
2024-09-09,SKU0084,140,0,23,34
2024-09-16,SKU0084,122,0,23,34
2024-09-23,SKU0084,90,0,23,34
2024-09-30,SKU0084,67,0,23,34
2024-10-07,SKU0084,50,0,23,34
2024-10-14,SKU0084,44,0,23,34
2024-10-21,SKU0084,121,109,23,34
2024-10-28,SKU0084,108,0,23,34
2024-11-04,SKU0084,94,0,23,34
2024-11-11,SKU0084,74,0,23,34
2024-11-18,SKU0084,52,0,23,34
2024-11-25,SKU0084,44,2,23,34
2024-12-02,SKU0084,205,180,23,34
2024-12-09,SKU0084,172,0,23,34
2024-12-16,SKU0084,156,0,23,34
2024-12-23,SKU0084,144,0,23,34
2024-12-30,SKU0084,133,0,23,34
2025-01-06,SKU0084,117,0,23,34
2025-01-13,SKU0084,87,0,23,34
2025-01-20,SKU0084,71,0,23,34
2025-01-27,SKU0084,44,0,23,34
2025-02-03,SKU0084,38,0,23,34
2025-02-10,SKU0084,244,231,23,34
2025-02-17,SKU0084,226,0,23,34
2025-02-24,SKU0084,205,0,23,34
2025-03-03,SKU0084,200,14,23,34
2025-03-10,SKU0084,176,0,23,34
2025-03-17,SKU0084,142,0,23,34
2025-03-24,SKU0084,122,0,23,34
2025-03-31,SKU0084,97,0,23,34
2025-04-07,SKU0084,83,10,23,34
2025-04-14,SKU0084,55,0,23,34
2025-04-21,SKU0084,258,230,23,34
2025-04-28,SKU0084,239,15,23,34
2025-05-05,SKU0084,227,0,23,34
2025-05-12,SKU0084,195,0,23,34
2025-05-19,SKU0084,179,0,23,34
2025-05-26,SKU0084,153,0,23,34
2025-06-02,SKU0084,123,24,23,34
2025-06-09,SKU0084,108,0,23,34
2025-06-16,SKU0084,75,0,23,34
2025-06-23,SKU0084,69,0,23,34
2025-06-30,SKU0084,40,0,23,34
2025-07-07,SKU0084,14,3,23,34
2025-07-14,SKU0084,227,227,23,34
2025-07-21,SKU0084,202,4,23,34
2025-07-28,SKU0084,183,21,23,34
2025-08-04,SKU0084,170,5,23,34
2025-08-11,SKU0084,157,0,23,34
2025-08-18,SKU0084,143,0,23,34
2025-08-25,SKU0084,122,7,23,34
2025-09-01,SKU0084,103,0,23,34
2025-09-08,SKU0084,98,29,23,34
2025-09-15,SKU0084,93,29,23,34
2025-09-22,SKU0084,79,0,23,34
2025-09-29,SKU0084,73,0,23,34
2025-10-06,SKU0084,66,0,23,34
2025-10-13,SKU0084,35,26,23,34
2025-10-20,SKU0084,26,0,23,34
2025-10-27,SKU0084,0,22,23,34
2025-11-03,SKU0084,0,0,23,34
2025-11-10,SKU0084,0,4,23,34
2025-11-17,SKU0084,212,212,23,34
2025-11-24,SKU0084,179,21,23,34
2025-12-01,SKU0084,159,0,23,34
2025-12-08,SKU0084,133,0,23,34
2025-12-15,SKU0084,108,5,23,34
2025-12-22,SKU0084,79,5,23,34
2025-12-29,SKU0084,70,29,23,34
2024-01-01,SKU0085,204,0,11,41
2024-01-08,SKU0085,192,0,11,41
2024-01-15,SKU0085,181,0,11,41
2024-01-22,SKU0085,175,0,11,41
2024-01-29,SKU0085,145,0,11,41
2024-02-05,SKU0085,131,0,11,41
2024-02-12,SKU0085,109,0,11,41
2024-02-19,SKU0085,92,0,11,41
2024-02-26,SKU0085,65,0,11,41
2024-03-04,SKU0085,46,22,11,41
2024-03-11,SKU0085,175,157,11,41
2024-03-18,SKU0085,143,0,11,41
2024-03-25,SKU0085,117,0,11,41
2024-04-01,SKU0085,103,0,11,41
2024-04-08,SKU0085,96,0,11,41
2024-04-15,SKU0085,62,8,11,41
2024-04-22,SKU0085,48,0,11,41
2024-04-29,SKU0085,26,0,11,41
2024-05-06,SKU0085,89,80,11,41
2024-05-13,SKU0085,84,6,11,41
2024-05-20,SKU0085,72,0,11,41
2024-05-27,SKU0085,49,0,11,41
2024-06-03,SKU0085,205,177,11,41
2024-06-10,SKU0085,198,0,11,41
2024-06-17,SKU0085,164,29,11,41
2024-06-24,SKU0085,144,0,11,41
2024-07-01,SKU0085,137,0,11,41
2024-07-08,SKU0085,120,0,11,41
2024-07-15,SKU0085,94,8,11,41
2024-07-22,SKU0085,68,0,11,41
2024-07-29,SKU0085,46,0,11,41
2024-08-05,SKU0085,135,96,11,41
2024-08-12,SKU0085,101,0,11,41
2024-08-19,SKU0085,96,0,11,41
2024-08-26,SKU0085,68,0,11,41
2024-09-02,SKU0085,55,0,11,41
2024-09-09,SKU0085,23,0,11,41
2024-09-16,SKU0085,0,0,11,41
2024-09-23,SKU0085,176,176,11,41
2024-09-30,SKU0085,156,0,11,41
2024-10-07,SKU0085,143,24,11,41
2024-10-14,SKU0085,110,0,11,41
2024-10-21,SKU0085,80,0,11,41
2024-10-28,SKU0085,53,0,11,41
2024-11-04,SKU0085,114,86,11,41
2024-11-11,SKU0085,93,0,11,41
2024-11-18,SKU0085,62,0,11,41
2024-11-25,SKU0085,50,0,11,41
2024-12-02,SKU0085,215,196,11,41
2024-12-09,SKU0085,193,0,11,41
2024-12-16,SKU0085,178,0,11,41
2024-12-23,SKU0085,167,19,11,41
2024-12-30,SKU0085,148,0,11,41
2025-01-06,SKU0085,142,0,11,41
2025-01-13,SKU0085,112,0,11,41
2025-01-20,SKU0085,98,0,11,41
2025-01-27,SKU0085,66,0,11,41
2025-02-03,SKU0085,280,243,11,41
2025-02-10,SKU0085,258,0,11,41
2025-02-17,SKU0085,245,17,11,41
2025-02-24,SKU0085,220,0,11,41
2025-03-03,SKU0085,193,0,11,41
2025-03-10,SKU0085,162,4,11,41
2025-03-17,SKU0085,147,1,11,41
2025-03-24,SKU0085,114,0,11,41
2025-03-31,SKU0085,108,0,11,41
2025-04-07,SKU0085,80,0,11,41
2025-04-14,SKU0085,68,0,11,41
2025-04-21,SKU0085,59,0,11,41
2025-04-28,SKU0085,49,9,11,41
2025-05-05,SKU0085,207,192,11,41
2025-05-12,SKU0085,185,16,11,41
2025-05-19,SKU0085,166,0,11,41
2025-05-26,SKU0085,146,0,11,41
2025-06-02,SKU0085,129,21,11,41
2025-06-09,SKU0085,124,0,11,41
2025-06-16,SKU0085,96,0,11,41
2025-06-23,SKU0085,62,0,11,41
2025-06-30,SKU0085,127,97,11,41
2025-07-07,SKU0085,111,0,11,41
2025-07-14,SKU0085,103,0,11,41
2025-07-21,SKU0085,83,0,11,41
2025-07-28,SKU0085,53,0,11,41
2025-08-04,SKU0085,39,0,11,41
2025-08-11,SKU0085,256,234,11,41
2025-08-18,SKU0085,238,0,11,41
2025-08-25,SKU0085,218,0,11,41
2025-09-01,SKU0085,202,0,11,41
2025-09-08,SKU0085,190,0,11,41
2025-09-15,SKU0085,181,26,11,41
2025-09-22,SKU0085,156,0,11,41
2025-09-29,SKU0085,145,0,11,41
2025-10-06,SKU0085,126,0,11,41
2025-10-13,SKU0085,111,0,11,41
2025-10-20,SKU0085,92,0,11,41
2025-10-27,SKU0085,67,0,11,41
2025-11-03,SKU0085,56,0,11,41
2025-11-10,SKU0085,50,17,11,41
2025-11-17,SKU0085,122,103,11,41
2025-11-24,SKU0085,114,19,11,41
2025-12-01,SKU0085,103,0,11,41
2025-12-08,SKU0085,79,0,11,41
2025-12-15,SKU0085,55,0,11,41
2025-12-22,SKU0085,209,170,11,41
2025-12-29,SKU0085,176,24,11,41
2024-01-01,SKU0086,215,0,13,29
2024-01-08,SKU0086,209,17,13,29
2024-01-15,SKU0086,203,0,13,29
2024-01-22,SKU0086,195,2,13,29
2024-01-29,SKU0086,172,0,13,29
2024-02-05,SKU0086,160,0,13,29
2024-02-12,SKU0086,129,7,13,29
2024-02-19,SKU0086,98,0,13,29
2024-02-26,SKU0086,89,0,13,29
2024-03-04,SKU0086,76,0,13,29
2024-03-11,SKU0086,67,0,13,29
2024-03-18,SKU0086,53,26,13,29
2024-03-25,SKU0086,31,0,13,29
2024-04-01,SKU0086,12,12,13,29
2024-04-08,SKU0086,0,0,13,29
2024-04-15,SKU0086,169,169,13,29
2024-04-22,SKU0086,155,22,13,29
2024-04-29,SKU0086,132,0,13,29
2024-05-06,SKU0086,101,11,13,29
2024-05-13,SKU0086,82,0,13,29
2024-05-20,SKU0086,69,0,13,29
2024-05-27,SKU0086,52,0,13,29
2024-06-03,SKU0086,41,16,13,29
2024-06-10,SKU0086,114,96,13,29
2024-06-17,SKU0086,106,0,13,29
2024-06-24,SKU0086,79,0,13,29
2024-07-01,SKU0086,54,0,13,29
2024-07-08,SKU0086,39,0,13,29
2024-07-15,SKU0086,19,0,13,29
2024-07-22,SKU0086,11,0,13,29
2024-07-29,SKU0086,184,180,13,29
2024-08-05,SKU0086,164,2,13,29
2024-08-12,SKU0086,142,0,13,29
2024-08-19,SKU0086,120,0,13,29
2024-08-26,SKU0086,104,0,13,29
2024-09-02,SKU0086,88,0,13,29
2024-09-09,SKU0086,67,0,13,29
2024-09-16,SKU0086,50,0,13,29
2024-09-23,SKU0086,29,0,13,29
2024-09-30,SKU0086,199,198,13,29
2024-10-07,SKU0086,182,0,13,29
2024-10-14,SKU0086,160,0,13,29
2024-10-21,SKU0086,143,0,13,29
2024-10-28,SKU0086,121,0,13,29
2024-11-04,SKU0086,110,0,13,29
2024-11-11,SKU0086,104,10,13,29
2024-11-18,SKU0086,72,0,13,29
2024-11-25,SKU0086,54,0,13,29
2024-12-02,SKU0086,22,0,13,29
2024-12-09,SKU0086,169,169,13,29
2024-12-16,SKU0086,154,0,13,29
2024-12-23,SKU0086,149,0,13,29
2024-12-30,SKU0086,118,0,13,29
2025-01-06,SKU0086,105,0,13,29
2025-01-13,SKU0086,87,0,13,29
2025-01-20,SKU0086,73,1,13,29
2025-01-27,SKU0086,51,0,13,29
2025-02-03,SKU0086,111,93,13,29
2025-02-10,SKU0086,93,20,13,29
2025-02-17,SKU0086,86,0,13,29
2025-02-24,SKU0086,57,16,13,29
2025-03-03,SKU0086,44,20,13,29
2025-03-10,SKU0086,206,190,13,29
2025-03-17,SKU0086,201,0,13,29
2025-03-24,SKU0086,187,0,13,29
2025-03-31,SKU0086,168,23,13,29
2025-04-07,SKU0086,162,0,13,29
2025-04-14,SKU0086,156,0,13,29
2025-04-21,SKU0086,131,0,13,29
2025-04-28,SKU0086,108,0,13,29
2025-05-05,SKU0086,97,17,13,29
2025-05-12,SKU0086,76,0,13,29
2025-05-19,SKU0086,43,0,13,29
2025-05-26,SKU0086,31,0,13,29
2025-06-02,SKU0086,194,175,13,29
2025-06-09,SKU0086,170,0,13,29
2025-06-16,SKU0086,153,27,13,29
2025-06-23,SKU0086,130,0,13,29
2025-06-30,SKU0086,100,0,13,29
2025-07-07,SKU0086,67,0,13,29
2025-07-14,SKU0086,36,0,13,29
2025-07-21,SKU0086,152,130,13,29
2025-07-28,SKU0086,138,0,13,29
2025-08-04,SKU0086,126,0,13,29
2025-08-11,SKU0086,120,0,13,29
2025-08-18,SKU0086,92,0,13,29
2025-08-25,SKU0086,69,0,13,29
2025-09-01,SKU0086,47,0,13,29
2025-09-08,SKU0086,175,152,13,29
2025-09-15,SKU0086,144,0,13,29
2025-09-22,SKU0086,117,0,13,29
2025-09-29,SKU0086,85,0,13,29
2025-10-06,SKU0086,80,0,13,29
2025-10-13,SKU0086,63,14,13,29
2025-10-20,SKU0086,46,0,13,29
2025-10-27,SKU0086,29,0,13,29
2025-11-03,SKU0086,1,0,13,29
2025-11-10,SKU0086,208,208,13,29
2025-11-17,SKU0086,185,0,13,29
2025-11-24,SKU0086,162,0,13,29
2025-12-01,SKU0086,132,10,13,29
2025-12-08,SKU0086,109,0,13,29
2025-12-15,SKU0086,99,0,13,29
2025-12-22,SKU0086,71,0,13,29
2025-12-29,SKU0086,59,0,13,29
2024-01-01,SKU0087,280,19,14,55
2024-01-08,SKU0087,263,0,14,55
2024-01-15,SKU0087,235,0,14,55
2024-01-22,SKU0087,221,0,14,55
2024-01-29,SKU0087,209,0,14,55
2024-02-05,SKU0087,180,0,14,55
2024-02-12,SKU0087,174,0,14,55
2024-02-19,SKU0087,162,5,14,55
2024-02-26,SKU0087,140,24,14,55
2024-03-04,SKU0087,123,0,14,55
2024-03-11,SKU0087,96,0,14,55
2024-03-18,SKU0087,89,12,14,55
2024-03-25,SKU0087,84,24,14,55
2024-04-01,SKU0087,62,0,14,55
2024-04-08,SKU0087,277,228,14,55
2024-04-15,SKU0087,265,0,14,55
2024-04-22,SKU0087,240,2,14,55
2024-04-29,SKU0087,215,0,14,55
2024-05-06,SKU0087,197,0,14,55
2024-05-13,SKU0087,174,0,14,55
2024-05-20,SKU0087,147,10,14,55
2024-05-27,SKU0087,124,11,14,55
2024-06-03,SKU0087,92,0,14,55
2024-06-10,SKU0087,63,0,14,55
2024-06-17,SKU0087,49,11,14,55
2024-06-24,SKU0087,26,0,14,55
2024-07-01,SKU0087,14,0,14,55
2024-07-08,SKU0087,199,190,14,55
2024-07-15,SKU0087,173,0,14,55
2024-07-22,SKU0087,147,9,14,55
2024-07-29,SKU0087,139,0,14,55
2024-08-05,SKU0087,110,0,14,55
2024-08-12,SKU0087,104,25,14,55
2024-08-19,SKU0087,96,0,14,55
2024-08-26,SKU0087,66,0,14,55
2024-09-02,SKU0087,172,119,14,55
2024-09-09,SKU0087,152,0,14,55
2024-09-16,SKU0087,128,0,14,55
2024-09-23,SKU0087,115,0,14,55
2024-09-30,SKU0087,98,15,14,55
2024-10-07,SKU0087,73,0,14,55
2024-10-14,SKU0087,256,215,14,55
2024-10-21,SKU0087,224,28,14,55
2024-10-28,SKU0087,218,0,14,55
2024-11-04,SKU0087,199,0,14,55
2024-11-11,SKU0087,175,0,14,55
2024-11-18,SKU0087,148,19,14,55
2024-11-25,SKU0087,138,0,14,55
2024-12-02,SKU0087,131,0,14,55
2024-12-09,SKU0087,106,0,14,55
2024-12-16,SKU0087,90,0,14,55
2024-12-23,SKU0087,84,0,14,55
2024-12-30,SKU0087,75,0,14,55
2025-01-06,SKU0087,228,174,14,55
2025-01-13,SKU0087,215,8,14,55
2025-01-20,SKU0087,189,0,14,55
2025-01-27,SKU0087,177,0,14,55
2025-02-03,SKU0087,164,0,14,55
2025-02-10,SKU0087,146,0,14,55
2025-02-17,SKU0087,126,0,14,55
2025-02-24,SKU0087,109,0,14,55
2025-03-03,SKU0087,104,0,14,55
2025-03-10,SKU0087,95,0,14,55
2025-03-17,SKU0087,69,27,14,55
2025-03-24,SKU0087,201,157,14,55
2025-03-31,SKU0087,183,0,14,55
2025-04-07,SKU0087,173,0,14,55
2025-04-14,SKU0087,166,0,14,55
2025-04-21,SKU0087,156,11,14,55
2025-04-28,SKU0087,144,0,14,55
2025-05-05,SKU0087,122,0,14,55
2025-05-12,SKU0087,113,14,14,55
2025-05-19,SKU0087,98,0,14,55
2025-05-26,SKU0087,64,0,14,55
2025-06-02,SKU0087,48,0,14,55
2025-06-09,SKU0087,20,27,14,55
2025-06-16,SKU0087,4,2,14,55
2025-06-23,SKU0087,117,117,14,55
2025-06-30,SKU0087,85,0,14,55
2025-07-07,SKU0087,61,0,14,55
2025-07-14,SKU0087,40,0,14,55
2025-07-21,SKU0087,11,24,14,55
2025-07-28,SKU0087,89,89,14,55
2025-08-04,SKU0087,56,0,14,55
2025-08-11,SKU0087,262,230,14,55
2025-08-18,SKU0087,228,13,14,55
2025-08-25,SKU0087,200,0,14,55
2025-09-01,SKU0087,186,12,14,55
2025-09-08,SKU0087,158,0,14,55
2025-09-15,SKU0087,132,0,14,55
2025-09-22,SKU0087,114,0,14,55
2025-09-29,SKU0087,94,0,14,55
2025-10-06,SKU0087,76,0,14,55
2025-10-13,SKU0087,53,0,14,55
2025-10-20,SKU0087,24,0,14,55
2025-10-27,SKU0087,16,0,14,55
2025-11-03,SKU0087,10,0,14,55
2025-11-10,SKU0087,1,0,14,55
2025-11-17,SKU0087,211,211,14,55
2025-11-24,SKU0087,188,0,14,55
2025-12-01,SKU0087,176,0,14,55
2025-12-08,SKU0087,169,0,14,55
2025-12-15,SKU0087,144,9,14,55
2025-12-22,SKU0087,139,0,14,55
2025-12-29,SKU0087,105,0,14,55
2024-01-01,SKU0088,258,0,12,23
2024-01-08,SKU0088,236,0,12,23
2024-01-15,SKU0088,202,0,12,23
2024-01-22,SKU0088,193,0,12,23
2024-01-29,SKU0088,186,0,12,23
2024-02-05,SKU0088,181,0,12,23
2024-02-12,SKU0088,165,0,12,23
2024-02-19,SKU0088,134,0,12,23
2024-02-26,SKU0088,100,12,12,23
2024-03-04,SKU0088,81,20,12,23
2024-03-11,SKU0088,65,0,12,23
2024-03-18,SKU0088,50,0,12,23
2024-03-25,SKU0088,39,20,12,23
2024-04-01,SKU0088,15,0,12,23
2024-04-08,SKU0088,0,0,12,23
2024-04-15,SKU0088,0,29,12,23
2024-04-22,SKU0088,141,141,12,23
2024-04-29,SKU0088,112,0,12,23
2024-05-06,SKU0088,98,0,12,23
2024-05-13,SKU0088,75,22,12,23
2024-05-20,SKU0088,42,29,12,23
2024-05-27,SKU0088,27,0,12,23
2024-06-03,SKU0088,0,0,12,23
2024-06-10,SKU0088,0,14,12,23
2024-06-17,SKU0088,128,128,12,23
2024-06-24,SKU0088,109,18,12,23
2024-07-01,SKU0088,95,0,12,23
2024-07-08,SKU0088,90,0,12,23
2024-07-15,SKU0088,57,26,12,23
2024-07-22,SKU0088,35,6,12,23
2024-07-29,SKU0088,246,227,12,23
2024-08-05,SKU0088,213,0,12,23
2024-08-12,SKU0088,183,0,12,23
2024-08-19,SKU0088,170,0,12,23
2024-08-26,SKU0088,158,0,12,23
2024-09-02,SKU0088,152,0,12,23
2024-09-09,SKU0088,121,0,12,23
2024-09-16,SKU0088,112,13,12,23
2024-09-23,SKU0088,85,8,12,23
2024-09-30,SKU0088,62,0,12,23
2024-10-07,SKU0088,47,0,12,23
2024-10-14,SKU0088,17,0,12,23
2024-10-21,SKU0088,0,0,12,23
2024-10-28,SKU0088,227,227,12,23
2024-11-04,SKU0088,194,0,12,23
2024-11-11,SKU0088,171,0,12,23
2024-11-18,SKU0088,166,0,12,23
2024-11-25,SKU0088,135,21,12,23
2024-12-02,SKU0088,109,0,12,23
2024-12-09,SKU0088,92,0,12,23
2024-12-16,SKU0088,65,0,12,23
2024-12-23,SKU0088,39,0,12,23
2024-12-30,SKU0088,95,81,12,23
2025-01-06,SKU0088,76,0,12,23
2025-01-13,SKU0088,64,0,12,23
2025-01-20,SKU0088,58,0,12,23
2025-01-27,SKU0088,48,0,12,23
2025-02-03,SKU0088,37,0,12,23
2025-02-10,SKU0088,20,0,12,23
2025-02-17,SKU0088,136,127,12,23
2025-02-24,SKU0088,128,0,12,23
2025-03-03,SKU0088,101,0,12,23
2025-03-10,SKU0088,78,0,12,23
2025-03-17,SKU0088,44,0,12,23
2025-03-24,SKU0088,27,0,12,23
2025-03-31,SKU0088,98,92,12,23
2025-04-07,SKU0088,75,0,12,23
2025-04-14,SKU0088,64,0,12,23
2025-04-21,SKU0088,39,0,12,23
2025-04-28,SKU0088,20,0,12,23
2025-05-05,SKU0088,0,23,12,23
2025-05-12,SKU0088,248,248,12,23
2025-05-19,SKU0088,237,0,12,23
2025-05-26,SKU0088,223,0,12,23
2025-06-02,SKU0088,216,27,12,23
2025-06-09,SKU0088,190,0,12,23
2025-06-16,SKU0088,157,0,12,23
2025-06-23,SKU0088,151,0,12,23
2025-06-30,SKU0088,125,29,12,23
2025-07-07,SKU0088,109,0,12,23
2025-07-14,SKU0088,87,0,12,23
2025-07-21,SKU0088,63,0,12,23
2025-07-28,SKU0088,30,0,12,23
2025-08-04,SKU0088,10,0,12,23
2025-08-11,SKU0088,239,239,12,23
2025-08-18,SKU0088,232,26,12,23
2025-08-25,SKU0088,199,0,12,23
2025-09-01,SKU0088,180,0,12,23
2025-09-08,SKU0088,168,0,12,23
2025-09-15,SKU0088,142,0,12,23
2025-09-22,SKU0088,127,0,12,23
2025-09-29,SKU0088,117,0,12,23
2025-10-06,SKU0088,106,0,12,23
2025-10-13,SKU0088,80,0,12,23
2025-10-20,SKU0088,75,0,12,23
2025-10-27,SKU0088,60,29,12,23
2025-11-03,SKU0088,28,0,12,23
2025-11-10,SKU0088,1,0,12,23
2025-11-17,SKU0088,0,0,12,23
2025-11-24,SKU0088,0,0,12,23
2025-12-01,SKU0088,0,27,12,23
2025-12-08,SKU0088,131,131,12,23
2025-12-15,SKU0088,110,0,12,23
2025-12-22,SKU0088,80,0,12,23
2025-12-29,SKU0088,53,15,12,23
2024-01-01,SKU0089,77,0,29,37
2024-01-08,SKU0089,64,0,29,37
2024-01-15,SKU0089,222,187,29,37
2024-01-22,SKU0089,210,0,29,37
2024-01-29,SKU0089,196,0,29,37
2024-02-05,SKU0089,183,0,29,37
2024-02-12,SKU0089,157,0,29,37
2024-02-19,SKU0089,136,0,29,37
2024-02-26,SKU0089,110,0,29,37
2024-03-04,SKU0089,96,0,29,37
2024-03-11,SKU0089,65,0,29,37
2024-03-18,SKU0089,186,152,29,37
2024-03-25,SKU0089,158,0,29,37
2024-04-01,SKU0089,148,0,29,37
2024-04-08,SKU0089,122,0,29,37
2024-04-15,SKU0089,107,6,29,37
2024-04-22,SKU0089,78,0,29,37
2024-04-29,SKU0089,59,0,29,37
2024-05-06,SKU0089,181,152,29,37
2024-05-13,SKU0089,171,0,29,37
2024-05-20,SKU0089,157,0,29,37
2024-05-27,SKU0089,150,0,29,37
2024-06-03,SKU0089,143,19,29,37
2024-06-10,SKU0089,137,0,29,37
2024-06-17,SKU0089,130,0,29,37
2024-06-24,SKU0089,104,0,29,37
2024-07-01,SKU0089,90,0,29,37
2024-07-08,SKU0089,63,0,29,37
2024-07-15,SKU0089,38,0,29,37
2024-07-22,SKU0089,223,190,29,37
2024-07-29,SKU0089,211,0,29,37
2024-08-05,SKU0089,205,5,29,37
2024-08-12,SKU0089,186,0,29,37
2024-08-19,SKU0089,153,0,29,37
2024-08-26,SKU0089,132,0,29,37
2024-09-02,SKU0089,125,0,29,37
2024-09-09,SKU0089,94,0,29,37
2024-09-16,SKU0089,69,0,29,37
2024-09-23,SKU0089,64,0,29,37
2024-09-30,SKU0089,49,0,29,37
2024-10-07,SKU0089,23,0,29,37
2024-10-14,SKU0089,14,0,29,37
2024-10-21,SKU0089,4,0,29,37
2024-10-28,SKU0089,215,215,29,37
2024-11-04,SKU0089,198,0,29,37
2024-11-11,SKU0089,191,0,29,37
2024-11-18,SKU0089,157,0,29,37
2024-11-25,SKU0089,136,0,29,37
2024-12-02,SKU0089,123,25,29,37
2024-12-09,SKU0089,113,0,29,37
2024-12-16,SKU0089,85,0,29,37
2024-12-23,SKU0089,57,0,29,37
2024-12-30,SKU0089,177,146,29,37
2025-01-06,SKU0089,159,0,29,37
2025-01-13,SKU0089,154,0,29,37
2025-01-20,SKU0089,129,0,29,37
2025-01-27,SKU0089,119,0,29,37
2025-02-03,SKU0089,112,0,29,37
2025-02-10,SKU0089,81,9,29,37
2025-02-17,SKU0089,48,0,29,37
2025-02-24,SKU0089,175,142,29,37
2025-03-03,SKU0089,148,0,29,37
2025-03-10,SKU0089,114,0,29,37
2025-03-17,SKU0089,80,2,29,37
2025-03-24,SKU0089,57,7,29,37
2025-03-31,SKU0089,151,119,29,37
2025-04-07,SKU0089,117,0,29,37
2025-04-14,SKU0089,101,0,29,37
2025-04-21,SKU0089,94,0,29,37
2025-04-28,SKU0089,65,0,29,37
2025-05-05,SKU0089,51,0,29,37
2025-05-12,SKU0089,105,86,29,37
2025-05-19,SKU0089,93,0,29,37
2025-05-26,SKU0089,62,4,29,37
2025-06-02,SKU0089,43,0,29,37
2025-06-09,SKU0089,36,0,29,37
2025-06-16,SKU0089,4,28,29,37
2025-06-23,SKU0089,149,149,29,37
2025-06-30,SKU0089,138,0,29,37
2025-07-07,SKU0089,106,0,29,37
2025-07-14,SKU0089,98,0,29,37
2025-07-21,SKU0089,73,0,29,37
2025-07-28,SKU0089,51,0,29,37
2025-08-04,SKU0089,247,228,29,37
2025-08-11,SKU0089,241,10,29,37
2025-08-18,SKU0089,232,0,29,37
2025-08-25,SKU0089,208,0,29,37
2025-09-01,SKU0089,180,4,29,37
2025-09-08,SKU0089,167,28,29,37
2025-09-15,SKU0089,133,0,29,37
2025-09-22,SKU0089,111,0,29,37
2025-09-29,SKU0089,92,0,29,37
2025-10-06,SKU0089,83,7,29,37
2025-10-13,SKU0089,61,0,29,37
2025-10-20,SKU0089,48,0,29,37
2025-10-27,SKU0089,25,0,29,37
2025-11-03,SKU0089,182,171,29,37
2025-11-10,SKU0089,149,0,29,37
2025-11-17,SKU0089,122,19,29,37
2025-11-24,SKU0089,96,0,29,37
2025-12-01,SKU0089,69,0,29,37
2025-12-08,SKU0089,51,0,29,37
2025-12-15,SKU0089,46,0,29,37
2025-12-22,SKU0089,210,193,29,37
2025-12-29,SKU0089,187,0,29,37
2024-01-01,SKU0090,206,0,24,25
2024-01-08,SKU0090,186,0,24,25
2024-01-15,SKU0090,165,0,24,25
2024-01-22,SKU0090,147,0,24,25
2024-01-29,SKU0090,131,0,24,25
2024-02-05,SKU0090,100,0,24,25
2024-02-12,SKU0090,67,0,24,25
2024-02-19,SKU0090,58,17,24,25
2024-02-26,SKU0090,41,0,24,25
2024-03-04,SKU0090,18,0,24,25
2024-03-11,SKU0090,257,246,24,25
2024-03-18,SKU0090,224,0,24,25
2024-03-25,SKU0090,199,0,24,25
2024-04-01,SKU0090,168,13,24,25
2024-04-08,SKU0090,156,0,24,25
2024-04-15,SKU0090,139,16,24,25
2024-04-22,SKU0090,118,0,24,25
2024-04-29,SKU0090,102,22,24,25
2024-05-06,SKU0090,76,0,24,25
2024-05-13,SKU0090,62,2,24,25
2024-05-20,SKU0090,42,0,24,25
2024-05-27,SKU0090,33,15,24,25
2024-06-03,SKU0090,4,19,24,25
2024-06-10,SKU0090,0,17,24,25
2024-06-17,SKU0090,143,143,24,25
2024-06-24,SKU0090,119,29,24,25
2024-07-01,SKU0090,90,0,24,25
2024-07-08,SKU0090,66,0,24,25
2024-07-15,SKU0090,32,13,24,25
2024-07-22,SKU0090,154,146,24,25
2024-07-29,SKU0090,146,28,24,25
2024-08-05,SKU0090,113,0,24,25
2024-08-12,SKU0090,104,0,24,25
2024-08-19,SKU0090,98,0,24,25
2024-08-26,SKU0090,82,0,24,25
2024-09-02,SKU0090,68,0,24,25
2024-09-09,SKU0090,42,0,24,25
2024-09-16,SKU0090,152,135,24,25
2024-09-23,SKU0090,146,0,24,25
2024-09-30,SKU0090,126,0,24,25
2024-10-07,SKU0090,111,0,24,25
2024-10-14,SKU0090,77,0,24,25
2024-10-21,SKU0090,53,0,24,25
2024-10-28,SKU0090,24,0,24,25
2024-11-04,SKU0090,213,198,24,25
2024-11-11,SKU0090,203,0,24,25
2024-11-18,SKU0090,172,0,24,25
2024-11-25,SKU0090,154,0,24,25
2024-12-02,SKU0090,124,0,24,25
2024-12-09,SKU0090,97,0,24,25
2024-12-16,SKU0090,65,0,24,25
2024-12-23,SKU0090,32,0,24,25
2024-12-30,SKU0090,16,0,24,25
2025-01-06,SKU0090,163,163,24,25
2025-01-13,SKU0090,129,0,24,25
2025-01-20,SKU0090,106,0,24,25
2025-01-27,SKU0090,84,0,24,25
2025-02-03,SKU0090,58,0,24,25
2025-02-10,SKU0090,29,0,24,25
2025-02-17,SKU0090,183,183,24,25
2025-02-24,SKU0090,177,0,24,25
2025-03-03,SKU0090,158,0,24,25
2025-03-10,SKU0090,147,4,24,25
2025-03-17,SKU0090,140,0,24,25
2025-03-24,SKU0090,128,0,24,25
2025-03-31,SKU0090,101,0,24,25
2025-04-07,SKU0090,73,0,24,25
2025-04-14,SKU0090,43,0,24,25
2025-04-21,SKU0090,35,0,24,25
2025-04-28,SKU0090,117,97,24,25
2025-05-05,SKU0090,94,0,24,25
2025-05-12,SKU0090,69,11,24,25
2025-05-19,SKU0090,46,6,24,25
2025-05-26,SKU0090,29,0,24,25
2025-06-02,SKU0090,256,249,24,25
2025-06-09,SKU0090,249,0,24,25
2025-06-16,SKU0090,244,0,24,25
2025-06-23,SKU0090,238,0,24,25
2025-06-30,SKU0090,207,0,24,25
2025-07-07,SKU0090,190,0,24,25
2025-07-14,SKU0090,163,0,24,25
2025-07-21,SKU0090,129,0,24,25
2025-07-28,SKU0090,97,0,24,25
2025-08-04,SKU0090,82,0,24,25
2025-08-11,SKU0090,51,0,24,25
2025-08-18,SKU0090,28,0,24,25
2025-08-25,SKU0090,175,153,24,25
2025-09-01,SKU0090,158,0,24,25
2025-09-08,SKU0090,142,0,24,25
2025-09-15,SKU0090,126,0,24,25
2025-09-22,SKU0090,92,0,24,25
2025-09-29,SKU0090,68,0,24,25
2025-10-06,SKU0090,47,0,24,25
2025-10-13,SKU0090,38,0,24,25
2025-10-20,SKU0090,23,0,24,25
2025-10-27,SKU0090,226,226,24,25
2025-11-03,SKU0090,219,0,24,25
2025-11-10,SKU0090,201,0,24,25
2025-11-17,SKU0090,178,0,24,25
2025-11-24,SKU0090,162,0,24,25
2025-12-01,SKU0090,129,0,24,25
2025-12-08,SKU0090,99,0,24,25
2025-12-15,SKU0090,67,29,24,25
2025-12-22,SKU0090,55,0,24,25
2025-12-29,SKU0090,42,0,24,25
2024-01-01,SKU0091,245,0,19,29
2024-01-08,SKU0091,212,0,19,29
2024-01-15,SKU0091,199,0,19,29
2024-01-22,SKU0091,190,0,19,29
2024-01-29,SKU0091,171,0,19,29
2024-02-05,SKU0091,166,0,19,29
2024-02-12,SKU0091,150,0,19,29
2024-02-19,SKU0091,140,0,19,29
2024-02-26,SKU0091,131,0,19,29
2024-03-04,SKU0091,115,0,19,29
2024-03-11,SKU0091,82,0,19,29
2024-03-18,SKU0091,63,0,19,29
2024-03-25,SKU0091,44,0,19,29
2024-04-01,SKU0091,18,0,19,29
2024-04-08,SKU0091,9,0,19,29
2024-04-15,SKU0091,200,200,19,29
2024-04-22,SKU0091,171,9,19,29
2024-04-29,SKU0091,160,3,19,29
2024-05-06,SKU0091,147,0,19,29
2024-05-13,SKU0091,120,0,19,29
2024-05-20,SKU0091,94,27,19,29
2024-05-27,SKU0091,85,0,19,29
2024-06-03,SKU0091,59,0,19,29
2024-06-10,SKU0091,187,162,19,29
2024-06-17,SKU0091,159,0,19,29
2024-06-24,SKU0091,146,0,19,29
2024-07-01,SKU0091,130,24,19,29
2024-07-08,SKU0091,114,0,19,29
2024-07-15,SKU0091,90,0,19,29
2024-07-22,SKU0091,82,0,19,29
2024-07-29,SKU0091,68,0,19,29
2024-08-05,SKU0091,41,0,19,29
2024-08-12,SKU0091,168,160,19,29
2024-08-19,SKU0091,138,0,19,29
2024-08-26,SKU0091,112,0,19,29
2024-09-02,SKU0091,101,0,19,29
2024-09-09,SKU0091,70,0,19,29
2024-09-16,SKU0091,51,26,19,29
2024-09-23,SKU0091,43,0,19,29
2024-09-30,SKU0091,37,0,19,29
2024-10-07,SKU0091,27,0,19,29
2024-10-14,SKU0091,218,216,19,29
2024-10-21,SKU0091,202,0,19,29
2024-10-28,SKU0091,180,0,19,29
2024-11-04,SKU0091,169,0,19,29
2024-11-11,SKU0091,138,0,19,29
2024-11-18,SKU0091,110,0,19,29
2024-11-25,SKU0091,105,0,19,29
2024-12-02,SKU0091,78,0,19,29
2024-12-09,SKU0091,71,0,19,29
2024-12-16,SKU0091,42,0,19,29
2024-12-23,SKU0091,31,0,19,29
2024-12-30,SKU0091,0,0,19,29
2025-01-06,SKU0091,165,165,19,29
2025-01-13,SKU0091,147,13,19,29
2025-01-20,SKU0091,127,0,19,29
2025-01-27,SKU0091,106,11,19,29
2025-02-03,SKU0091,94,0,19,29
2025-02-10,SKU0091,75,0,19,29
2025-02-17,SKU0091,47,0,19,29
2025-02-24,SKU0091,32,25,19,29
2025-03-03,SKU0091,0,0,19,29
2025-03-10,SKU0091,0,0,19,29
2025-03-17,SKU0091,116,116,19,29
2025-03-24,SKU0091,94,0,19,29
2025-03-31,SKU0091,86,27,19,29
2025-04-07,SKU0091,72,0,19,29
2025-04-14,SKU0091,51,0,19,29
2025-04-21,SKU0091,43,0,19,29
2025-04-28,SKU0091,31,0,19,29
2025-05-05,SKU0091,10,0,19,29
2025-05-12,SKU0091,0,4,19,29
2025-05-19,SKU0091,161,161,19,29
2025-05-26,SKU0091,128,5,19,29
2025-06-02,SKU0091,102,2,19,29
2025-06-09,SKU0091,73,17,19,29
2025-06-16,SKU0091,41,0,19,29
2025-06-23,SKU0091,100,88,19,29
2025-06-30,SKU0091,91,0,19,29
2025-07-07,SKU0091,67,0,19,29
2025-07-14,SKU0091,36,24,19,29
2025-07-21,SKU0091,226,224,19,29
2025-07-28,SKU0091,211,0,19,29
2025-08-04,SKU0091,195,0,19,29
2025-08-11,SKU0091,163,0,19,29
2025-08-18,SKU0091,130,0,19,29
2025-08-25,SKU0091,111,0,19,29
2025-09-01,SKU0091,90,0,19,29
2025-09-08,SKU0091,79,0,19,29
2025-09-15,SKU0091,60,0,19,29
2025-09-22,SKU0091,225,199,19,29
2025-09-29,SKU0091,214,0,19,29
2025-10-06,SKU0091,186,7,19,29
2025-10-13,SKU0091,176,0,19,29
2025-10-20,SKU0091,149,29,19,29
2025-10-27,SKU0091,129,0,19,29
2025-11-03,SKU0091,108,20,19,29
2025-11-10,SKU0091,102,0,19,29
2025-11-17,SKU0091,82,18,19,29
2025-11-24,SKU0091,58,0,19,29
2025-12-01,SKU0091,37,21,19,29
2025-12-08,SKU0091,30,0,19,29
2025-12-15,SKU0091,240,240,19,29
2025-12-22,SKU0091,233,0,19,29
2025-12-29,SKU0091,218,0,19,29
2024-01-01,SKU0092,73,0,12,53
2024-01-08,SKU0092,68,0,12,53
2024-01-15,SKU0092,40,0,12,53
2024-01-22,SKU0092,35,0,12,53
2024-01-29,SKU0092,6,0,12,53
2024-02-05,SKU0092,150,150,12,53
2024-02-12,SKU0092,130,0,12,53
2024-02-19,SKU0092,108,9,12,53
2024-02-26,SKU0092,92,0,12,53
2024-03-04,SKU0092,62,0,12,53
2024-03-11,SKU0092,155,120,12,53
2024-03-18,SKU0092,130,0,12,53
2024-03-25,SKU0092,122,5,12,53
2024-04-01,SKU0092,89,0,12,53
2024-04-08,SKU0092,76,0,12,53
2024-04-15,SKU0092,71,0,12,53
2024-04-22,SKU0092,66,10,12,53
2024-04-29,SKU0092,235,192,12,53
2024-05-06,SKU0092,222,0,12,53
2024-05-13,SKU0092,193,0,12,53
2024-05-20,SKU0092,179,0,12,53
2024-05-27,SKU0092,156,0,12,53
2024-06-03,SKU0092,145,0,12,53
2024-06-10,SKU0092,127,0,12,53
2024-06-17,SKU0092,112,0,12,53
2024-06-24,SKU0092,107,0,12,53
2024-07-01,SKU0092,81,16,12,53
2024-07-08,SKU0092,67,0,12,53
2024-07-15,SKU0092,61,4,12,53
2024-07-22,SKU0092,140,102,12,53
2024-07-29,SKU0092,133,0,12,53
2024-08-05,SKU0092,116,0,12,53
2024-08-12,SKU0092,100,0,12,53
2024-08-19,SKU0092,91,0,12,53
2024-08-26,SKU0092,59,0,12,53
2024-09-02,SKU0092,44,0,12,53
2024-09-09,SKU0092,28,0,12,53
2024-09-16,SKU0092,13,0,12,53
2024-09-23,SKU0092,0,0,12,53
2024-09-30,SKU0092,226,226,12,53
2024-10-07,SKU0092,219,0,12,53
2024-10-14,SKU0092,213,0,12,53
2024-10-21,SKU0092,196,0,12,53
2024-10-28,SKU0092,183,13,12,53
2024-11-04,SKU0092,156,0,12,53
2024-11-11,SKU0092,122,0,12,53
2024-11-18,SKU0092,113,20,12,53
2024-11-25,SKU0092,95,0,12,53
2024-12-02,SKU0092,68,0,12,53
2024-12-09,SKU0092,42,0,12,53
2024-12-16,SKU0092,145,123,12,53
2024-12-23,SKU0092,129,0,12,53
2024-12-30,SKU0092,117,0,12,53
2025-01-06,SKU0092,85,0,12,53
2025-01-13,SKU0092,79,0,12,53
2025-01-20,SKU0092,151,103,12,53
2025-01-27,SKU0092,128,0,12,53
2025-02-03,SKU0092,104,0,12,53
2025-02-10,SKU0092,81,0,12,53
2025-02-17,SKU0092,293,242,12,53
2025-02-24,SKU0092,275,0,12,53
2025-03-03,SKU0092,255,20,12,53
2025-03-10,SKU0092,227,0,12,53
2025-03-17,SKU0092,220,0,12,53
2025-03-24,SKU0092,211,0,12,53
2025-03-31,SKU0092,189,5,12,53
2025-04-07,SKU0092,161,0,12,53
2025-04-14,SKU0092,133,0,12,53
2025-04-21,SKU0092,115,2,12,53
2025-04-28,SKU0092,83,0,12,53
2025-05-05,SKU0092,59,0,12,53
2025-05-12,SKU0092,181,137,12,53
2025-05-19,SKU0092,162,0,12,53
2025-05-26,SKU0092,138,29,12,53
2025-06-02,SKU0092,119,0,12,53
2025-06-09,SKU0092,97,16,12,53
2025-06-16,SKU0092,77,0,12,53
2025-06-23,SKU0092,68,0,12,53
2025-06-30,SKU0092,59,0,12,53
2025-07-07,SKU0092,138,102,12,53
2025-07-14,SKU0092,114,0,12,53
2025-07-21,SKU0092,101,0,12,53
2025-07-28,SKU0092,92,0,12,53
2025-08-04,SKU0092,68,27,12,53
2025-08-11,SKU0092,49,26,12,53
2025-08-18,SKU0092,26,0,12,53
2025-08-25,SKU0092,190,184,12,53
2025-09-01,SKU0092,157,0,12,53
2025-09-08,SKU0092,143,0,12,53
2025-09-15,SKU0092,110,0,12,53
2025-09-22,SKU0092,83,0,12,53
2025-09-29,SKU0092,57,0,12,53
2025-10-06,SKU0092,217,184,12,53
2025-10-13,SKU0092,185,17,12,53
2025-10-20,SKU0092,173,0,12,53
2025-10-27,SKU0092,140,0,12,53
2025-11-03,SKU0092,119,0,12,53
2025-11-10,SKU0092,109,0,12,53
2025-11-17,SKU0092,81,0,12,53
2025-11-24,SKU0092,56,0,12,53
2025-12-01,SKU0092,157,122,12,53
2025-12-08,SKU0092,124,0,12,53
2025-12-15,SKU0092,106,0,12,53
2025-12-22,SKU0092,89,0,12,53
2025-12-29,SKU0092,62,22,12,53
2024-01-01,SKU0093,276,0,9,59
2024-01-08,SKU0093,268,0,9,59
2024-01-15,SKU0093,246,0,9,59
2024-01-22,SKU0093,237,0,9,59
2024-01-29,SKU0093,221,29,9,59
2024-02-05,SKU0093,206,0,9,59
2024-02-12,SKU0093,187,0,9,59
2024-02-19,SKU0093,155,0,9,59
2024-02-26,SKU0093,137,10,9,59
2024-03-04,SKU0093,114,0,9,59
2024-03-11,SKU0093,91,0,9,59
2024-03-18,SKU0093,67,0,9,59
2024-03-25,SKU0093,128,81,9,59
2024-04-01,SKU0093,123,0,9,59
2024-04-08,SKU0093,111,0,9,59
2024-04-15,SKU0093,99,0,9,59
2024-04-22,SKU0093,93,0,9,59
2024-04-29,SKU0093,76,0,9,59
2024-05-06,SKU0093,222,177,9,59
2024-05-13,SKU0093,210,0,9,59
2024-05-20,SKU0093,192,0,9,59
2024-05-27,SKU0093,159,0,9,59
2024-06-03,SKU0093,141,0,9,59
2024-06-10,SKU0093,111,21,9,59
2024-06-17,SKU0093,80,0,9,59
2024-06-24,SKU0093,217,169,9,59
2024-07-01,SKU0093,193,0,9,59
2024-07-08,SKU0093,171,0,9,59
2024-07-15,SKU0093,139,0,9,59
2024-07-22,SKU0093,133,0,9,59
2024-07-29,SKU0093,111,0,9,59
2024-08-05,SKU0093,106,26,9,59
2024-08-12,SKU0093,75,0,9,59
2024-08-19,SKU0093,250,207,9,59
2024-08-26,SKU0093,216,0,9,59
2024-09-02,SKU0093,201,27,9,59
2024-09-09,SKU0093,186,0,9,59
2024-09-16,SKU0093,165,4,9,59
2024-09-23,SKU0093,138,0,9,59
2024-09-30,SKU0093,120,0,9,59
2024-10-07,SKU0093,107,11,9,59
2024-10-14,SKU0093,78,0,9,59
2024-10-21,SKU0093,220,162,9,59
2024-10-28,SKU0093,211,0,9,59
2024-11-04,SKU0093,194,0,9,59
2024-11-11,SKU0093,176,0,9,59
2024-11-18,SKU0093,162,0,9,59
2024-11-25,SKU0093,143,0,9,59
2024-12-02,SKU0093,119,20,9,59
2024-12-09,SKU0093,107,23,9,59
2024-12-16,SKU0093,98,0,9,59
2024-12-23,SKU0093,92,0,9,59
2024-12-30,SKU0093,64,1,9,59
2025-01-06,SKU0093,41,0,9,59
2025-01-13,SKU0093,36,7,9,59
2025-01-20,SKU0093,8,0,9,59
2025-01-27,SKU0093,189,189,9,59
2025-02-03,SKU0093,181,0,9,59
2025-02-10,SKU0093,147,0,9,59
2025-02-17,SKU0093,128,0,9,59
2025-02-24,SKU0093,111,0,9,59
2025-03-03,SKU0093,105,0,9,59
2025-03-10,SKU0093,79,0,9,59
2025-03-17,SKU0093,54,0,9,59
2025-03-24,SKU0093,33,1,9,59
2025-03-31,SKU0093,0,0,9,59
2025-04-07,SKU0093,207,207,9,59
2025-04-14,SKU0093,184,0,9,59
2025-04-21,SKU0093,165,0,9,59
2025-04-28,SKU0093,145,0,9,59
2025-05-05,SKU0093,140,26,9,59
2025-05-12,SKU0093,128,23,9,59
2025-05-19,SKU0093,96,0,9,59
2025-05-26,SKU0093,82,0,9,59
2025-06-02,SKU0093,61,0,9,59
2025-06-09,SKU0093,54,0,9,59
2025-06-16,SKU0093,283,238,9,59
2025-06-23,SKU0093,274,4,9,59
2025-06-30,SKU0093,267,0,9,59
2025-07-07,SKU0093,247,0,9,59
2025-07-14,SKU0093,233,0,9,59
2025-07-21,SKU0093,223,0,9,59
2025-07-28,SKU0093,191,0,9,59
2025-08-04,SKU0093,173,0,9,59
2025-08-11,SKU0093,152,0,9,59
2025-08-18,SKU0093,136,0,9,59
2025-08-25,SKU0093,104,0,9,59
2025-09-01,SKU0093,77,0,9,59
2025-09-08,SKU0093,150,103,9,59
2025-09-15,SKU0093,136,3,9,59
2025-09-22,SKU0093,115,0,9,59
2025-09-29,SKU0093,90,0,9,59
2025-10-06,SKU0093,70,0,9,59
2025-10-13,SKU0093,44,0,9,59
2025-10-20,SKU0093,115,104,9,59
2025-10-27,SKU0093,87,26,9,59
2025-11-03,SKU0093,74,0,9,59
2025-11-10,SKU0093,59,0,9,59
2025-11-17,SKU0093,240,213,9,59
2025-11-24,SKU0093,211,25,9,59
2025-12-01,SKU0093,193,0,9,59
2025-12-08,SKU0093,163,0,9,59
2025-12-15,SKU0093,148,0,9,59
2025-12-22,SKU0093,114,0,9,59
2025-12-29,SKU0093,91,0,9,59
2024-01-01,SKU0094,271,0,7,25
2024-01-08,SKU0094,261,0,7,25
2024-01-15,SKU0094,232,0,7,25
2024-01-22,SKU0094,198,0,7,25
2024-01-29,SKU0094,169,4,7,25
2024-02-05,SKU0094,143,0,7,25
2024-02-12,SKU0094,124,14,7,25
2024-02-19,SKU0094,92,0,7,25
2024-02-26,SKU0094,66,0,7,25
2024-03-04,SKU0094,52,0,7,25
2024-03-11,SKU0094,45,0,7,25
2024-03-18,SKU0094,196,177,7,25
2024-03-25,SKU0094,191,0,7,25
2024-04-01,SKU0094,158,0,7,25
2024-04-08,SKU0094,131,0,7,25
2024-04-15,SKU0094,114,0,7,25
2024-04-22,SKU0094,107,29,7,25
2024-04-29,SKU0094,101,0,7,25
2024-05-06,SKU0094,95,0,7,25
2024-05-13,SKU0094,63,0,7,25
2024-05-20,SKU0094,52,6,7,25
2024-05-27,SKU0094,28,0,7,25
2024-06-03,SKU0094,139,117,7,25
2024-06-10,SKU0094,131,0,7,25
2024-06-17,SKU0094,109,0,7,25
2024-06-24,SKU0094,87,0,7,25
2024-07-01,SKU0094,58,0,7,25
2024-07-08,SKU0094,44,0,7,25
2024-07-15,SKU0094,140,125,7,25
2024-07-22,SKU0094,130,0,7,25
2024-07-29,SKU0094,97,0,7,25
2024-08-05,SKU0094,78,0,7,25
2024-08-12,SKU0094,57,5,7,25
2024-08-19,SKU0094,47,0,7,25
2024-08-26,SKU0094,184,166,7,25
2024-09-02,SKU0094,151,0,7,25
2024-09-09,SKU0094,123,0,7,25
2024-09-16,SKU0094,104,8,7,25
2024-09-23,SKU0094,73,0,7,25
2024-09-30,SKU0094,64,0,7,25
2024-10-07,SKU0094,57,24,7,25
2024-10-14,SKU0094,29,0,7,25
2024-10-21,SKU0094,2,0,7,25
2024-10-28,SKU0094,185,185,7,25
2024-11-04,SKU0094,168,0,7,25
2024-11-11,SKU0094,162,21,7,25
2024-11-18,SKU0094,157,0,7,25
2024-11-25,SKU0094,152,0,7,25
2024-12-02,SKU0094,140,0,7,25
2024-12-09,SKU0094,106,22,7,25
2024-12-16,SKU0094,74,0,7,25
2024-12-23,SKU0094,53,0,7,25
2024-12-30,SKU0094,35,0,7,25
2025-01-06,SKU0094,202,194,7,25
2025-01-13,SKU0094,193,0,7,25
2025-01-20,SKU0094,176,0,7,25
2025-01-27,SKU0094,158,17,7,25
2025-02-03,SKU0094,152,0,7,25
2025-02-10,SKU0094,135,29,7,25
2025-02-17,SKU0094,104,0,7,25
2025-02-24,SKU0094,74,1,7,25
2025-03-03,SKU0094,54,0,7,25
2025-03-10,SKU0094,26,0,7,25
2025-03-17,SKU0094,121,120,7,25
2025-03-24,SKU0094,110,0,7,25
2025-03-31,SKU0094,93,0,7,25
2025-04-07,SKU0094,61,0,7,25
2025-04-14,SKU0094,34,29,7,25
2025-04-21,SKU0094,27,0,7,25
2025-04-28,SKU0094,0,0,7,25
2025-05-05,SKU0094,130,130,7,25
2025-05-12,SKU0094,105,0,7,25
2025-05-19,SKU0094,81,0,7,25
2025-05-26,SKU0094,47,12,7,25
2025-06-02,SKU0094,34,0,7,25
2025-06-09,SKU0094,182,173,7,25
2025-06-16,SKU0094,149,0,7,25
2025-06-23,SKU0094,121,0,7,25
2025-06-30,SKU0094,116,0,7,25
2025-07-07,SKU0094,88,0,7,25
2025-07-14,SKU0094,64,0,7,25
2025-07-21,SKU0094,31,0,7,25
2025-07-28,SKU0094,162,162,7,25
2025-08-04,SKU0094,132,0,7,25
2025-08-11,SKU0094,112,13,7,25
2025-08-18,SKU0094,80,0,7,25
2025-08-25,SKU0094,46,0,7,25
2025-09-01,SKU0094,39,0,7,25
2025-09-08,SKU0094,144,133,7,25
2025-09-15,SKU0094,124,0,7,25
2025-09-22,SKU0094,94,0,7,25
2025-09-29,SKU0094,82,0,7,25
2025-10-06,SKU0094,58,0,7,25
2025-10-13,SKU0094,117,92,7,25
2025-10-20,SKU0094,90,26,7,25
2025-10-27,SKU0094,60,0,7,25
2025-11-03,SKU0094,42,0,7,25
2025-11-10,SKU0094,31,21,7,25
2025-11-17,SKU0094,224,213,7,25
2025-11-24,SKU0094,204,0,7,25
2025-12-01,SKU0094,175,20,7,25
2025-12-08,SKU0094,142,0,7,25
2025-12-15,SKU0094,117,0,7,25
2025-12-22,SKU0094,102,0,7,25
2025-12-29,SKU0094,78,0,7,25
2024-01-01,SKU0095,269,0,10,57
2024-01-08,SKU0095,255,0,10,57
2024-01-15,SKU0095,233,0,10,57
2024-01-22,SKU0095,226,25,10,57
2024-01-29,SKU0095,193,25,10,57
2024-02-05,SKU0095,180,0,10,57
2024-02-12,SKU0095,167,19,10,57
2024-02-19,SKU0095,136,17,10,57
2024-02-26,SKU0095,105,26,10,57
2024-03-04,SKU0095,97,15,10,57
2024-03-11,SKU0095,68,0,10,57
2024-03-18,SKU0095,43,0,10,57
2024-03-25,SKU0095,150,120,10,57
2024-04-01,SKU0095,121,26,10,57
2024-04-08,SKU0095,99,0,10,57
2024-04-15,SKU0095,76,0,10,57
2024-04-22,SKU0095,71,0,10,57
2024-04-29,SKU0095,51,0,10,57
2024-05-06,SKU0095,42,0,10,57
2024-05-13,SKU0095,109,89,10,57
2024-05-20,SKU0095,103,0,10,57
2024-05-27,SKU0095,72,21,10,57
2024-06-03,SKU0095,45,6,10,57
2024-06-10,SKU0095,24,0,10,57
2024-06-17,SKU0095,217,217,10,57
2024-06-24,SKU0095,201,0,10,57
2024-07-01,SKU0095,181,0,10,57
2024-07-08,SKU0095,158,0,10,57
2024-07-15,SKU0095,126,0,10,57
2024-07-22,SKU0095,121,0,10,57
2024-07-29,SKU0095,115,25,10,57
2024-08-05,SKU0095,93,0,10,57
2024-08-12,SKU0095,72,0,10,57
2024-08-19,SKU0095,290,244,10,57
2024-08-26,SKU0095,277,0,10,57
2024-09-02,SKU0095,268,0,10,57
2024-09-09,SKU0095,234,0,10,57
2024-09-16,SKU0095,222,8,10,57
2024-09-23,SKU0095,191,0,10,57
2024-09-30,SKU0095,171,0,10,57
2024-10-07,SKU0095,159,0,10,57
2024-10-14,SKU0095,153,26,10,57
2024-10-21,SKU0095,142,19,10,57
2024-10-28,SKU0095,128,0,10,57
2024-11-04,SKU0095,117,0,10,57
2024-11-11,SKU0095,100,0,10,57
2024-11-18,SKU0095,93,0,10,57
2024-11-25,SKU0095,77,0,10,57
2024-12-02,SKU0095,293,244,10,57
2024-12-09,SKU0095,260,0,10,57
2024-12-16,SKU0095,243,0,10,57
2024-12-23,SKU0095,223,0,10,57
2024-12-30,SKU0095,190,0,10,57
2025-01-06,SKU0095,183,0,10,57
2025-01-13,SKU0095,168,0,10,57
2025-01-20,SKU0095,154,0,10,57
2025-01-27,SKU0095,148,0,10,57
2025-02-03,SKU0095,122,0,10,57
2025-02-10,SKU0095,117,0,10,57
2025-02-17,SKU0095,96,0,10,57
2025-02-24,SKU0095,80,0,10,57
2025-03-03,SKU0095,70,0,10,57
2025-03-10,SKU0095,252,206,10,57
2025-03-17,SKU0095,229,0,10,57
2025-03-24,SKU0095,222,0,10,57
2025-03-31,SKU0095,202,9,10,57
2025-04-07,SKU0095,191,0,10,57
2025-04-14,SKU0095,180,2,10,57
2025-04-21,SKU0095,156,0,10,57
2025-04-28,SKU0095,129,9,10,57
2025-05-05,SKU0095,119,0,10,57
2025-05-12,SKU0095,110,0,10,57
2025-05-19,SKU0095,84,0,10,57
2025-05-26,SKU0095,60,0,10,57
2025-06-02,SKU0095,34,0,10,57
2025-06-09,SKU0095,184,161,10,57
2025-06-16,SKU0095,170,0,10,57
2025-06-23,SKU0095,158,0,10,57
2025-06-30,SKU0095,133,0,10,57
2025-07-07,SKU0095,121,0,10,57
2025-07-14,SKU0095,113,0,10,57
2025-07-21,SKU0095,84,16,10,57
2025-07-28,SKU0095,73,0,10,57
2025-08-04,SKU0095,60,0,10,57
2025-08-11,SKU0095,130,81,10,57
2025-08-18,SKU0095,111,0,10,57
2025-08-25,SKU0095,93,13,10,57
2025-09-01,SKU0095,70,0,10,57
2025-09-08,SKU0095,194,143,10,57
2025-09-15,SKU0095,172,0,10,57
2025-09-22,SKU0095,155,0,10,57
2025-09-29,SKU0095,123,0,10,57
2025-10-06,SKU0095,91,28,10,57
2025-10-13,SKU0095,70,0,10,57
2025-10-20,SKU0095,59,0,10,57
2025-10-27,SKU0095,44,16,10,57
2025-11-03,SKU0095,212,202,10,57
2025-11-10,SKU0095,207,0,10,57
2025-11-17,SKU0095,202,0,10,57
2025-11-24,SKU0095,185,0,10,57
2025-12-01,SKU0095,158,0,10,57
2025-12-08,SKU0095,153,0,10,57
2025-12-15,SKU0095,147,0,10,57
2025-12-22,SKU0095,127,0,10,57
2025-12-29,SKU0095,97,0,10,57
2024-01-01,SKU0096,262,0,16,58
2024-01-08,SKU0096,232,0,16,58
2024-01-15,SKU0096,203,5,16,58
2024-01-22,SKU0096,171,0,16,58
2024-01-29,SKU0096,139,0,16,58
2024-02-05,SKU0096,125,0,16,58
2024-02-12,SKU0096,99,0,16,58
2024-02-19,SKU0096,72,29,16,58
2024-02-26,SKU0096,61,0,16,58
2024-03-04,SKU0096,241,206,16,58
2024-03-11,SKU0096,228,0,16,58
2024-03-18,SKU0096,218,0,16,58
2024-03-25,SKU0096,188,8,16,58
2024-04-01,SKU0096,180,0,16,58
2024-04-08,SKU0096,163,0,16,58
2024-04-15,SKU0096,149,0,16,58
2024-04-22,SKU0096,128,0,16,58
2024-04-29,SKU0096,123,0,16,58
2024-05-06,SKU0096,110,0,16,58
2024-05-13,SKU0096,87,10,16,58
2024-05-20,SKU0096,65,0,16,58
2024-05-27,SKU0096,152,118,16,58
2024-06-03,SKU0096,145,0,16,58
2024-06-10,SKU0096,140,0,16,58
2024-06-17,SKU0096,121,13,16,58
2024-06-24,SKU0096,91,0,16,58
2024-07-01,SKU0096,86,0,16,58
2024-07-08,SKU0096,70,16,16,58
2024-07-15,SKU0096,38,0,16,58
2024-07-22,SKU0096,135,120,16,58
2024-07-29,SKU0096,112,0,16,58
2024-08-05,SKU0096,92,28,16,58
2024-08-12,SKU0096,75,6,16,58
2024-08-19,SKU0096,265,211,16,58
2024-08-26,SKU0096,244,27,16,58
2024-09-02,SKU0096,212,0,16,58
2024-09-09,SKU0096,189,0,16,58
2024-09-16,SKU0096,178,0,16,58
2024-09-23,SKU0096,160,0,16,58
2024-09-30,SKU0096,132,0,16,58
2024-10-07,SKU0096,115,0,16,58
2024-10-14,SKU0096,107,0,16,58
2024-10-21,SKU0096,79,0,16,58
2024-10-28,SKU0096,279,233,16,58
2024-11-04,SKU0096,249,0,16,58
2024-11-11,SKU0096,217,0,16,58
2024-11-18,SKU0096,211,0,16,58
2024-11-25,SKU0096,195,0,16,58
2024-12-02,SKU0096,170,0,16,58
2024-12-09,SKU0096,156,0,16,58
2024-12-16,SKU0096,135,0,16,58
2024-12-23,SKU0096,106,0,16,58
2024-12-30,SKU0096,101,0,16,58
2025-01-06,SKU0096,76,0,16,58
2025-01-13,SKU0096,71,0,16,58
2025-01-20,SKU0096,52,0,16,58
2025-01-27,SKU0096,285,241,16,58
2025-02-03,SKU0096,273,0,16,58
2025-02-10,SKU0096,267,0,16,58
2025-02-17,SKU0096,244,0,16,58
2025-02-24,SKU0096,220,0,16,58
2025-03-03,SKU0096,188,0,16,58
2025-03-10,SKU0096,181,28,16,58
2025-03-17,SKU0096,158,0,16,58
2025-03-24,SKU0096,146,0,16,58
2025-03-31,SKU0096,140,0,16,58
2025-04-07,SKU0096,132,22,16,58
2025-04-14,SKU0096,111,0,16,58
2025-04-21,SKU0096,99,0,16,58
2025-04-28,SKU0096,75,12,16,58
2025-05-05,SKU0096,44,0,16,58
2025-05-12,SKU0096,117,83,16,58
2025-05-19,SKU0096,91,9,16,58
2025-05-26,SKU0096,65,5,16,58
2025-06-02,SKU0096,177,136,16,58
2025-06-09,SKU0096,144,0,16,58
2025-06-16,SKU0096,114,0,16,58
2025-06-23,SKU0096,96,0,16,58
2025-06-30,SKU0096,87,21,16,58
2025-07-07,SKU0096,75,0,16,58
2025-07-14,SKU0096,44,0,16,58
2025-07-21,SKU0096,158,140,16,58
2025-07-28,SKU0096,145,0,16,58
2025-08-04,SKU0096,132,0,16,58
2025-08-11,SKU0096,117,22,16,58
2025-08-18,SKU0096,84,16,16,58
2025-08-25,SKU0096,71,0,16,58
2025-09-01,SKU0096,247,205,16,58
2025-09-08,SKU0096,215,19,16,58
2025-09-15,SKU0096,181,0,16,58
2025-09-22,SKU0096,152,0,16,58
2025-09-29,SKU0096,135,0,16,58
2025-10-06,SKU0096,124,0,16,58
2025-10-13,SKU0096,103,0,16,58
2025-10-20,SKU0096,94,0,16,58
2025-10-27,SKU0096,79,0,16,58
2025-11-03,SKU0096,68,0,16,58
2025-11-10,SKU0096,59,0,16,58
2025-11-17,SKU0096,232,196,16,58
2025-11-24,SKU0096,208,0,16,58
2025-12-01,SKU0096,202,0,16,58
2025-12-08,SKU0096,179,0,16,58
2025-12-15,SKU0096,158,12,16,58
2025-12-22,SKU0096,129,0,16,58
2025-12-29,SKU0096,120,0,16,58
2024-01-01,SKU0097,123,0,7,26
2024-01-08,SKU0097,91,0,7,26
2024-01-15,SKU0097,70,0,7,26
2024-01-22,SKU0097,37,0,7,26
2024-01-29,SKU0097,166,155,7,26
2024-02-05,SKU0097,146,0,7,26
2024-02-12,SKU0097,133,0,7,26
2024-02-19,SKU0097,101,1,7,26
2024-02-26,SKU0097,89,0,7,26
2024-03-04,SKU0097,64,28,7,26
2024-03-11,SKU0097,32,0,7,26
2024-03-18,SKU0097,10,0,7,26
2024-03-25,SKU0097,5,7,7,26
2024-04-01,SKU0097,219,219,7,26
2024-04-08,SKU0097,202,0,7,26
2024-04-15,SKU0097,180,0,7,26
2024-04-22,SKU0097,154,0,7,26
2024-04-29,SKU0097,141,9,7,26
2024-05-06,SKU0097,125,0,7,26
2024-05-13,SKU0097,94,0,7,26
2024-05-20,SKU0097,76,0,7,26
2024-05-27,SKU0097,53,0,7,26
2024-06-03,SKU0097,35,0,7,26
2024-06-10,SKU0097,5,0,7,26
2024-06-17,SKU0097,204,204,7,26
2024-06-24,SKU0097,179,0,7,26
2024-07-01,SKU0097,169,0,7,26
2024-07-08,SKU0097,159,4,7,26
2024-07-15,SKU0097,132,0,7,26
2024-07-22,SKU0097,107,0,7,26
2024-07-29,SKU0097,97,0,7,26
2024-08-05,SKU0097,67,28,7,26
2024-08-12,SKU0097,38,0,7,26
2024-08-19,SKU0097,24,15,7,26
2024-08-26,SKU0097,14,0,7,26
2024-09-02,SKU0097,112,107,7,26
2024-09-09,SKU0097,94,0,7,26
2024-09-16,SKU0097,85,0,7,26
2024-09-23,SKU0097,66,3,7,26
2024-09-30,SKU0097,39,0,7,26
2024-10-07,SKU0097,122,114,7,26
2024-10-14,SKU0097,98,20,7,26
2024-10-21,SKU0097,69,0,7,26
2024-10-28,SKU0097,49,0,7,26
2024-11-04,SKU0097,238,212,7,26
2024-11-11,SKU0097,226,0,7,26
2024-11-18,SKU0097,199,0,7,26
2024-11-25,SKU0097,190,0,7,26
2024-12-02,SKU0097,182,0,7,26
2024-12-09,SKU0097,172,0,7,26
2024-12-16,SKU0097,145,0,7,26
2024-12-23,SKU0097,123,0,7,26
2024-12-30,SKU0097,93,0,7,26
2025-01-06,SKU0097,88,0,7,26
2025-01-13,SKU0097,81,0,7,26
2025-01-20,SKU0097,71,0,7,26
2025-01-27,SKU0097,66,10,7,26
2025-02-03,SKU0097,42,0,7,26
2025-02-10,SKU0097,181,173,7,26
2025-02-17,SKU0097,160,16,7,26
2025-02-24,SKU0097,134,0,7,26
2025-03-03,SKU0097,127,0,7,26
2025-03-10,SKU0097,119,0,7,26
2025-03-17,SKU0097,109,10,7,26
2025-03-24,SKU0097,80,28,7,26
2025-03-31,SKU0097,55,0,7,26
2025-04-07,SKU0097,36,0,7,26
2025-04-14,SKU0097,132,110,7,26
2025-04-21,SKU0097,101,0,7,26
2025-04-28,SKU0097,94,0,7,26
2025-05-05,SKU0097,74,0,7,26
2025-05-12,SKU0097,66,0,7,26
2025-05-19,SKU0097,49,0,7,26
2025-05-26,SKU0097,43,0,7,26
2025-06-02,SKU0097,27,0,7,26
2025-06-09,SKU0097,4,0,7,26
2025-06-16,SKU0097,0,0,7,26
2025-06-23,SKU0097,205,205,7,26
2025-06-30,SKU0097,195,0,7,26
2025-07-07,SKU0097,172,0,7,26
2025-07-14,SKU0097,147,0,7,26
2025-07-21,SKU0097,123,0,7,26
2025-07-28,SKU0097,106,0,7,26
2025-08-04,SKU0097,94,0,7,26
2025-08-11,SKU0097,66,0,7,26
2025-08-18,SKU0097,46,0,7,26
2025-08-25,SKU0097,36,0,7,26
2025-09-01,SKU0097,219,193,7,26
2025-09-08,SKU0097,200,0,7,26
2025-09-15,SKU0097,191,0,7,26
2025-09-22,SKU0097,166,0,7,26
2025-09-29,SKU0097,139,0,7,26
2025-10-06,SKU0097,133,26,7,26
2025-10-13,SKU0097,109,0,7,26
2025-10-20,SKU0097,99,0,7,26
2025-10-27,SKU0097,94,0,7,26
2025-11-03,SKU0097,77,22,7,26
2025-11-10,SKU0097,51,8,7,26
2025-11-17,SKU0097,177,156,7,26
2025-11-24,SKU0097,150,0,7,26
2025-12-01,SKU0097,131,0,7,26
2025-12-08,SKU0097,115,22,7,26
2025-12-15,SKU0097,100,0,7,26
2025-12-22,SKU0097,78,0,7,26
2025-12-29,SKU0097,69,0,7,26
2024-01-01,SKU0098,236,0,12,23
2024-01-08,SKU0098,224,0,12,23
2024-01-15,SKU0098,204,0,12,23
2024-01-22,SKU0098,186,0,12,23
2024-01-29,SKU0098,167,0,12,23
2024-02-05,SKU0098,138,0,12,23
2024-02-12,SKU0098,112,0,12,23
2024-02-19,SKU0098,102,0,12,23
2024-02-26,SKU0098,80,0,12,23
2024-03-04,SKU0098,70,0,12,23
2024-03-11,SKU0098,38,0,12,23
2024-03-18,SKU0098,28,0,12,23
2024-03-25,SKU0098,158,158,12,23
2024-04-01,SKU0098,146,0,12,23
2024-04-08,SKU0098,127,0,12,23
2024-04-15,SKU0098,98,10,12,23
2024-04-22,SKU0098,93,0,12,23
2024-04-29,SKU0098,63,0,12,23
2024-05-06,SKU0098,42,0,12,23
2024-05-13,SKU0098,35,0,12,23
2024-05-20,SKU0098,20,0,12,23
2024-05-27,SKU0098,15,0,12,23
2024-06-03,SKU0098,90,90,12,23
2024-06-10,SKU0098,61,0,12,23
2024-06-17,SKU0098,41,0,12,23
2024-06-24,SKU0098,20,0,12,23
2024-07-01,SKU0098,252,242,12,23
2024-07-08,SKU0098,241,0,12,23
2024-07-15,SKU0098,207,0,12,23
2024-07-22,SKU0098,191,0,12,23
2024-07-29,SKU0098,166,0,12,23
2024-08-05,SKU0098,136,0,12,23
2024-08-12,SKU0098,125,0,12,23
2024-08-19,SKU0098,115,0,12,23
2024-08-26,SKU0098,109,0,12,23
2024-09-02,SKU0098,101,0,12,23
2024-09-09,SKU0098,88,0,12,23
2024-09-16,SKU0098,76,0,12,23
2024-09-23,SKU0098,43,0,12,23
2024-09-30,SKU0098,25,12,12,23
2024-10-07,SKU0098,232,212,12,23
2024-10-14,SKU0098,217,0,12,23
2024-10-21,SKU0098,185,16,12,23
2024-10-28,SKU0098,160,0,12,23
2024-11-04,SKU0098,149,16,12,23
2024-11-11,SKU0098,142,21,12,23
2024-11-18,SKU0098,121,0,12,23
2024-11-25,SKU0098,90,0,12,23
2024-12-02,SKU0098,70,0,12,23
2024-12-09,SKU0098,38,0,12,23
2024-12-16,SKU0098,24,0,12,23
2024-12-23,SKU0098,165,158,12,23
2024-12-30,SKU0098,132,0,12,23
2025-01-06,SKU0098,113,0,12,23
2025-01-13,SKU0098,96,0,12,23
2025-01-20,SKU0098,77,0,12,23
2025-01-27,SKU0098,46,13,12,23
2025-02-03,SKU0098,170,147,12,23
2025-02-10,SKU0098,138,0,12,23
2025-02-17,SKU0098,116,0,12,23
2025-02-24,SKU0098,107,0,12,23
2025-03-03,SKU0098,83,0,12,23
2025-03-10,SKU0098,61,0,12,23
2025-03-17,SKU0098,30,0,12,23
2025-03-24,SKU0098,0,0,12,23
2025-03-31,SKU0098,216,216,12,23
2025-04-07,SKU0098,204,0,12,23
2025-04-14,SKU0098,182,13,12,23
2025-04-21,SKU0098,168,0,12,23
2025-04-28,SKU0098,155,0,12,23
2025-05-05,SKU0098,124,0,12,23
2025-05-12,SKU0098,99,0,12,23
2025-05-19,SKU0098,80,0,12,23
2025-05-26,SKU0098,54,0,12,23
2025-06-02,SKU0098,44,24,12,23
2025-06-09,SKU0098,184,171,12,23
2025-06-16,SKU0098,171,24,12,23
2025-06-23,SKU0098,146,0,12,23
2025-06-30,SKU0098,135,0,12,23
2025-07-07,SKU0098,102,3,12,23
2025-07-14,SKU0098,75,0,12,23
2025-07-21,SKU0098,53,0,12,23
2025-07-28,SKU0098,24,0,12,23
2025-08-04,SKU0098,8,5,12,23
2025-08-11,SKU0098,221,221,12,23
2025-08-18,SKU0098,196,0,12,23
2025-08-25,SKU0098,168,0,12,23
2025-09-01,SKU0098,146,0,12,23
2025-09-08,SKU0098,127,0,12,23
2025-09-15,SKU0098,94,0,12,23
2025-09-22,SKU0098,72,0,12,23
2025-09-29,SKU0098,41,0,12,23
2025-10-06,SKU0098,23,16,12,23
2025-10-13,SKU0098,6,0,12,23
2025-10-20,SKU0098,232,232,12,23
2025-10-27,SKU0098,225,0,12,23
2025-11-03,SKU0098,207,0,12,23
2025-11-10,SKU0098,184,20,12,23
2025-11-17,SKU0098,170,15,12,23
2025-11-24,SKU0098,163,0,12,23
2025-12-01,SKU0098,140,17,12,23
2025-12-08,SKU0098,122,0,12,23
2025-12-15,SKU0098,101,21,12,23
2025-12-22,SKU0098,95,0,12,23
2025-12-29,SKU0098,78,0,12,23
2024-01-01,SKU0099,279,0,24,46
2024-01-08,SKU0099,258,2,24,46
2024-01-15,SKU0099,224,0,24,46
2024-01-22,SKU0099,204,0,24,46
2024-01-29,SKU0099,180,0,24,46
2024-02-05,SKU0099,169,0,24,46
2024-02-12,SKU0099,160,0,24,46
2024-02-19,SKU0099,147,0,24,46
2024-02-26,SKU0099,130,0,24,46
2024-03-04,SKU0099,123,0,24,46
2024-03-11,SKU0099,97,24,24,46
2024-03-18,SKU0099,91,0,24,46
2024-03-25,SKU0099,70,0,24,46
2024-04-01,SKU0099,47,8,24,46
2024-04-08,SKU0099,41,0,24,46
2024-04-15,SKU0099,16,0,24,46
2024-04-22,SKU0099,182,182,24,46
2024-04-29,SKU0099,158,2,24,46
2024-05-06,SKU0099,135,27,24,46
2024-05-13,SKU0099,115,0,24,46
2024-05-20,SKU0099,96,0,24,46
2024-05-27,SKU0099,64,16,24,46
2024-06-03,SKU0099,183,144,24,46
2024-06-10,SKU0099,164,0,24,46
2024-06-17,SKU0099,135,0,24,46
2024-06-24,SKU0099,130,11,24,46
2024-07-01,SKU0099,112,0,24,46
2024-07-08,SKU0099,95,0,24,46
2024-07-15,SKU0099,67,0,24,46
2024-07-22,SKU0099,57,0,24,46
2024-07-29,SKU0099,48,0,24,46
2024-08-05,SKU0099,258,219,24,46
2024-08-12,SKU0099,239,0,24,46
2024-08-19,SKU0099,223,29,24,46
2024-08-26,SKU0099,199,23,24,46
2024-09-02,SKU0099,191,0,24,46
2024-09-09,SKU0099,168,0,24,46
2024-09-16,SKU0099,146,0,24,46
2024-09-23,SKU0099,114,0,24,46
2024-09-30,SKU0099,88,0,24,46
2024-10-07,SKU0099,76,0,24,46
2024-10-14,SKU0099,71,0,24,46
2024-10-21,SKU0099,54,0,24,46
2024-10-28,SKU0099,47,0,24,46
2024-11-04,SKU0099,116,91,24,46
2024-11-11,SKU0099,84,0,24,46
2024-11-18,SKU0099,59,0,24,46
2024-11-25,SKU0099,158,118,24,46
2024-12-02,SKU0099,142,0,24,46
2024-12-09,SKU0099,135,0,24,46
2024-12-16,SKU0099,112,0,24,46
2024-12-23,SKU0099,97,12,24,46
2024-12-30,SKU0099,92,0,24,46
2025-01-06,SKU0099,58,0,24,46
2025-01-13,SKU0099,43,0,24,46
2025-01-20,SKU0099,35,0,24,46
2025-01-27,SKU0099,126,102,24,46
2025-02-03,SKU0099,105,0,24,46
2025-02-10,SKU0099,94,0,24,46
2025-02-17,SKU0099,85,0,24,46
2025-02-24,SKU0099,70,0,24,46
2025-03-03,SKU0099,43,0,24,46
2025-03-10,SKU0099,131,119,24,46
2025-03-17,SKU0099,113,0,24,46
2025-03-24,SKU0099,106,0,24,46
2025-03-31,SKU0099,95,0,24,46
2025-04-07,SKU0099,68,0,24,46
2025-04-14,SKU0099,169,129,24,46
2025-04-21,SKU0099,137,0,24,46
2025-04-28,SKU0099,120,0,24,46
2025-05-05,SKU0099,88,0,24,46
2025-05-12,SKU0099,58,0,24,46
2025-05-19,SKU0099,184,158,24,46
2025-05-26,SKU0099,178,0,24,46
2025-06-02,SKU0099,169,0,24,46
2025-06-09,SKU0099,146,0,24,46
2025-06-16,SKU0099,116,0,24,46
2025-06-23,SKU0099,84,0,24,46
2025-06-30,SKU0099,59,0,24,46
2025-07-07,SKU0099,216,191,24,46
2025-07-14,SKU0099,182,0,24,46
2025-07-21,SKU0099,150,0,24,46
2025-07-28,SKU0099,118,0,24,46
2025-08-04,SKU0099,92,9,24,46
2025-08-11,SKU0099,62,0,24,46
2025-08-18,SKU0099,49,0,24,46
2025-08-25,SKU0099,98,80,24,46
2025-09-01,SKU0099,74,0,24,46
2025-09-08,SKU0099,49,6,24,46
2025-09-15,SKU0099,42,0,24,46
2025-09-22,SKU0099,254,225,24,46
2025-09-29,SKU0099,234,0,24,46
2025-10-06,SKU0099,225,0,24,46
2025-10-13,SKU0099,197,0,24,46
2025-10-20,SKU0099,182,0,24,46
2025-10-27,SKU0099,162,0,24,46
2025-11-03,SKU0099,130,18,24,46
2025-11-10,SKU0099,122,0,24,46
2025-11-17,SKU0099,110,0,24,46
2025-11-24,SKU0099,80,23,24,46
2025-12-01,SKU0099,73,0,24,46
2025-12-08,SKU0099,54,0,24,46
2025-12-15,SKU0099,22,0,24,46
2025-12-22,SKU0099,9,26,24,46
2025-12-29,SKU0099,0,0,24,46
2024-01-01,SKU0100,224,0,20,41
2024-01-08,SKU0100,214,0,20,41
2024-01-15,SKU0100,187,0,20,41
2024-01-22,SKU0100,174,0,20,41
2024-01-29,SKU0100,141,0,20,41
2024-02-05,SKU0100,109,9,20,41
2024-02-12,SKU0100,88,0,20,41
2024-02-19,SKU0100,72,0,20,41
2024-02-26,SKU0100,241,200,20,41
2024-03-04,SKU0100,209,0,20,41
2024-03-11,SKU0100,194,0,20,41
2024-03-18,SKU0100,181,14,20,41
2024-03-25,SKU0100,174,0,20,41
2024-04-01,SKU0100,163,0,20,41
2024-04-08,SKU0100,140,0,20,41
2024-04-15,SKU0100,110,0,20,41
2024-04-22,SKU0100,98,15,20,41
2024-04-29,SKU0100,90,7,20,41
2024-05-06,SKU0100,83,0,20,41
2024-05-13,SKU0100,62,0,20,41
2024-05-20,SKU0100,32,26,20,41
2024-05-27,SKU0100,115,113,20,41
2024-06-03,SKU0100,89,0,20,41
2024-06-10,SKU0100,77,0,20,41
2024-06-17,SKU0100,67,0,20,41
2024-06-24,SKU0100,49,0,20,41
2024-07-01,SKU0100,37,0,20,41
2024-07-08,SKU0100,176,145,20,41
2024-07-15,SKU0100,167,0,20,41
2024-07-22,SKU0100,138,0,20,41
2024-07-29,SKU0100,107,0,20,41
2024-08-05,SKU0100,96,0,20,41
2024-08-12,SKU0100,69,0,20,41
2024-08-19,SKU0100,46,0,20,41
2024-08-26,SKU0100,282,243,20,41
2024-09-02,SKU0100,269,0,20,41
2024-09-09,SKU0100,258,0,20,41
2024-09-16,SKU0100,230,0,20,41
2024-09-23,SKU0100,214,0,20,41
2024-09-30,SKU0100,195,0,20,41
2024-10-07,SKU0100,180,0,20,41
2024-10-14,SKU0100,160,0,20,41
2024-10-21,SKU0100,152,0,20,41
2024-10-28,SKU0100,143,0,20,41
2024-11-04,SKU0100,115,0,20,41
2024-11-11,SKU0100,83,19,20,41
2024-11-18,SKU0100,69,0,20,41
2024-11-25,SKU0100,53,0,20,41
2024-12-02,SKU0100,138,99,20,41
2024-12-09,SKU0100,113,0,20,41
2024-12-16,SKU0100,91,0,20,41
2024-12-23,SKU0100,76,0,20,41
2024-12-30,SKU0100,43,0,20,41
2025-01-06,SKU0100,154,119,20,41
2025-01-13,SKU0100,133,8,20,41
2025-01-20,SKU0100,120,0,20,41
2025-01-27,SKU0100,104,0,20,41
2025-02-03,SKU0100,75,0,20,41
2025-02-10,SKU0100,61,0,20,41
2025-02-17,SKU0100,199,165,20,41
2025-02-24,SKU0100,178,0,20,41
2025-03-03,SKU0100,164,0,20,41
2025-03-10,SKU0100,157,0,20,41
2025-03-17,SKU0100,136,6,20,41
2025-03-24,SKU0100,126,0,20,41
2025-03-31,SKU0100,101,28,20,41
2025-04-07,SKU0100,86,0,20,41
2025-04-14,SKU0100,72,0,20,41
2025-04-21,SKU0100,54,0,20,41
2025-04-28,SKU0100,151,111,20,41
2025-05-05,SKU0100,118,16,20,41
2025-05-12,SKU0100,90,0,20,41
2025-05-19,SKU0100,77,0,20,41
2025-05-26,SKU0100,48,0,20,41
2025-06-02,SKU0100,34,26,20,41
2025-06-09,SKU0100,98,88,20,41
2025-06-16,SKU0100,64,0,20,41
2025-06-23,SKU0100,45,0,20,41
2025-06-30,SKU0100,34,0,20,41
2025-07-07,SKU0100,8,0,20,41
2025-07-14,SKU0100,0,0,20,41
2025-07-21,SKU0100,178,178,20,41
2025-07-28,SKU0100,144,0,20,41
2025-08-04,SKU0100,125,0,20,41
2025-08-11,SKU0100,96,0,20,41
2025-08-18,SKU0100,81,0,20,41
2025-08-25,SKU0100,54,0,20,41
2025-09-01,SKU0100,45,11,20,41
2025-09-08,SKU0100,126,86,20,41
2025-09-15,SKU0100,99,0,20,41
2025-09-22,SKU0100,69,0,20,41
2025-09-29,SKU0100,167,131,20,41
2025-10-06,SKU0100,162,0,20,41
2025-10-13,SKU0100,133,15,20,41
2025-10-20,SKU0100,118,0,20,41
2025-10-27,SKU0100,112,0,20,41
2025-11-03,SKU0100,91,0,20,41
2025-11-10,SKU0100,58,0,20,41
2025-11-17,SKU0100,50,0,20,41
2025-11-24,SKU0100,163,130,20,41
2025-12-01,SKU0100,154,1,20,41
2025-12-08,SKU0100,121,25,20,41
2025-12-15,SKU0100,103,0,20,41
2025-12-22,SKU0100,74,0,20,41
2025-12-29,SKU0100,137,97,20,41
2024-01-01,SKU0101,251,0,15,15
2024-01-08,SKU0101,232,1,15,15
2024-01-15,SKU0101,226,0,15,15
2024-01-22,SKU0101,217,0,15,15
2024-01-29,SKU0101,194,0,15,15
2024-02-05,SKU0101,183,0,15,15
2024-02-12,SKU0101,170,20,15,15
2024-02-19,SKU0101,152,0,15,15
2024-02-26,SKU0101,136,0,15,15
2024-03-04,SKU0101,106,23,15,15
2024-03-11,SKU0101,84,0,15,15
2024-03-18,SKU0101,53,0,15,15
2024-03-25,SKU0101,21,0,15,15
2024-04-01,SKU0101,127,112,15,15
2024-04-08,SKU0101,101,4,15,15
2024-04-15,SKU0101,86,0,15,15
2024-04-22,SKU0101,61,0,15,15
2024-04-29,SKU0101,34,0,15,15
2024-05-06,SKU0101,16,0,15,15
2024-05-13,SKU0101,229,229,15,15
2024-05-20,SKU0101,224,0,15,15
2024-05-27,SKU0101,193,0,15,15
2024-06-03,SKU0101,187,0,15,15
2024-06-10,SKU0101,163,0,15,15
2024-06-17,SKU0101,153,0,15,15
2024-06-24,SKU0101,145,0,15,15
2024-07-01,SKU0101,124,0,15,15
2024-07-08,SKU0101,99,7,15,15
2024-07-15,SKU0101,90,0,15,15
2024-07-22,SKU0101,69,0,15,15
2024-07-29,SKU0101,62,0,15,15
2024-08-05,SKU0101,48,0,15,15
2024-08-12,SKU0101,15,0,15,15
2024-08-19,SKU0101,1,0,15,15
2024-08-26,SKU0101,158,158,15,15
2024-09-02,SKU0101,135,0,15,15
2024-09-09,SKU0101,109,0,15,15
2024-09-16,SKU0101,94,0,15,15
2024-09-23,SKU0101,85,8,15,15
2024-09-30,SKU0101,51,12,15,15
2024-10-07,SKU0101,35,0,15,15
2024-10-14,SKU0101,18,0,15,15
2024-10-21,SKU0101,5,14,15,15
2024-10-28,SKU0101,149,149,15,15
2024-11-04,SKU0101,135,0,15,15
2024-11-11,SKU0101,114,0,15,15
2024-11-18,SKU0101,98,0,15,15
2024-11-25,SKU0101,81,0,15,15
2024-12-02,SKU0101,63,25,15,15
2024-12-09,SKU0101,33,0,15,15
2024-12-16,SKU0101,25,0,15,15
2024-12-23,SKU0101,171,161,15,15
2024-12-30,SKU0101,137,0,15,15
2025-01-06,SKU0101,123,0,15,15
2025-01-13,SKU0101,110,0,15,15
2025-01-20,SKU0101,103,0,15,15
2025-01-27,SKU0101,93,7,15,15
2025-02-03,SKU0101,82,0,15,15
2025-02-10,SKU0101,67,0,15,15
2025-02-17,SKU0101,40,0,15,15
2025-02-24,SKU0101,29,0,15,15
2025-03-03,SKU0101,16,0,15,15
2025-03-10,SKU0101,127,127,15,15
2025-03-17,SKU0101,117,0,15,15
2025-03-24,SKU0101,95,13,15,15
2025-03-31,SKU0101,70,4,15,15
2025-04-07,SKU0101,36,0,15,15
2025-04-14,SKU0101,5,0,15,15
2025-04-21,SKU0101,0,0,15,15
2025-04-28,SKU0101,0,0,15,15
2025-05-05,SKU0101,179,179,15,15
2025-05-12,SKU0101,166,0,15,15
2025-05-19,SKU0101,159,0,15,15
2025-05-26,SKU0101,152,0,15,15
2025-06-02,SKU0101,140,0,15,15
2025-06-09,SKU0101,106,0,15,15
2025-06-16,SKU0101,96,0,15,15
2025-06-23,SKU0101,82,0,15,15
2025-06-30,SKU0101,66,0,15,15
2025-07-07,SKU0101,47,0,15,15
2025-07-14,SKU0101,127,112,15,15
2025-07-21,SKU0101,110,0,15,15
2025-07-28,SKU0101,83,0,15,15
2025-08-04,SKU0101,69,22,15,15
2025-08-11,SKU0101,60,0,15,15
2025-08-18,SKU0101,46,0,15,15
2025-08-25,SKU0101,36,0,15,15
2025-09-01,SKU0101,163,149,15,15
2025-09-08,SKU0101,158,29,15,15
2025-09-15,SKU0101,146,8,15,15
2025-09-22,SKU0101,138,0,15,15
2025-09-29,SKU0101,121,18,15,15
2025-10-06,SKU0101,104,17,15,15
2025-10-13,SKU0101,93,0,15,15
2025-10-20,SKU0101,77,0,15,15
2025-10-27,SKU0101,63,0,15,15
2025-11-03,SKU0101,57,0,15,15
2025-11-10,SKU0101,45,0,15,15
2025-11-17,SKU0101,34,0,15,15
2025-11-24,SKU0101,88,83,15,15
2025-12-01,SKU0101,69,0,15,15
2025-12-08,SKU0101,44,0,15,15
2025-12-15,SKU0101,25,27,15,15
2025-12-22,SKU0101,17,0,15,15
2025-12-29,SKU0101,10,0,15,15
2024-01-01,SKU0102,157,0,13,42
2024-01-08,SKU0102,137,0,13,42
2024-01-15,SKU0102,108,12,13,42
2024-01-22,SKU0102,97,0,13,42
2024-01-29,SKU0102,84,0,13,42
2024-02-05,SKU0102,52,0,13,42
2024-02-12,SKU0102,201,161,13,42
2024-02-19,SKU0102,185,0,13,42
2024-02-26,SKU0102,153,0,13,42
2024-03-04,SKU0102,138,12,13,42
2024-03-11,SKU0102,105,0,13,42
2024-03-18,SKU0102,99,0,13,42
2024-03-25,SKU0102,65,0,13,42
2024-04-01,SKU0102,49,8,13,42
2024-04-08,SKU0102,26,0,13,42
2024-04-15,SKU0102,250,247,13,42
2024-04-22,SKU0102,228,0,13,42
2024-04-29,SKU0102,223,0,13,42
2024-05-06,SKU0102,208,0,13,42
2024-05-13,SKU0102,183,4,13,42
2024-05-20,SKU0102,151,9,13,42
2024-05-27,SKU0102,126,0,13,42
2024-06-03,SKU0102,119,20,13,42
2024-06-10,SKU0102,93,0,13,42
2024-06-17,SKU0102,60,0,13,42
2024-06-24,SKU0102,45,0,13,42
2024-07-01,SKU0102,169,144,13,42
2024-07-08,SKU0102,148,0,13,42
2024-07-15,SKU0102,118,0,13,42
2024-07-22,SKU0102,88,25,13,42
2024-07-29,SKU0102,56,0,13,42
2024-08-05,SKU0102,31,0,13,42
2024-08-12,SKU0102,237,215,13,42
2024-08-19,SKU0102,216,0,13,42
2024-08-26,SKU0102,211,0,13,42
2024-09-02,SKU0102,205,12,13,42
2024-09-09,SKU0102,188,0,13,42
2024-09-16,SKU0102,177,0,13,42
2024-09-23,SKU0102,168,0,13,42
2024-09-30,SKU0102,143,0,13,42
2024-10-07,SKU0102,113,0,13,42
2024-10-14,SKU0102,80,0,13,42
2024-10-21,SKU0102,53,0,13,42
2024-10-28,SKU0102,194,168,13,42
2024-11-04,SKU0102,172,0,13,42
2024-11-11,SKU0102,156,0,13,42
2024-11-18,SKU0102,138,0,13,42
2024-11-25,SKU0102,110,0,13,42
2024-12-02,SKU0102,96,0,13,42
2024-12-09,SKU0102,89,0,13,42
2024-12-16,SKU0102,62,0,13,42
2024-12-23,SKU0102,44,0,13,42
2024-12-30,SKU0102,31,0,13,42
2025-01-06,SKU0102,11,0,13,42
2025-01-13,SKU0102,202,202,13,42
2025-01-20,SKU0102,182,0,13,42
2025-01-27,SKU0102,158,0,13,42
2025-02-03,SKU0102,139,0,13,42
2025-02-10,SKU0102,114,0,13,42
2025-02-17,SKU0102,109,0,13,42
2025-02-24,SKU0102,78,0,13,42
2025-03-03,SKU0102,72,0,13,42
2025-03-10,SKU0102,63,0,13,42
2025-03-17,SKU0102,50,0,13,42
2025-03-24,SKU0102,45,0,13,42
2025-03-31,SKU0102,236,198,13,42
2025-04-07,SKU0102,214,0,13,42
2025-04-14,SKU0102,190,0,13,42
2025-04-21,SKU0102,176,0,13,42
2025-04-28,SKU0102,161,0,13,42
2025-05-05,SKU0102,152,0,13,42
2025-05-12,SKU0102,144,0,13,42
2025-05-19,SKU0102,110,0,13,42
2025-05-26,SKU0102,83,0,13,42
2025-06-02,SKU0102,56,0,13,42
2025-06-09,SKU0102,115,92,13,42
2025-06-16,SKU0102,81,0,13,42
2025-06-23,SKU0102,59,0,13,42
2025-06-30,SKU0102,43,0,13,42
2025-07-07,SKU0102,38,0,13,42
2025-07-14,SKU0102,199,195,13,42
2025-07-21,SKU0102,192,0,13,42
2025-07-28,SKU0102,165,0,13,42
2025-08-04,SKU0102,157,0,13,42
2025-08-11,SKU0102,143,0,13,42
2025-08-18,SKU0102,134,0,13,42
2025-08-25,SKU0102,121,0,13,42
2025-09-01,SKU0102,116,0,13,42
2025-09-08,SKU0102,107,0,13,42
2025-09-15,SKU0102,100,0,13,42
2025-09-22,SKU0102,73,0,13,42
2025-09-29,SKU0102,66,0,13,42
2025-10-06,SKU0102,233,193,13,42
2025-10-13,SKU0102,201,0,13,42
2025-10-20,SKU0102,175,0,13,42
2025-10-27,SKU0102,141,0,13,42
2025-11-03,SKU0102,120,0,13,42
2025-11-10,SKU0102,92,0,13,42
2025-11-17,SKU0102,84,0,13,42
2025-11-24,SKU0102,73,0,13,42
2025-12-01,SKU0102,47,0,13,42
2025-12-08,SKU0102,27,0,13,42
2025-12-15,SKU0102,18,0,13,42
2025-12-22,SKU0102,120,118,13,42
2025-12-29,SKU0102,107,0,13,42
2024-01-01,SKU0103,213,9,23,47
2024-01-08,SKU0103,204,0,23,47
2024-01-15,SKU0103,181,0,23,47
2024-01-22,SKU0103,150,0,23,47
2024-01-29,SKU0103,137,0,23,47
2024-02-05,SKU0103,104,0,23,47
2024-02-12,SKU0103,77,0,23,47
2024-02-19,SKU0103,48,0,23,47
2024-02-26,SKU0103,153,130,23,47
2024-03-04,SKU0103,129,18,23,47
2024-03-11,SKU0103,97,0,23,47
2024-03-18,SKU0103,85,0,23,47
2024-03-25,SKU0103,74,0,23,47
2024-04-01,SKU0103,289,249,23,47
2024-04-08,SKU0103,272,8,23,47
2024-04-15,SKU0103,249,1,23,47
2024-04-22,SKU0103,240,0,23,47
2024-04-29,SKU0103,235,0,23,47
2024-05-06,SKU0103,202,0,23,47
2024-05-13,SKU0103,185,7,23,47
2024-05-20,SKU0103,178,4,23,47
2024-05-27,SKU0103,164,18,23,47
2024-06-03,SKU0103,149,0,23,47
2024-06-10,SKU0103,131,7,23,47
2024-06-17,SKU0103,102,0,23,47
2024-06-24,SKU0103,78,27,23,47
2024-07-01,SKU0103,50,0,23,47
2024-07-08,SKU0103,42,0,23,47
2024-07-15,SKU0103,8,0,23,47
2024-07-22,SKU0103,231,231,23,47
2024-07-29,SKU0103,203,9,23,47
2024-08-05,SKU0103,189,0,23,47
2024-08-12,SKU0103,167,0,23,47
2024-08-19,SKU0103,157,0,23,47
2024-08-26,SKU0103,147,21,23,47
2024-09-02,SKU0103,125,0,23,47
2024-09-09,SKU0103,117,0,23,47
2024-09-16,SKU0103,103,0,23,47
2024-09-23,SKU0103,89,0,23,47
2024-09-30,SKU0103,79,0,23,47
2024-10-07,SKU0103,62,0,23,47
2024-10-14,SKU0103,134,99,23,47
2024-10-21,SKU0103,103,0,23,47
2024-10-28,SKU0103,78,0,23,47
2024-11-04,SKU0103,50,0,23,47
2024-11-11,SKU0103,271,248,23,47
2024-11-18,SKU0103,245,0,23,47
2024-11-25,SKU0103,238,0,23,47
2024-12-02,SKU0103,230,0,23,47
2024-12-09,SKU0103,207,0,23,47
2024-12-16,SKU0103,178,26,23,47
2024-12-23,SKU0103,172,0,23,47
2024-12-30,SKU0103,162,0,23,47
2025-01-06,SKU0103,148,0,23,47
2025-01-13,SKU0103,119,0,23,47
2025-01-20,SKU0103,97,0,23,47
2025-01-27,SKU0103,74,5,23,47
2025-02-03,SKU0103,59,0,23,47
2025-02-10,SKU0103,50,17,23,47
2025-02-17,SKU0103,37,0,23,47
2025-02-24,SKU0103,243,227,23,47
2025-03-03,SKU0103,230,0,23,47
2025-03-10,SKU0103,217,0,23,47
2025-03-17,SKU0103,195,0,23,47
2025-03-24,SKU0103,185,0,23,47
2025-03-31,SKU0103,161,0,23,47
2025-04-07,SKU0103,145,28,23,47
2025-04-14,SKU0103,138,18,23,47
2025-04-21,SKU0103,117,0,23,47
2025-04-28,SKU0103,88,0,23,47
2025-05-05,SKU0103,58,20,23,47
2025-05-12,SKU0103,51,0,23,47
2025-05-19,SKU0103,265,234,23,47
2025-05-26,SKU0103,258,0,23,47
2025-06-02,SKU0103,225,15,23,47
2025-06-09,SKU0103,191,0,23,47
2025-06-16,SKU0103,178,0,23,47
2025-06-23,SKU0103,151,0,23,47
2025-06-30,SKU0103,132,0,23,47
2025-07-07,SKU0103,106,0,23,47
2025-07-14,SKU0103,93,0,23,47
2025-07-21,SKU0103,63,0,23,47
2025-07-28,SKU0103,46,0,23,47
2025-08-04,SKU0103,153,125,23,47
2025-08-11,SKU0103,128,0,23,47
2025-08-18,SKU0103,111,0,23,47
2025-08-25,SKU0103,94,0,23,47
2025-09-01,SKU0103,63,0,23,47
2025-09-08,SKU0103,200,156,23,47
2025-09-15,SKU0103,171,0,23,47
2025-09-22,SKU0103,150,0,23,47
2025-09-29,SKU0103,131,15,23,47
2025-10-06,SKU0103,121,5,23,47
2025-10-13,SKU0103,110,0,23,47
2025-10-20,SKU0103,77,0,23,47
2025-10-27,SKU0103,50,25,23,47
2025-11-03,SKU0103,36,0,23,47
2025-11-10,SKU0103,115,105,23,47
2025-11-17,SKU0103,91,0,23,47
2025-11-24,SKU0103,84,0,23,47
2025-12-01,SKU0103,76,0,23,47
2025-12-08,SKU0103,284,237,23,47
2025-12-15,SKU0103,266,0,23,47
2025-12-22,SKU0103,255,0,23,47
2025-12-29,SKU0103,239,0,23,47
2024-01-01,SKU0104,65,0,19,16
2024-01-08,SKU0104,47,0,19,16
2024-01-15,SKU0104,29,0,19,16
2024-01-22,SKU0104,133,133,19,16
2024-01-29,SKU0104,125,0,19,16
2024-02-05,SKU0104,95,0,19,16
2024-02-12,SKU0104,80,0,19,16
2024-02-19,SKU0104,72,0,19,16
2024-02-26,SKU0104,67,0,19,16
2024-03-04,SKU0104,43,0,19,16
2024-03-11,SKU0104,24,0,19,16
2024-03-18,SKU0104,185,173,19,16
2024-03-25,SKU0104,180,0,19,16
2024-04-01,SKU0104,175,0,19,16
2024-04-08,SKU0104,161,0,19,16
2024-04-15,SKU0104,144,0,19,16
2024-04-22,SKU0104,133,0,19,16
2024-04-29,SKU0104,128,0,19,16
2024-05-06,SKU0104,97,0,19,16
2024-05-13,SKU0104,85,0,19,16
2024-05-20,SKU0104,73,0,19,16
2024-05-27,SKU0104,62,12,19,16
2024-06-03,SKU0104,29,8,19,16
2024-06-10,SKU0104,139,134,19,16
2024-06-17,SKU0104,115,28,19,16
2024-06-24,SKU0104,89,0,19,16
2024-07-01,SKU0104,83,12,19,16
2024-07-08,SKU0104,58,1,19,16
2024-07-15,SKU0104,24,0,19,16
2024-07-22,SKU0104,17,0,19,16
2024-07-29,SKU0104,0,0,19,16
2024-08-05,SKU0104,0,8,19,16
2024-08-12,SKU0104,0,0,19,16
2024-08-19,SKU0104,172,172,19,16
2024-08-26,SKU0104,166,28,19,16
2024-09-02,SKU0104,151,0,19,16
2024-09-09,SKU0104,146,0,19,16
2024-09-16,SKU0104,125,23,19,16
2024-09-23,SKU0104,95,0,19,16
2024-09-30,SKU0104,76,0,19,16
2024-10-07,SKU0104,49,0,19,16
2024-10-14,SKU0104,43,0,19,16
2024-10-21,SKU0104,36,0,19,16
2024-10-28,SKU0104,207,202,19,16
2024-11-04,SKU0104,198,0,19,16
2024-11-11,SKU0104,175,0,19,16
2024-11-18,SKU0104,160,0,19,16
2024-11-25,SKU0104,137,0,19,16
2024-12-02,SKU0104,105,0,19,16
2024-12-09,SKU0104,95,0,19,16
2024-12-16,SKU0104,65,0,19,16
2024-12-23,SKU0104,48,0,19,16
2024-12-30,SKU0104,19,0,19,16
2025-01-06,SKU0104,0,0,19,16
2025-01-13,SKU0104,0,5,19,16
2025-01-20,SKU0104,167,167,19,16
2025-01-27,SKU0104,139,0,19,16
2025-02-03,SKU0104,119,0,19,16
2025-02-10,SKU0104,86,12,19,16
2025-02-17,SKU0104,79,0,19,16
2025-02-24,SKU0104,65,0,19,16
2025-03-03,SKU0104,60,0,19,16
2025-03-10,SKU0104,29,3,19,16
2025-03-17,SKU0104,124,108,19,16
2025-03-24,SKU0104,100,0,19,16
2025-03-31,SKU0104,73,0,19,16
2025-04-07,SKU0104,45,0,19,16
2025-04-14,SKU0104,254,243,19,16
2025-04-21,SKU0104,234,0,19,16
2025-04-28,SKU0104,205,7,19,16
2025-05-05,SKU0104,173,0,19,16
2025-05-12,SKU0104,160,23,19,16
2025-05-19,SKU0104,148,0,19,16
2025-05-26,SKU0104,139,14,19,16
2025-06-02,SKU0104,131,0,19,16
2025-06-09,SKU0104,114,0,19,16
2025-06-16,SKU0104,109,0,19,16
2025-06-23,SKU0104,96,0,19,16
2025-06-30,SKU0104,89,6,19,16
2025-07-07,SKU0104,82,0,19,16
2025-07-14,SKU0104,55,0,19,16
2025-07-21,SKU0104,36,0,19,16
2025-07-28,SKU0104,25,0,19,16
2025-08-04,SKU0104,247,238,19,16
2025-08-11,SKU0104,221,0,19,16
2025-08-18,SKU0104,198,0,19,16
2025-08-25,SKU0104,189,0,19,16
2025-09-01,SKU0104,169,0,19,16
2025-09-08,SKU0104,163,0,19,16
2025-09-15,SKU0104,148,0,19,16
2025-09-22,SKU0104,140,0,19,16
2025-09-29,SKU0104,126,0,19,16
2025-10-06,SKU0104,99,0,19,16
2025-10-13,SKU0104,85,0,19,16
2025-10-20,SKU0104,63,0,19,16
2025-10-27,SKU0104,33,0,19,16
2025-11-03,SKU0104,20,0,19,16
2025-11-10,SKU0104,223,219,19,16
2025-11-17,SKU0104,193,6,19,16
2025-11-24,SKU0104,184,15,19,16
2025-12-01,SKU0104,156,0,19,16
2025-12-08,SKU0104,141,0,19,16
2025-12-15,SKU0104,133,22,19,16
2025-12-22,SKU0104,122,0,19,16
2025-12-29,SKU0104,107,29,19,16
2024-01-01,SKU0105,147,0,9,56
2024-01-08,SKU0105,140,21,9,56
2024-01-15,SKU0105,130,20,9,56
2024-01-22,SKU0105,98,0,9,56
2024-01-29,SKU0105,86,0,9,56
2024-02-05,SKU0105,59,0,9,56
2024-02-12,SKU0105,230,178,9,56
2024-02-19,SKU0105,202,0,9,56
2024-02-26,SKU0105,175,0,9,56
2024-03-04,SKU0105,142,0,9,56
2024-03-11,SKU0105,134,0,9,56
2024-03-18,SKU0105,113,0,9,56
2024-03-25,SKU0105,79,9,9,56
2024-04-01,SKU0105,65,0,9,56
2024-04-08,SKU0105,54,0,9,56
2024-04-15,SKU0105,145,107,9,56
2024-04-22,SKU0105,124,0,9,56
2024-04-29,SKU0105,119,0,9,56
2024-05-06,SKU0105,88,0,9,56
2024-05-13,SKU0105,62,0,9,56
2024-05-20,SKU0105,56,0,9,56
2024-05-27,SKU0105,47,0,9,56
2024-06-03,SKU0105,130,88,9,56
2024-06-10,SKU0105,121,0,9,56
2024-06-17,SKU0105,98,0,9,56
2024-06-24,SKU0105,88,0,9,56
2024-07-01,SKU0105,263,208,9,56
2024-07-08,SKU0105,234,15,9,56
2024-07-15,SKU0105,204,13,9,56
2024-07-22,SKU0105,186,2,9,56
2024-07-29,SKU0105,175,18,9,56
2024-08-05,SKU0105,150,0,9,56
2024-08-12,SKU0105,141,4,9,56
2024-08-19,SKU0105,115,0,9,56
2024-08-26,SKU0105,96,17,9,56
2024-09-02,SKU0105,89,0,9,56
2024-09-09,SKU0105,84,0,9,56
2024-09-16,SKU0105,79,0,9,56
2024-09-23,SKU0105,72,0,9,56
2024-09-30,SKU0105,144,103,9,56
2024-10-07,SKU0105,126,0,9,56
2024-10-14,SKU0105,106,0,9,56
2024-10-21,SKU0105,72,0,9,56
2024-10-28,SKU0105,254,199,9,56
2024-11-04,SKU0105,236,0,9,56
2024-11-11,SKU0105,219,18,9,56
2024-11-18,SKU0105,196,0,9,56
2024-11-25,SKU0105,162,0,9,56
2024-12-02,SKU0105,154,0,9,56
2024-12-09,SKU0105,133,0,9,56
2024-12-16,SKU0105,103,17,9,56
2024-12-23,SKU0105,75,20,9,56
2024-12-30,SKU0105,66,0,9,56
2025-01-06,SKU0105,41,22,9,56
2025-01-13,SKU0105,22,0,9,56
2025-01-20,SKU0105,127,110,9,56
2025-01-27,SKU0105,115,0,9,56
2025-02-03,SKU0105,85,0,9,56
2025-02-10,SKU0105,63,0,9,56
2025-02-17,SKU0105,273,230,9,56
2025-02-24,SKU0105,266,9,9,56
2025-03-03,SKU0105,261,0,9,56
2025-03-10,SKU0105,245,0,9,56
2025-03-17,SKU0105,221,0,9,56
2025-03-24,SKU0105,206,0,9,56
2025-03-31,SKU0105,177,0,9,56
2025-04-07,SKU0105,154,7,9,56
2025-04-14,SKU0105,139,0,9,56
2025-04-21,SKU0105,117,0,9,56
2025-04-28,SKU0105,102,0,9,56
2025-05-05,SKU0105,88,0,9,56
2025-05-12,SKU0105,70,0,9,56
2025-05-19,SKU0105,57,0,9,56
2025-05-26,SKU0105,179,128,9,56
2025-06-02,SKU0105,149,0,9,56
2025-06-09,SKU0105,127,24,9,56
2025-06-16,SKU0105,104,0,9,56
2025-06-23,SKU0105,85,0,9,56
2025-06-30,SKU0105,80,0,9,56
2025-07-07,SKU0105,73,0,9,56
2025-07-14,SKU0105,59,0,9,56
2025-07-21,SKU0105,41,0,9,56
2025-07-28,SKU0105,23,0,9,56
2025-08-04,SKU0105,200,198,9,56
2025-08-11,SKU0105,170,0,9,56
2025-08-18,SKU0105,143,0,9,56
2025-08-25,SKU0105,109,0,9,56
2025-09-01,SKU0105,90,0,9,56
2025-09-08,SKU0105,61,29,9,56
2025-09-15,SKU0105,127,80,9,56
2025-09-22,SKU0105,108,22,9,56
2025-09-29,SKU0105,76,0,9,56
2025-10-06,SKU0105,60,0,9,56
2025-10-13,SKU0105,254,204,9,56
2025-10-20,SKU0105,249,0,9,56
2025-10-27,SKU0105,219,0,9,56
2025-11-03,SKU0105,200,0,9,56
2025-11-10,SKU0105,179,0,9,56
2025-11-17,SKU0105,145,0,9,56
2025-11-24,SKU0105,115,14,9,56
2025-12-01,SKU0105,89,1,9,56
2025-12-08,SKU0105,70,0,9,56
2025-12-15,SKU0105,64,14,9,56
2025-12-22,SKU0105,162,126,9,56
2025-12-29,SKU0105,157,0,9,56
2024-01-01,SKU0106,144,1,8,44
2024-01-08,SKU0106,126,0,8,44
2024-01-15,SKU0106,102,0,8,44
2024-01-22,SKU0106,91,6,8,44
2024-01-29,SKU0106,86,0,8,44
2024-02-05,SKU0106,71,0,8,44
2024-02-12,SKU0106,52,2,8,44
2024-02-19,SKU0106,232,195,8,44
2024-02-26,SKU0106,220,0,8,44
2024-03-04,SKU0106,195,0,8,44
2024-03-11,SKU0106,171,0,8,44
2024-03-18,SKU0106,160,23,8,44
2024-03-25,SKU0106,152,0,8,44
2024-04-01,SKU0106,137,0,8,44
2024-04-08,SKU0106,128,0,8,44
2024-04-15,SKU0106,106,0,8,44
2024-04-22,SKU0106,81,0,8,44
2024-04-29,SKU0106,51,0,8,44
2024-05-06,SKU0106,221,197,8,44
2024-05-13,SKU0106,193,0,8,44
2024-05-20,SKU0106,176,25,8,44
2024-05-27,SKU0106,147,0,8,44
2024-06-03,SKU0106,122,0,8,44
2024-06-10,SKU0106,108,0,8,44
2024-06-17,SKU0106,96,0,8,44
2024-06-24,SKU0106,80,0,8,44
2024-07-01,SKU0106,49,0,8,44
2024-07-08,SKU0106,156,141,8,44
2024-07-15,SKU0106,129,0,8,44
2024-07-22,SKU0106,114,21,8,44
2024-07-29,SKU0106,90,0,8,44
2024-08-05,SKU0106,56,0,8,44
2024-08-12,SKU0106,25,4,8,44
2024-08-19,SKU0106,138,132,8,44
2024-08-26,SKU0106,110,0,8,44
2024-09-02,SKU0106,82,0,8,44
2024-09-09,SKU0106,74,0,8,44
2024-09-16,SKU0106,66,0,8,44
2024-09-23,SKU0106,36,0,8,44
2024-09-30,SKU0106,22,0,8,44
2024-10-07,SKU0106,238,238,8,44
2024-10-14,SKU0106,207,0,8,44
2024-10-21,SKU0106,200,20,8,44
2024-10-28,SKU0106,171,0,8,44
2024-11-04,SKU0106,144,0,8,44
2024-11-11,SKU0106,115,0,8,44
2024-11-18,SKU0106,94,0,8,44
2024-11-25,SKU0106,79,0,8,44
2024-12-02,SKU0106,48,0,8,44
2024-12-09,SKU0106,16,0,8,44
2024-12-16,SKU0106,0,0,8,44
2024-12-23,SKU0106,0,0,8,44
2024-12-30,SKU0106,193,193,8,44
2025-01-06,SKU0106,184,0,8,44
2025-01-13,SKU0106,174,0,8,44
2025-01-20,SKU0106,147,0,8,44
2025-01-27,SKU0106,138,0,8,44
2025-02-03,SKU0106,118,0,8,44
2025-02-10,SKU0106,91,0,8,44
2025-02-17,SKU0106,75,9,8,44
2025-02-24,SKU0106,46,0,8,44
2025-03-03,SKU0106,26,0,8,44
2025-03-10,SKU0106,0,0,8,44
2025-03-17,SKU0106,0,0,8,44
2025-03-24,SKU0106,0,0,8,44
2025-03-31,SKU0106,135,135,8,44
2025-04-07,SKU0106,106,0,8,44
2025-04-14,SKU0106,101,0,8,44
2025-04-21,SKU0106,88,0,8,44
2025-04-28,SKU0106,74,13,8,44
2025-05-05,SKU0106,59,0,8,44
2025-05-12,SKU0106,36,0,8,44
2025-05-19,SKU0106,249,221,8,44
2025-05-26,SKU0106,218,0,8,44
2025-06-02,SKU0106,208,0,8,44
2025-06-09,SKU0106,202,0,8,44
2025-06-16,SKU0106,169,0,8,44
2025-06-23,SKU0106,152,0,8,44
2025-06-30,SKU0106,128,0,8,44
2025-07-07,SKU0106,98,0,8,44
2025-07-14,SKU0106,87,17,8,44
2025-07-21,SKU0106,65,0,8,44
2025-07-28,SKU0106,60,0,8,44
2025-08-04,SKU0106,55,0,8,44
2025-08-11,SKU0106,47,0,8,44
2025-08-18,SKU0106,215,176,8,44
2025-08-25,SKU0106,193,6,8,44
2025-09-01,SKU0106,173,0,8,44
2025-09-08,SKU0106,159,0,8,44
2025-09-15,SKU0106,138,0,8,44
2025-09-22,SKU0106,127,0,8,44
2025-09-29,SKU0106,96,0,8,44
2025-10-06,SKU0106,72,16,8,44
2025-10-13,SKU0106,40,0,8,44
2025-10-20,SKU0106,204,178,8,44
2025-10-27,SKU0106,186,1,8,44
2025-11-03,SKU0106,172,0,8,44
2025-11-10,SKU0106,145,17,8,44
2025-11-17,SKU0106,140,18,8,44
2025-11-24,SKU0106,123,0,8,44
2025-12-01,SKU0106,114,0,8,44
2025-12-08,SKU0106,92,0,8,44
2025-12-15,SKU0106,59,0,8,44
2025-12-22,SKU0106,244,212,8,44
2025-12-29,SKU0106,214,0,8,44
2024-01-01,SKU0107,148,6,17,52
2024-01-08,SKU0107,142,0,17,52
2024-01-15,SKU0107,125,17,17,52
2024-01-22,SKU0107,105,0,17,52
2024-01-29,SKU0107,96,0,17,52
2024-02-05,SKU0107,88,0,17,52
2024-02-12,SKU0107,67,0,17,52
2024-02-19,SKU0107,47,0,17,52
2024-02-26,SKU0107,21,0,17,52
2024-03-04,SKU0107,132,132,17,52
2024-03-11,SKU0107,110,0,17,52
2024-03-18,SKU0107,101,0,17,52
2024-03-25,SKU0107,67,0,17,52
2024-04-01,SKU0107,60,0,17,52
2024-04-08,SKU0107,226,186,17,52
2024-04-15,SKU0107,210,0,17,52
2024-04-22,SKU0107,201,21,17,52
2024-04-29,SKU0107,178,0,17,52
2024-05-06,SKU0107,153,0,17,52
2024-05-13,SKU0107,141,0,17,52
2024-05-20,SKU0107,134,0,17,52
2024-05-27,SKU0107,118,0,17,52
2024-06-03,SKU0107,86,6,17,52
2024-06-10,SKU0107,75,0,17,52
2024-06-17,SKU0107,69,0,17,52
2024-06-24,SKU0107,43,0,17,52
2024-07-01,SKU0107,244,213,17,52
2024-07-08,SKU0107,227,0,17,52
2024-07-15,SKU0107,199,0,17,52
2024-07-22,SKU0107,178,0,17,52
2024-07-29,SKU0107,151,0,17,52
2024-08-05,SKU0107,140,0,17,52
2024-08-12,SKU0107,124,0,17,52
2024-08-19,SKU0107,111,0,17,52
2024-08-26,SKU0107,93,15,17,52
2024-09-02,SKU0107,64,0,17,52
2024-09-09,SKU0107,166,118,17,52
2024-09-16,SKU0107,135,21,17,52
2024-09-23,SKU0107,123,29,17,52
2024-09-30,SKU0107,108,6,17,52
2024-10-07,SKU0107,80,0,17,52
2024-10-14,SKU0107,52,0,17,52
2024-10-21,SKU0107,227,183,17,52
2024-10-28,SKU0107,216,0,17,52
2024-11-04,SKU0107,209,0,17,52
2024-11-11,SKU0107,191,0,17,52
2024-11-18,SKU0107,160,0,17,52
2024-11-25,SKU0107,147,0,17,52
2024-12-02,SKU0107,124,0,17,52
2024-12-09,SKU0107,114,0,17,52
2024-12-16,SKU0107,89,0,17,52
2024-12-23,SKU0107,83,0,17,52
2024-12-30,SKU0107,67,0,17,52
2025-01-06,SKU0107,55,23,17,52
2025-01-13,SKU0107,246,224,17,52
2025-01-20,SKU0107,219,22,17,52
2025-01-27,SKU0107,185,0,17,52
2025-02-03,SKU0107,154,0,17,52
2025-02-10,SKU0107,129,0,17,52
2025-02-17,SKU0107,115,0,17,52
2025-02-24,SKU0107,96,0,17,52
2025-03-03,SKU0107,88,0,17,52
2025-03-10,SKU0107,63,0,17,52
2025-03-17,SKU0107,129,83,17,52
2025-03-24,SKU0107,122,0,17,52
2025-03-31,SKU0107,108,0,17,52
2025-04-07,SKU0107,91,0,17,52
2025-04-14,SKU0107,79,0,17,52
2025-04-21,SKU0107,172,121,17,52
2025-04-28,SKU0107,142,0,17,52
2025-05-05,SKU0107,113,0,17,52
2025-05-12,SKU0107,103,0,17,52
2025-05-19,SKU0107,79,24,17,52
2025-05-26,SKU0107,73,0,17,52
2025-06-02,SKU0107,55,0,17,52
2025-06-09,SKU0107,228,195,17,52
2025-06-16,SKU0107,195,0,17,52
2025-06-23,SKU0107,182,0,17,52
2025-06-30,SKU0107,167,0,17,52
2025-07-07,SKU0107,137,0,17,52
2025-07-14,SKU0107,116,0,17,52
2025-07-21,SKU0107,83,26,17,52
2025-07-28,SKU0107,54,0,17,52
2025-08-04,SKU0107,31,0,17,52
2025-08-11,SKU0107,15,0,17,52
2025-08-18,SKU0107,3,0,17,52
2025-08-25,SKU0107,0,0,17,52
2025-09-01,SKU0107,117,117,17,52
2025-09-08,SKU0107,85,0,17,52
2025-09-15,SKU0107,54,0,17,52
2025-09-22,SKU0107,192,153,17,52
2025-09-29,SKU0107,171,0,17,52
2025-10-06,SKU0107,164,0,17,52
2025-10-13,SKU0107,152,0,17,52
2025-10-20,SKU0107,144,24,17,52
2025-10-27,SKU0107,121,21,17,52
2025-11-03,SKU0107,98,0,17,52
2025-11-10,SKU0107,76,0,17,52
2025-11-17,SKU0107,56,0,17,52
2025-11-24,SKU0107,106,82,17,52
2025-12-01,SKU0107,99,0,17,52
2025-12-08,SKU0107,91,13,17,52
2025-12-15,SKU0107,75,0,17,52
2025-12-22,SKU0107,67,0,17,52
2025-12-29,SKU0107,48,0,17,52
2024-01-01,SKU0108,282,0,17,32
2024-01-08,SKU0108,254,19,17,32
2024-01-15,SKU0108,243,0,17,32
2024-01-22,SKU0108,219,0,17,32
2024-01-29,SKU0108,194,0,17,32
2024-02-05,SKU0108,165,0,17,32
2024-02-12,SKU0108,146,17,17,32
2024-02-19,SKU0108,112,0,17,32
2024-02-26,SKU0108,90,0,17,32
2024-03-04,SKU0108,76,0,17,32
2024-03-11,SKU0108,43,19,17,32
2024-03-18,SKU0108,259,234,17,32
2024-03-25,SKU0108,245,0,17,32
2024-04-01,SKU0108,216,0,17,32
2024-04-08,SKU0108,187,0,17,32
2024-04-15,SKU0108,154,1,17,32
2024-04-22,SKU0108,124,0,17,32
2024-04-29,SKU0108,103,0,17,32
2024-05-06,SKU0108,72,19,17,32
2024-05-13,SKU0108,50,0,17,32
2024-05-20,SKU0108,42,0,17,32
2024-05-27,SKU0108,10,0,17,32
2024-06-03,SKU0108,0,0,17,32
2024-06-10,SKU0108,240,240,17,32
2024-06-17,SKU0108,223,0,17,32
2024-06-24,SKU0108,195,0,17,32
2024-07-01,SKU0108,183,19,17,32
2024-07-08,SKU0108,174,0,17,32
2024-07-15,SKU0108,149,13,17,32
2024-07-22,SKU0108,128,28,17,32
2024-07-29,SKU0108,110,0,17,32
2024-08-05,SKU0108,91,0,17,32
2024-08-12,SKU0108,82,0,17,32
2024-08-19,SKU0108,72,0,17,32
2024-08-26,SKU0108,64,0,17,32
2024-09-02,SKU0108,39,0,17,32
2024-09-09,SKU0108,29,0,17,32
2024-09-16,SKU0108,8,0,17,32
2024-09-23,SKU0108,129,129,17,32
2024-09-30,SKU0108,113,17,17,32
2024-10-07,SKU0108,96,0,17,32
2024-10-14,SKU0108,70,0,17,32
2024-10-21,SKU0108,62,0,17,32
2024-10-28,SKU0108,52,0,17,32
2024-11-04,SKU0108,198,167,17,32
2024-11-11,SKU0108,190,0,17,32
2024-11-18,SKU0108,183,6,17,32
2024-11-25,SKU0108,161,5,17,32
2024-12-02,SKU0108,150,0,17,32
2024-12-09,SKU0108,132,0,17,32
2024-12-16,SKU0108,127,0,17,32
2024-12-23,SKU0108,106,0,17,32
2024-12-30,SKU0108,80,23,17,32
2025-01-06,SKU0108,68,14,17,32
2025-01-13,SKU0108,54,0,17,32
2025-01-20,SKU0108,115,83,17,32
2025-01-27,SKU0108,82,0,17,32
2025-02-03,SKU0108,54,0,17,32
2025-02-10,SKU0108,20,0,17,32
2025-02-17,SKU0108,227,227,17,32
2025-02-24,SKU0108,216,0,17,32
2025-03-03,SKU0108,189,23,17,32
2025-03-10,SKU0108,176,0,17,32
2025-03-17,SKU0108,162,12,17,32
2025-03-24,SKU0108,139,0,17,32
2025-03-31,SKU0108,126,0,17,32
2025-04-07,SKU0108,104,0,17,32
2025-04-14,SKU0108,95,0,17,32
2025-04-21,SKU0108,73,13,17,32
2025-04-28,SKU0108,55,0,17,32
2025-05-05,SKU0108,257,236,17,32
2025-05-12,SKU0108,236,0,17,32
2025-05-19,SKU0108,222,0,17,32
2025-05-26,SKU0108,204,0,17,32
2025-06-02,SKU0108,193,0,17,32
2025-06-09,SKU0108,174,0,17,32
2025-06-16,SKU0108,159,0,17,32
2025-06-23,SKU0108,125,21,17,32
2025-06-30,SKU0108,103,0,17,32
2025-07-07,SKU0108,84,0,17,32
2025-07-14,SKU0108,52,26,17,32
2025-07-21,SKU0108,43,0,17,32
2025-07-28,SKU0108,38,0,17,32
2025-08-04,SKU0108,162,143,17,32
2025-08-11,SKU0108,149,0,17,32
2025-08-18,SKU0108,139,0,17,32
2025-08-25,SKU0108,122,0,17,32
2025-09-01,SKU0108,89,0,17,32
2025-09-08,SKU0108,65,0,17,32
2025-09-15,SKU0108,51,3,17,32
2025-09-22,SKU0108,45,0,17,32
2025-09-29,SKU0108,39,0,17,32
2025-10-06,SKU0108,26,0,17,32
2025-10-13,SKU0108,12,0,17,32
2025-10-20,SKU0108,0,0,17,32
2025-10-27,SKU0108,0,0,17,32
2025-11-03,SKU0108,0,0,17,32
2025-11-10,SKU0108,90,90,17,32
2025-11-17,SKU0108,78,10,17,32
2025-11-24,SKU0108,72,0,17,32
2025-12-01,SKU0108,61,0,17,32
2025-12-08,SKU0108,273,243,17,32
2025-12-15,SKU0108,268,0,17,32
2025-12-22,SKU0108,236,0,17,32
2025-12-29,SKU0108,223,0,17,32
2024-01-01,SKU0109,90,0,18,44
2024-01-08,SKU0109,66,0,18,44
2024-01-15,SKU0109,57,2,18,44
2024-01-22,SKU0109,39,0,18,44
2024-01-29,SKU0109,165,157,18,44
2024-02-05,SKU0109,142,0,18,44
2024-02-12,SKU0109,128,0,18,44
2024-02-19,SKU0109,103,21,18,44
2024-02-26,SKU0109,92,0,18,44
2024-03-04,SKU0109,84,0,18,44
2024-03-11,SKU0109,50,0,18,44
2024-03-18,SKU0109,236,197,18,44
2024-03-25,SKU0109,213,0,18,44
2024-04-01,SKU0109,202,0,18,44
2024-04-08,SKU0109,179,27,18,44
2024-04-15,SKU0109,148,0,18,44
2024-04-22,SKU0109,135,0,18,44
2024-04-29,SKU0109,124,3,18,44
2024-05-06,SKU0109,105,0,18,44
2024-05-13,SKU0109,75,0,18,44
2024-05-20,SKU0109,67,0,18,44
2024-05-27,SKU0109,39,0,18,44
2024-06-03,SKU0109,7,0,18,44
2024-06-10,SKU0109,193,193,18,44
2024-06-17,SKU0109,171,0,18,44
2024-06-24,SKU0109,164,23,18,44
2024-07-01,SKU0109,139,0,18,44
2024-07-08,SKU0109,118,0,18,44
2024-07-15,SKU0109,112,0,18,44
2024-07-22,SKU0109,79,0,18,44
2024-07-29,SKU0109,53,0,18,44
2024-08-05,SKU0109,255,222,18,44
2024-08-12,SKU0109,237,0,18,44
2024-08-19,SKU0109,232,0,18,44
2024-08-26,SKU0109,219,0,18,44
2024-09-02,SKU0109,211,0,18,44
2024-09-09,SKU0109,192,0,18,44
2024-09-16,SKU0109,160,0,18,44
2024-09-23,SKU0109,126,0,18,44
2024-09-30,SKU0109,108,0,18,44
2024-10-07,SKU0109,89,0,18,44
2024-10-14,SKU0109,73,0,18,44
2024-10-21,SKU0109,45,0,18,44
2024-10-28,SKU0109,151,130,18,44
2024-11-04,SKU0109,124,0,18,44
2024-11-11,SKU0109,119,0,18,44
2024-11-18,SKU0109,108,0,18,44
2024-11-25,SKU0109,84,0,18,44
2024-12-02,SKU0109,61,0,18,44
2024-12-09,SKU0109,275,242,18,44
2024-12-16,SKU0109,262,0,18,44
2024-12-23,SKU0109,249,0,18,44
2024-12-30,SKU0109,225,0,18,44
2025-01-06,SKU0109,217,0,18,44
2025-01-13,SKU0109,211,0,18,44
2025-01-20,SKU0109,187,0,18,44
2025-01-27,SKU0109,182,0,18,44
2025-02-03,SKU0109,169,29,18,44
2025-02-10,SKU0109,142,0,18,44
2025-02-17,SKU0109,132,0,18,44
2025-02-24,SKU0109,100,0,18,44
2025-03-03,SKU0109,87,0,18,44
2025-03-10,SKU0109,79,0,18,44
2025-03-17,SKU0109,64,0,18,44
2025-03-24,SKU0109,265,222,18,44
2025-03-31,SKU0109,243,0,18,44
2025-04-07,SKU0109,215,0,18,44
2025-04-14,SKU0109,198,0,18,44
2025-04-21,SKU0109,172,0,18,44
2025-04-28,SKU0109,158,10,18,44
2025-05-05,SKU0109,148,17,18,44
2025-05-12,SKU0109,128,0,18,44
2025-05-19,SKU0109,119,0,18,44
2025-05-26,SKU0109,89,0,18,44
2025-06-02,SKU0109,75,28,18,44
2025-06-09,SKU0109,65,0,18,44
2025-06-16,SKU0109,48,0,18,44
2025-06-23,SKU0109,172,150,18,44
2025-06-30,SKU0109,165,0,18,44
2025-07-07,SKU0109,135,0,18,44
2025-07-14,SKU0109,119,0,18,44
2025-07-21,SKU0109,97,14,18,44
2025-07-28,SKU0109,81,0,18,44
2025-08-04,SKU0109,57,2,18,44
2025-08-11,SKU0109,138,111,18,44
2025-08-18,SKU0109,112,11,18,44
2025-08-25,SKU0109,89,0,18,44
2025-09-01,SKU0109,77,0,18,44
2025-09-08,SKU0109,56,0,18,44
2025-09-15,SKU0109,220,196,18,44
2025-09-22,SKU0109,188,21,18,44
2025-09-29,SKU0109,167,20,18,44
2025-10-06,SKU0109,161,0,18,44
2025-10-13,SKU0109,142,0,18,44
2025-10-20,SKU0109,111,18,18,44
2025-10-27,SKU0109,104,21,18,44
2025-11-03,SKU0109,82,0,18,44
2025-11-10,SKU0109,69,0,18,44
2025-11-17,SKU0109,39,28,18,44
2025-11-24,SKU0109,15,0,18,44
2025-12-01,SKU0109,115,106,18,44
2025-12-08,SKU0109,81,7,18,44
2025-12-15,SKU0109,65,0,18,44
2025-12-22,SKU0109,38,0,18,44
2025-12-29,SKU0109,170,156,18,44
2024-01-01,SKU0110,227,0,16,49
2024-01-08,SKU0110,194,0,16,49
2024-01-15,SKU0110,167,0,16,49
2024-01-22,SKU0110,153,0,16,49
2024-01-29,SKU0110,145,0,16,49
2024-02-05,SKU0110,111,0,16,49
2024-02-12,SKU0110,84,0,16,49
2024-02-19,SKU0110,69,0,16,49
2024-02-26,SKU0110,56,0,16,49
2024-03-04,SKU0110,30,0,16,49
2024-03-11,SKU0110,20,11,16,49
2024-03-18,SKU0110,7,0,16,49
2024-03-25,SKU0110,0,0,16,49
2024-04-01,SKU0110,89,89,16,49
2024-04-08,SKU0110,65,0,16,49
2024-04-15,SKU0110,34,0,16,49
2024-04-22,SKU0110,229,226,16,49
2024-04-29,SKU0110,221,0,16,49
2024-05-06,SKU0110,189,0,16,49
2024-05-13,SKU0110,172,0,16,49
2024-05-20,SKU0110,150,0,16,49
2024-05-27,SKU0110,145,0,16,49
2024-06-03,SKU0110,137,0,16,49
2024-06-10,SKU0110,124,19,16,49
2024-06-17,SKU0110,103,19,16,49
2024-06-24,SKU0110,76,9,16,49
2024-07-01,SKU0110,65,0,16,49
2024-07-08,SKU0110,274,228,16,49
2024-07-15,SKU0110,260,0,16,49
2024-07-22,SKU0110,233,8,16,49
2024-07-29,SKU0110,222,0,16,49
2024-08-05,SKU0110,201,0,16,49
2024-08-12,SKU0110,186,0,16,49
2024-08-19,SKU0110,167,0,16,49
2024-08-26,SKU0110,158,0,16,49
2024-09-02,SKU0110,133,18,16,49
2024-09-09,SKU0110,120,0,16,49
2024-09-16,SKU0110,106,0,16,49
2024-09-23,SKU0110,90,0,16,49
2024-09-30,SKU0110,63,0,16,49
2024-10-07,SKU0110,42,0,16,49
2024-10-14,SKU0110,253,243,16,49
2024-10-21,SKU0110,244,0,16,49
2024-10-28,SKU0110,238,0,16,49
2024-11-04,SKU0110,224,0,16,49
2024-11-11,SKU0110,195,0,16,49
2024-11-18,SKU0110,188,0,16,49
2024-11-25,SKU0110,182,27,16,49
2024-12-02,SKU0110,149,0,16,49
2024-12-09,SKU0110,118,0,16,49
2024-12-16,SKU0110,99,17,16,49
2024-12-23,SKU0110,88,0,16,49
2024-12-30,SKU0110,65,0,16,49
2025-01-06,SKU0110,32,0,16,49
2025-01-13,SKU0110,101,92,16,49
2025-01-20,SKU0110,94,12,16,49
2025-01-27,SKU0110,68,0,16,49
2025-02-03,SKU0110,58,13,16,49
2025-02-10,SKU0110,52,0,16,49
2025-02-17,SKU0110,37,0,16,49
2025-02-24,SKU0110,103,100,16,49
2025-03-03,SKU0110,95,0,16,49
2025-03-10,SKU0110,89,0,16,49
2025-03-17,SKU0110,63,0,16,49
2025-03-24,SKU0110,57,0,16,49
2025-03-31,SKU0110,243,220,16,49
2025-04-07,SKU0110,235,0,16,49
2025-04-14,SKU0110,216,0,16,49
2025-04-21,SKU0110,208,28,16,49
2025-04-28,SKU0110,192,6,16,49
2025-05-05,SKU0110,166,0,16,49
2025-05-12,SKU0110,135,1,16,49
2025-05-19,SKU0110,101,0,16,49
2025-05-26,SKU0110,69,0,16,49
2025-06-02,SKU0110,58,0,16,49
2025-06-09,SKU0110,40,0,16,49
2025-06-16,SKU0110,35,0,16,49
2025-06-23,SKU0110,17,27,16,49
2025-06-30,SKU0110,0,0,16,49
2025-07-07,SKU0110,0,0,16,49
2025-07-14,SKU0110,110,110,16,49
2025-07-21,SKU0110,85,0,16,49
2025-07-28,SKU0110,60,0,16,49
2025-08-04,SKU0110,33,0,16,49
2025-08-11,SKU0110,192,177,16,49
2025-08-18,SKU0110,174,0,16,49
2025-08-25,SKU0110,156,0,16,49
2025-09-01,SKU0110,150,0,16,49
2025-09-08,SKU0110,128,0,16,49
2025-09-15,SKU0110,98,0,16,49
2025-09-22,SKU0110,69,0,16,49
2025-09-29,SKU0110,272,233,16,49
2025-10-06,SKU0110,245,0,16,49
2025-10-13,SKU0110,211,0,16,49
2025-10-20,SKU0110,205,0,16,49
2025-10-27,SKU0110,185,0,16,49
2025-11-03,SKU0110,168,0,16,49
2025-11-10,SKU0110,157,23,16,49
2025-11-17,SKU0110,139,0,16,49
2025-11-24,SKU0110,121,0,16,49
2025-12-01,SKU0110,95,15,16,49
2025-12-08,SKU0110,90,0,16,49
2025-12-15,SKU0110,79,0,16,49
2025-12-22,SKU0110,67,0,16,49
2025-12-29,SKU0110,41,0,16,49
2024-01-01,SKU0111,127,0,12,30
2024-01-08,SKU0111,100,0,12,30
2024-01-15,SKU0111,86,29,12,30
2024-01-22,SKU0111,61,0,12,30
2024-01-29,SKU0111,31,0,12,30
2024-02-05,SKU0111,21,0,12,30
2024-02-12,SKU0111,202,202,12,30
2024-02-19,SKU0111,188,0,12,30
2024-02-26,SKU0111,171,4,12,30
2024-03-04,SKU0111,157,0,12,30
2024-03-11,SKU0111,142,0,12,30
2024-03-18,SKU0111,134,23,12,30
2024-03-25,SKU0111,119,0,12,30
2024-04-01,SKU0111,93,25,12,30
2024-04-08,SKU0111,67,0,12,30
2024-04-15,SKU0111,58,0,12,30
2024-04-22,SKU0111,27,19,12,30
2024-04-29,SKU0111,237,223,12,30
2024-05-06,SKU0111,214,0,12,30
2024-05-13,SKU0111,183,0,12,30
2024-05-20,SKU0111,159,0,12,30
2024-05-27,SKU0111,125,21,12,30
2024-06-03,SKU0111,120,20,12,30
2024-06-10,SKU0111,102,0,12,30
2024-06-17,SKU0111,84,0,12,30
2024-06-24,SKU0111,65,0,12,30
2024-07-01,SKU0111,50,0,12,30
2024-07-08,SKU0111,44,0,12,30
2024-07-15,SKU0111,154,138,12,30
2024-07-22,SKU0111,131,0,12,30
2024-07-29,SKU0111,122,0,12,30
2024-08-05,SKU0111,101,19,12,30
2024-08-12,SKU0111,75,0,12,30
2024-08-19,SKU0111,69,0,12,30
2024-08-26,SKU0111,60,0,12,30
2024-09-02,SKU0111,35,0,12,30
2024-09-09,SKU0111,19,16,12,30
2024-09-16,SKU0111,151,148,12,30
2024-09-23,SKU0111,140,0,12,30
2024-09-30,SKU0111,113,0,12,30
2024-10-07,SKU0111,108,0,12,30
2024-10-14,SKU0111,93,0,12,30
2024-10-21,SKU0111,87,0,12,30
2024-10-28,SKU0111,54,0,12,30
2024-11-04,SKU0111,46,25,12,30
2024-11-11,SKU0111,214,202,12,30
2024-11-18,SKU0111,182,0,12,30
2024-11-25,SKU0111,177,0,12,30
2024-12-02,SKU0111,156,0,12,30
2024-12-09,SKU0111,133,20,12,30
2024-12-16,SKU0111,102,0,12,30
2024-12-23,SKU0111,70,0,12,30
2024-12-30,SKU0111,40,0,12,30
2025-01-06,SKU0111,138,115,12,30
2025-01-13,SKU0111,122,25,12,30
2025-01-20,SKU0111,105,29,12,30
2025-01-27,SKU0111,75,0,12,30
2025-02-03,SKU0111,56,0,12,30
2025-02-10,SKU0111,23,0,12,30
2025-02-17,SKU0111,137,120,12,30
2025-02-24,SKU0111,120,1,12,30
2025-03-03,SKU0111,103,0,12,30
2025-03-10,SKU0111,88,0,12,30
2025-03-17,SKU0111,78,0,12,30
2025-03-24,SKU0111,66,0,12,30
2025-03-31,SKU0111,55,0,12,30
2025-04-07,SKU0111,204,179,12,30
2025-04-14,SKU0111,170,8,12,30
2025-04-21,SKU0111,141,0,12,30
2025-04-28,SKU0111,119,25,12,30
2025-05-05,SKU0111,92,0,12,30
2025-05-12,SKU0111,64,14,12,30
2025-05-19,SKU0111,32,0,12,30
2025-05-26,SKU0111,126,126,12,30
2025-06-02,SKU0111,96,0,12,30
2025-06-09,SKU0111,68,0,12,30
2025-06-16,SKU0111,42,2,12,30
2025-06-23,SKU0111,162,147,12,30
2025-06-30,SKU0111,131,0,12,30
2025-07-07,SKU0111,115,0,12,30
2025-07-14,SKU0111,109,0,12,30
2025-07-21,SKU0111,92,0,12,30
2025-07-28,SKU0111,72,14,12,30
2025-08-04,SKU0111,62,0,12,30
2025-08-11,SKU0111,43,0,12,30
2025-08-18,SKU0111,27,0,12,30
2025-08-25,SKU0111,170,150,12,30
2025-09-01,SKU0111,141,0,12,30
2025-09-08,SKU0111,109,0,12,30
2025-09-15,SKU0111,98,0,12,30
2025-09-22,SKU0111,84,23,12,30
2025-09-29,SKU0111,57,0,12,30
2025-10-06,SKU0111,262,233,12,30
2025-10-13,SKU0111,247,24,12,30
2025-10-20,SKU0111,217,0,12,30
2025-10-27,SKU0111,198,0,12,30
2025-11-03,SKU0111,191,0,12,30
2025-11-10,SKU0111,176,0,12,30
2025-11-17,SKU0111,171,0,12,30
2025-11-24,SKU0111,149,0,12,30
2025-12-01,SKU0111,126,12,12,30
2025-12-08,SKU0111,111,0,12,30
2025-12-15,SKU0111,90,0,12,30
2025-12-22,SKU0111,80,0,12,30
2025-12-29,SKU0111,71,0,12,30
2024-01-01,SKU0112,180,0,21,58
2024-01-08,SKU0112,170,0,21,58
2024-01-15,SKU0112,148,0,21,58
2024-01-22,SKU0112,114,0,21,58
2024-01-29,SKU0112,82,20,21,58
2024-02-05,SKU0112,50,0,21,58
2024-02-12,SKU0112,21,0,21,58
2024-02-19,SKU0112,0,15,21,58
2024-02-26,SKU0112,109,109,21,58
2024-03-04,SKU0112,78,0,21,58
2024-03-11,SKU0112,53,0,21,58
2024-03-18,SKU0112,140,116,21,58
2024-03-25,SKU0112,123,21,21,58
2024-04-01,SKU0112,94,0,21,58
2024-04-08,SKU0112,85,0,21,58
2024-04-15,SKU0112,62,0,21,58
2024-04-22,SKU0112,28,0,21,58
2024-04-29,SKU0112,228,218,21,58
2024-05-06,SKU0112,199,16,21,58
2024-05-13,SKU0112,191,0,21,58
2024-05-20,SKU0112,181,21,21,58
2024-05-27,SKU0112,174,0,21,58
2024-06-03,SKU0112,163,18,21,58
2024-06-10,SKU0112,146,0,21,58
2024-06-17,SKU0112,121,0,21,58
2024-06-24,SKU0112,89,19,21,58
2024-07-01,SKU0112,84,18,21,58
2024-07-08,SKU0112,213,156,21,58
2024-07-15,SKU0112,203,0,21,58
2024-07-22,SKU0112,197,23,21,58
2024-07-29,SKU0112,184,0,21,58
2024-08-05,SKU0112,171,0,21,58
2024-08-12,SKU0112,162,28,21,58
2024-08-19,SKU0112,146,23,21,58
2024-08-26,SKU0112,123,0,21,58
2024-09-02,SKU0112,108,0,21,58
2024-09-09,SKU0112,100,0,21,58
2024-09-16,SKU0112,95,0,21,58
2024-09-23,SKU0112,86,0,21,58
2024-09-30,SKU0112,78,17,21,58
2024-10-07,SKU0112,70,0,21,58
2024-10-14,SKU0112,65,0,21,58
2024-10-21,SKU0112,59,0,21,58
2024-10-28,SKU0112,34,0,21,58
2024-11-04,SKU0112,28,0,21,58
2024-11-11,SKU0112,214,214,21,58
2024-11-18,SKU0112,199,0,21,58
2024-11-25,SKU0112,170,0,21,58
2024-12-02,SKU0112,152,2,21,58
2024-12-09,SKU0112,145,0,21,58
2024-12-16,SKU0112,133,0,21,58
2024-12-23,SKU0112,117,29,21,58
2024-12-30,SKU0112,102,0,21,58
2025-01-06,SKU0112,69,0,21,58
2025-01-13,SKU0112,37,0,21,58
2025-01-20,SKU0112,252,248,21,58
2025-01-27,SKU0112,240,0,21,58
2025-02-03,SKU0112,217,6,21,58
2025-02-10,SKU0112,191,0,21,58
2025-02-17,SKU0112,179,0,21,58
2025-02-24,SKU0112,159,0,21,58
2025-03-03,SKU0112,126,0,21,58
2025-03-10,SKU0112,103,0,21,58
2025-03-17,SKU0112,81,25,21,58
2025-03-24,SKU0112,68,0,21,58
2025-03-31,SKU0112,258,212,21,58
2025-04-07,SKU0112,226,0,21,58
2025-04-14,SKU0112,194,15,21,58
2025-04-21,SKU0112,171,0,21,58
2025-04-28,SKU0112,155,24,21,58
2025-05-05,SKU0112,137,0,21,58
2025-05-12,SKU0112,126,0,21,58
2025-05-19,SKU0112,111,0,21,58
2025-05-26,SKU0112,103,0,21,58
2025-06-02,SKU0112,71,0,21,58
2025-06-09,SKU0112,62,18,21,58
2025-06-16,SKU0112,46,0,21,58
2025-06-23,SKU0112,20,0,21,58
2025-06-30,SKU0112,8,0,21,58
2025-07-07,SKU0112,121,121,21,58
2025-07-14,SKU0112,105,0,21,58
2025-07-21,SKU0112,75,0,21,58
2025-07-28,SKU0112,132,89,21,58
2025-08-04,SKU0112,101,2,21,58
2025-08-11,SKU0112,80,0,21,58
2025-08-18,SKU0112,46,23,21,58
2025-08-25,SKU0112,32,14,21,58
2025-09-01,SKU0112,19,1,21,58
2025-09-08,SKU0112,13,0,21,58
2025-09-15,SKU0112,191,191,21,58
2025-09-22,SKU0112,182,0,21,58
2025-09-29,SKU0112,171,0,21,58
2025-10-06,SKU0112,139,0,21,58
2025-10-13,SKU0112,126,0,21,58
2025-10-20,SKU0112,119,0,21,58
2025-10-27,SKU0112,98,0,21,58
2025-11-03,SKU0112,76,21,21,58
2025-11-10,SKU0112,59,0,21,58
2025-11-17,SKU0112,29,0,21,58
2025-11-24,SKU0112,88,85,21,58
2025-12-01,SKU0112,75,0,21,58
2025-12-08,SKU0112,55,16,21,58
2025-12-15,SKU0112,32,0,21,58
2025-12-22,SKU0112,7,0,21,58
2025-12-29,SKU0112,171,171,21,58
2024-01-01,SKU0113,116,0,20,34
2024-01-08,SKU0113,95,0,20,34
2024-01-15,SKU0113,81,0,20,34
2024-01-22,SKU0113,69,0,20,34
2024-01-29,SKU0113,43,0,20,34
2024-02-05,SKU0113,93,82,20,34
2024-02-12,SKU0113,69,0,20,34
2024-02-19,SKU0113,51,0,20,34
2024-02-26,SKU0113,18,0,20,34
2024-03-04,SKU0113,89,89,20,34
2024-03-11,SKU0113,57,0,20,34
2024-03-18,SKU0113,27,0,20,34
2024-03-25,SKU0113,7,0,20,34
2024-04-01,SKU0113,0,0,20,34
2024-04-08,SKU0113,203,203,20,34
2024-04-15,SKU0113,190,0,20,34
2024-04-22,SKU0113,168,0,20,34
2024-04-29,SKU0113,145,0,20,34
2024-05-06,SKU0113,138,0,20,34
2024-05-13,SKU0113,118,0,20,34
2024-05-20,SKU0113,111,11,20,34
2024-05-27,SKU0113,102,0,20,34
2024-06-03,SKU0113,71,0,20,34
2024-06-10,SKU0113,66,0,20,34
2024-06-17,SKU0113,45,0,20,34
2024-06-24,SKU0113,121,107,20,34
2024-07-01,SKU0113,112,0,20,34
2024-07-08,SKU0113,82,0,20,34
2024-07-15,SKU0113,58,14,20,34
2024-07-22,SKU0113,174,141,20,34
2024-07-29,SKU0113,167,0,20,34
2024-08-05,SKU0113,142,0,20,34
2024-08-12,SKU0113,134,0,20,34
2024-08-19,SKU0113,106,0,20,34
2024-08-26,SKU0113,87,0,20,34
2024-09-02,SKU0113,65,0,20,34
2024-09-09,SKU0113,47,0,20,34
2024-09-16,SKU0113,40,0,20,34
2024-09-23,SKU0113,27,6,20,34
2024-09-30,SKU0113,6,0,20,34
2024-10-07,SKU0113,0,0,20,34
2024-10-14,SKU0113,0,0,20,34
2024-10-21,SKU0113,108,108,20,34
2024-10-28,SKU0113,83,0,20,34
2024-11-04,SKU0113,58,9,20,34
2024-11-11,SKU0113,27,0,20,34
2024-11-18,SKU0113,11,0,20,34
2024-11-25,SKU0113,177,177,20,34
2024-12-02,SKU0113,160,0,20,34
2024-12-09,SKU0113,150,0,20,34
2024-12-16,SKU0113,145,0,20,34
2024-12-23,SKU0113,112,0,20,34
2024-12-30,SKU0113,82,0,20,34
2025-01-06,SKU0113,51,0,20,34
2025-01-13,SKU0113,31,7,20,34
2025-01-20,SKU0113,19,0,20,34
2025-01-27,SKU0113,11,4,20,34
2025-02-03,SKU0113,0,0,20,34
2025-02-10,SKU0113,112,112,20,34
2025-02-17,SKU0113,82,0,20,34
2025-02-24,SKU0113,59,0,20,34
2025-03-03,SKU0113,41,8,20,34
2025-03-10,SKU0113,19,0,20,34
2025-03-17,SKU0113,0,17,20,34
2025-03-24,SKU0113,219,219,20,34
2025-03-31,SKU0113,200,0,20,34
2025-04-07,SKU0113,185,25,20,34
2025-04-14,SKU0113,165,0,20,34
2025-04-21,SKU0113,149,0,20,34
2025-04-28,SKU0113,137,0,20,34
2025-05-05,SKU0113,124,0,20,34
2025-05-12,SKU0113,98,0,20,34
2025-05-19,SKU0113,80,0,20,34
2025-05-26,SKU0113,55,0,20,34
2025-06-02,SKU0113,37,11,20,34
2025-06-09,SKU0113,160,129,20,34
2025-06-16,SKU0113,129,0,20,34
2025-06-23,SKU0113,108,0,20,34
2025-06-30,SKU0113,100,0,20,34
2025-07-07,SKU0113,91,0,20,34
2025-07-14,SKU0113,72,0,20,34
2025-07-21,SKU0113,38,0,20,34
2025-07-28,SKU0113,147,116,20,34
2025-08-04,SKU0113,126,13,20,34
2025-08-11,SKU0113,102,20,20,34
2025-08-18,SKU0113,75,0,20,34
2025-08-25,SKU0113,51,0,20,34
2025-09-01,SKU0113,37,0,20,34
2025-09-08,SKU0113,16,0,20,34
2025-09-15,SKU0113,241,241,20,34
2025-09-22,SKU0113,219,0,20,34
2025-09-29,SKU0113,196,0,20,34
2025-10-06,SKU0113,172,0,20,34
2025-10-13,SKU0113,142,0,20,34
2025-10-20,SKU0113,135,0,20,34
2025-10-27,SKU0113,107,10,20,34
2025-11-03,SKU0113,78,0,20,34
2025-11-10,SKU0113,64,23,20,34
2025-11-17,SKU0113,48,21,20,34
2025-11-24,SKU0113,231,202,20,34
2025-12-01,SKU0113,223,0,20,34
2025-12-08,SKU0113,191,4,20,34
2025-12-15,SKU0113,160,17,20,34
2025-12-22,SKU0113,134,0,20,34
2025-12-29,SKU0113,129,0,20,34
2024-01-01,SKU0114,60,0,19,30
2024-01-08,SKU0114,33,0,19,30
2024-01-15,SKU0114,187,176,19,30
2024-01-22,SKU0114,159,0,19,30
2024-01-29,SKU0114,149,0,19,30
2024-02-05,SKU0114,125,29,19,30
2024-02-12,SKU0114,93,0,19,30
2024-02-19,SKU0114,80,0,19,30
2024-02-26,SKU0114,57,0,19,30
2024-03-04,SKU0114,27,0,19,30
2024-03-11,SKU0114,21,0,19,30
2024-03-18,SKU0114,140,127,19,30
2024-03-25,SKU0114,123,0,19,30
2024-04-01,SKU0114,112,0,19,30
2024-04-08,SKU0114,81,0,19,30
2024-04-15,SKU0114,50,0,19,30
2024-04-22,SKU0114,39,0,19,30
2024-04-29,SKU0114,16,0,19,30
2024-05-06,SKU0114,84,84,19,30
2024-05-13,SKU0114,50,0,19,30
2024-05-20,SKU0114,16,0,19,30
2024-05-27,SKU0114,170,170,19,30
2024-06-03,SKU0114,162,0,19,30
2024-06-10,SKU0114,130,0,19,30
2024-06-17,SKU0114,121,5,19,30
2024-06-24,SKU0114,92,0,19,30
2024-07-01,SKU0114,83,0,19,30
2024-07-08,SKU0114,73,0,19,30
2024-07-15,SKU0114,39,0,19,30
2024-07-22,SKU0114,222,213,19,30
2024-07-29,SKU0114,209,0,19,30
2024-08-05,SKU0114,180,0,19,30
2024-08-12,SKU0114,174,0,19,30
2024-08-19,SKU0114,169,0,19,30
2024-08-26,SKU0114,146,0,19,30
2024-09-02,SKU0114,113,0,19,30
2024-09-09,SKU0114,104,0,19,30
2024-09-16,SKU0114,85,0,19,30
2024-09-23,SKU0114,53,0,19,30
2024-09-30,SKU0114,46,0,19,30
2024-10-07,SKU0114,157,135,19,30
2024-10-14,SKU0114,123,0,19,30
2024-10-21,SKU0114,111,0,19,30
2024-10-28,SKU0114,77,0,19,30
2024-11-04,SKU0114,43,0,19,30
2024-11-11,SKU0114,25,11,19,30
2024-11-18,SKU0114,250,248,19,30
2024-11-25,SKU0114,228,0,19,30
2024-12-02,SKU0114,208,0,19,30
2024-12-09,SKU0114,176,0,19,30
2024-12-16,SKU0114,152,0,19,30
2024-12-23,SKU0114,121,0,19,30
2024-12-30,SKU0114,99,0,19,30
2025-01-06,SKU0114,66,23,19,30
2025-01-13,SKU0114,36,0,19,30
2025-01-20,SKU0114,125,104,19,30
2025-01-27,SKU0114,102,0,19,30
2025-02-03,SKU0114,71,28,19,30
2025-02-10,SKU0114,60,0,19,30
2025-02-17,SKU0114,47,0,19,30
2025-02-24,SKU0114,37,0,19,30
2025-03-03,SKU0114,225,209,19,30
2025-03-10,SKU0114,192,0,19,30
2025-03-17,SKU0114,175,0,19,30
2025-03-24,SKU0114,143,0,19,30
2025-03-31,SKU0114,110,0,19,30
2025-04-07,SKU0114,87,0,19,30
2025-04-14,SKU0114,72,19,19,30
2025-04-21,SKU0114,58,0,19,30
2025-04-28,SKU0114,25,0,19,30
2025-05-05,SKU0114,20,0,19,30
2025-05-12,SKU0114,124,123,19,30
2025-05-19,SKU0114,107,0,19,30
2025-05-26,SKU0114,76,29,19,30
2025-06-02,SKU0114,54,0,19,30
2025-06-09,SKU0114,42,0,19,30
2025-06-16,SKU0114,111,84,19,30
2025-06-23,SKU0114,80,0,19,30
2025-06-30,SKU0114,56,0,19,30
2025-07-07,SKU0114,35,0,19,30
2025-07-14,SKU0114,1,0,19,30
2025-07-21,SKU0114,0,0,19,30
2025-07-28,SKU0114,0,0,19,30
2025-08-04,SKU0114,0,0,19,30
2025-08-11,SKU0114,184,184,19,30
2025-08-18,SKU0114,150,29,19,30
2025-08-25,SKU0114,141,10,19,30
2025-09-01,SKU0114,107,18,19,30
2025-09-08,SKU0114,97,0,19,30
2025-09-15,SKU0114,64,0,19,30
2025-09-22,SKU0114,37,0,19,30
2025-09-29,SKU0114,17,0,19,30
2025-10-06,SKU0114,207,196,19,30
2025-10-13,SKU0114,176,0,19,30
2025-10-20,SKU0114,159,7,19,30
2025-10-27,SKU0114,139,0,19,30
2025-11-03,SKU0114,131,0,19,30
2025-11-10,SKU0114,105,27,19,30
2025-11-17,SKU0114,93,0,19,30
2025-11-24,SKU0114,59,6,19,30
2025-12-01,SKU0114,52,0,19,30
2025-12-08,SKU0114,36,0,19,30
2025-12-15,SKU0114,29,0,19,30
2025-12-22,SKU0114,0,0,19,30
2025-12-29,SKU0114,0,0,19,30
2024-01-01,SKU0115,208,0,25,21
2024-01-08,SKU0115,200,0,25,21
2024-01-15,SKU0115,166,0,25,21
2024-01-22,SKU0115,158,0,25,21
2024-01-29,SKU0115,138,0,25,21
2024-02-05,SKU0115,129,0,25,21
2024-02-12,SKU0115,95,0,25,21
2024-02-19,SKU0115,87,0,25,21
2024-02-26,SKU0115,65,0,25,21
2024-03-04,SKU0115,56,0,25,21
2024-03-11,SKU0115,49,0,25,21
2024-03-18,SKU0115,33,0,25,21
2024-03-25,SKU0115,24,0,25,21
2024-04-01,SKU0115,12,0,25,21
2024-04-08,SKU0115,6,0,25,21
2024-04-15,SKU0115,0,0,25,21
2024-04-22,SKU0115,210,210,25,21
2024-04-29,SKU0115,200,0,25,21
2024-05-06,SKU0115,167,27,25,21
2024-05-13,SKU0115,138,0,25,21
2024-05-20,SKU0115,124,0,25,21
2024-05-27,SKU0115,105,0,25,21
2024-06-03,SKU0115,77,0,25,21
2024-06-10,SKU0115,44,0,25,21
2024-06-17,SKU0115,132,119,25,21
2024-06-24,SKU0115,106,0,25,21
2024-07-01,SKU0115,87,0,25,21
2024-07-08,SKU0115,68,0,25,21
2024-07-15,SKU0115,34,0,25,21
2024-07-22,SKU0115,5,0,25,21
2024-07-29,SKU0115,98,98,25,21
2024-08-05,SKU0115,70,14,25,21
2024-08-12,SKU0115,48,0,25,21
2024-08-19,SKU0115,22,0,25,21
2024-08-26,SKU0115,3,0,25,21
2024-09-02,SKU0115,190,190,25,21
2024-09-09,SKU0115,179,0,25,21
2024-09-16,SKU0115,162,0,25,21
2024-09-23,SKU0115,145,0,25,21
2024-09-30,SKU0115,117,18,25,21
2024-10-07,SKU0115,83,0,25,21
2024-10-14,SKU0115,70,0,25,21
2024-10-21,SKU0115,51,0,25,21
2024-10-28,SKU0115,26,0,25,21
2024-11-04,SKU0115,183,165,25,21
2024-11-11,SKU0115,168,6,25,21
2024-11-18,SKU0115,145,0,25,21
2024-11-25,SKU0115,139,0,25,21
2024-12-02,SKU0115,123,3,25,21
2024-12-09,SKU0115,104,0,25,21
2024-12-16,SKU0115,96,0,25,21
2024-12-23,SKU0115,71,0,25,21
2024-12-30,SKU0115,66,0,25,21
2025-01-06,SKU0115,43,0,25,21
2025-01-13,SKU0115,28,0,25,21
2025-01-20,SKU0115,121,118,25,21
2025-01-27,SKU0115,109,0,25,21
2025-02-03,SKU0115,92,0,25,21
2025-02-10,SKU0115,79,0,25,21
2025-02-17,SKU0115,53,0,25,21
2025-02-24,SKU0115,22,0,25,21
2025-03-03,SKU0115,102,94,25,21
2025-03-10,SKU0115,78,0,25,21
2025-03-17,SKU0115,48,0,25,21
2025-03-24,SKU0115,29,0,25,21
2025-03-31,SKU0115,211,194,25,21
2025-04-07,SKU0115,190,7,25,21
2025-04-14,SKU0115,156,0,25,21
2025-04-21,SKU0115,126,0,25,21
2025-04-28,SKU0115,111,0,25,21
2025-05-05,SKU0115,92,0,25,21
2025-05-12,SKU0115,73,0,25,21
2025-05-19,SKU0115,68,0,25,21
2025-05-26,SKU0115,38,0,25,21
2025-06-02,SKU0115,31,0,25,21
2025-06-09,SKU0115,14,0,25,21
2025-06-16,SKU0115,226,218,25,21
2025-06-23,SKU0115,201,22,25,21
2025-06-30,SKU0115,175,0,25,21
2025-07-07,SKU0115,143,0,25,21
2025-07-14,SKU0115,115,0,25,21
2025-07-21,SKU0115,90,25,25,21
2025-07-28,SKU0115,68,0,25,21
2025-08-04,SKU0115,58,0,25,21
2025-08-11,SKU0115,34,0,25,21
2025-08-18,SKU0115,29,0,25,21
2025-08-25,SKU0115,21,0,25,21
2025-09-01,SKU0115,223,223,25,21
2025-09-08,SKU0115,205,12,25,21
2025-09-15,SKU0115,177,0,25,21
2025-09-22,SKU0115,160,0,25,21
2025-09-29,SKU0115,131,0,25,21
2025-10-06,SKU0115,116,19,25,21
2025-10-13,SKU0115,83,0,25,21
2025-10-20,SKU0115,49,0,25,21
2025-10-27,SKU0115,25,0,25,21
2025-11-03,SKU0115,0,0,25,21
2025-11-10,SKU0115,229,229,25,21
2025-11-17,SKU0115,200,0,25,21
2025-11-24,SKU0115,180,11,25,21
2025-12-01,SKU0115,174,0,25,21
2025-12-08,SKU0115,162,0,25,21
2025-12-15,SKU0115,130,27,25,21
2025-12-22,SKU0115,117,0,25,21
2025-12-29,SKU0115,102,0,25,21
2024-01-01,SKU0116,79,0,7,30
2024-01-08,SKU0116,48,0,7,30
2024-01-15,SKU0116,36,15,7,30
2024-01-22,SKU0116,29,0,7,30
2024-01-29,SKU0116,181,178,7,30
2024-02-05,SKU0116,168,14,7,30
2024-02-12,SKU0116,135,0,7,30
2024-02-19,SKU0116,105,0,7,30
2024-02-26,SKU0116,86,0,7,30
2024-03-04,SKU0116,64,23,7,30
2024-03-11,SKU0116,55,0,7,30
2024-03-18,SKU0116,32,0,7,30
2024-03-25,SKU0116,0,0,7,30
2024-04-01,SKU0116,156,156,7,30
2024-04-08,SKU0116,140,0,7,30
2024-04-15,SKU0116,135,0,7,30
2024-04-22,SKU0116,108,0,7,30
2024-04-29,SKU0116,78,0,7,30
2024-05-06,SKU0116,70,0,7,30
2024-05-13,SKU0116,63,0,7,30
2024-05-20,SKU0116,54,0,7,30
2024-05-27,SKU0116,45,0,7,30
2024-06-03,SKU0116,21,0,7,30
2024-06-10,SKU0116,126,124,7,30
2024-06-17,SKU0116,92,0,7,30
2024-06-24,SKU0116,66,0,7,30
2024-07-01,SKU0116,42,0,7,30
2024-07-08,SKU0116,261,246,7,30
2024-07-15,SKU0116,228,0,7,30
2024-07-22,SKU0116,195,0,7,30
2024-07-29,SKU0116,168,0,7,30
2024-08-05,SKU0116,161,0,7,30
2024-08-12,SKU0116,130,0,7,30
2024-08-19,SKU0116,111,0,7,30
2024-08-26,SKU0116,97,0,7,30
2024-09-02,SKU0116,67,0,7,30
2024-09-09,SKU0116,53,0,7,30
2024-09-16,SKU0116,44,29,7,30
2024-09-23,SKU0116,229,199,7,30
2024-09-30,SKU0116,223,0,7,30
2024-10-07,SKU0116,206,0,7,30
2024-10-14,SKU0116,195,0,7,30
2024-10-21,SKU0116,167,0,7,30
2024-10-28,SKU0116,136,24,7,30
2024-11-04,SKU0116,131,0,7,30
2024-11-11,SKU0116,103,16,7,30
2024-11-18,SKU0116,80,0,7,30
2024-11-25,SKU0116,65,0,7,30
2024-12-02,SKU0116,55,0,7,30
2024-12-09,SKU0116,32,0,7,30
2024-12-16,SKU0116,142,127,7,30
2024-12-23,SKU0116,114,0,7,30
2024-12-30,SKU0116,90,0,7,30
2025-01-06,SKU0116,72,24,7,30
2025-01-13,SKU0116,62,0,7,30
2025-01-20,SKU0116,35,0,7,30
2025-01-27,SKU0116,24,15,7,30
2025-02-03,SKU0116,9,0,7,30
2025-02-10,SKU0116,202,202,7,30
2025-02-17,SKU0116,181,0,7,30
2025-02-24,SKU0116,149,0,7,30
2025-03-03,SKU0116,117,0,7,30
2025-03-10,SKU0116,95,0,7,30
2025-03-17,SKU0116,67,0,7,30
2025-03-24,SKU0116,34,0,7,30
2025-03-31,SKU0116,24,2,7,30
2025-04-07,SKU0116,0,29,7,30
2025-04-14,SKU0116,165,165,7,30
2025-04-21,SKU0116,157,0,7,30
2025-04-28,SKU0116,136,0,7,30
2025-05-05,SKU0116,116,0,7,30
2025-05-12,SKU0116,98,0,7,30
2025-05-19,SKU0116,85,0,7,30
2025-05-26,SKU0116,77,0,7,30
2025-06-02,SKU0116,62,0,7,30
2025-06-09,SKU0116,35,0,7,30
2025-06-16,SKU0116,1,0,7,30
2025-06-23,SKU0116,0,0,7,30
2025-06-30,SKU0116,98,98,7,30
2025-07-07,SKU0116,65,0,7,30
2025-07-14,SKU0116,53,0,7,30
2025-07-21,SKU0116,271,249,7,30
2025-07-28,SKU0116,254,26,7,30
2025-08-04,SKU0116,244,0,7,30
2025-08-11,SKU0116,216,0,7,30
2025-08-18,SKU0116,211,0,7,30
2025-08-25,SKU0116,203,0,7,30
2025-09-01,SKU0116,184,20,7,30
2025-09-08,SKU0116,162,0,7,30
2025-09-15,SKU0116,150,0,7,30
2025-09-22,SKU0116,127,0,7,30
2025-09-29,SKU0116,98,0,7,30
2025-10-06,SKU0116,80,0,7,30
2025-10-13,SKU0116,52,23,7,30
2025-10-20,SKU0116,40,0,7,30
2025-10-27,SKU0116,268,241,7,30
2025-11-03,SKU0116,235,0,7,30
2025-11-10,SKU0116,220,0,7,30
2025-11-17,SKU0116,193,0,7,30
2025-11-24,SKU0116,186,0,7,30
2025-12-01,SKU0116,180,0,7,30
2025-12-08,SKU0116,160,0,7,30
2025-12-15,SKU0116,146,0,7,30
2025-12-22,SKU0116,117,15,7,30
2025-12-29,SKU0116,108,27,7,30
2024-01-01,SKU0117,151,0,29,15
2024-01-08,SKU0117,135,0,29,15
2024-01-15,SKU0117,103,0,29,15
2024-01-22,SKU0117,90,2,29,15
2024-01-29,SKU0117,62,0,29,15
2024-02-05,SKU0117,47,18,29,15
2024-02-12,SKU0117,27,0,29,15
2024-02-19,SKU0117,240,225,29,15
2024-02-26,SKU0117,220,15,29,15
2024-03-04,SKU0117,208,0,29,15
2024-03-11,SKU0117,196,0,29,15
2024-03-18,SKU0117,184,0,29,15
2024-03-25,SKU0117,172,0,29,15
2024-04-01,SKU0117,146,13,29,15
2024-04-08,SKU0117,113,0,29,15
2024-04-15,SKU0117,104,0,29,15
2024-04-22,SKU0117,95,0,29,15
2024-04-29,SKU0117,65,0,29,15
2024-05-06,SKU0117,40,0,29,15
2024-05-13,SKU0117,23,21,29,15
2024-05-20,SKU0117,197,197,29,15
2024-05-27,SKU0117,165,7,29,15
2024-06-03,SKU0117,136,17,29,15
2024-06-10,SKU0117,107,0,29,15
2024-06-17,SKU0117,96,0,29,15
2024-06-24,SKU0117,91,5,29,15
2024-07-01,SKU0117,70,0,29,15
2024-07-08,SKU0117,52,0,29,15
2024-07-15,SKU0117,25,0,29,15
2024-07-22,SKU0117,4,0,29,15
2024-07-29,SKU0117,170,170,29,15
2024-08-05,SKU0117,152,0,29,15
2024-08-12,SKU0117,122,0,29,15
2024-08-19,SKU0117,104,0,29,15
2024-08-26,SKU0117,89,0,29,15
2024-09-02,SKU0117,66,4,29,15
2024-09-09,SKU0117,61,0,29,15
2024-09-16,SKU0117,28,0,29,15
2024-09-23,SKU0117,101,94,29,15
2024-09-30,SKU0117,90,0,29,15
2024-10-07,SKU0117,71,21,29,15
2024-10-14,SKU0117,41,0,29,15
2024-10-21,SKU0117,16,0,29,15
2024-10-28,SKU0117,11,0,29,15
2024-11-04,SKU0117,154,148,29,15
2024-11-11,SKU0117,126,0,29,15
2024-11-18,SKU0117,119,12,29,15
2024-11-25,SKU0117,105,8,29,15
2024-12-02,SKU0117,92,0,29,15
2024-12-09,SKU0117,59,12,29,15
2024-12-16,SKU0117,39,0,29,15
2024-12-23,SKU0117,98,85,29,15
2024-12-30,SKU0117,82,0,29,15
2025-01-06,SKU0117,74,0,29,15
2025-01-13,SKU0117,69,0,29,15
2025-01-20,SKU0117,52,0,29,15
2025-01-27,SKU0117,24,0,29,15
2025-02-03,SKU0117,218,210,29,15
2025-02-10,SKU0117,185,8,29,15
2025-02-17,SKU0117,163,12,29,15
2025-02-24,SKU0117,147,0,29,15
2025-03-03,SKU0117,116,0,29,15
2025-03-10,SKU0117,89,0,29,15
2025-03-17,SKU0117,59,0,29,15
2025-03-24,SKU0117,47,0,29,15
2025-03-31,SKU0117,20,0,29,15
2025-04-07,SKU0117,129,129,29,15
2025-04-14,SKU0117,108,20,29,15
2025-04-21,SKU0117,102,0,29,15
2025-04-28,SKU0117,68,0,29,15
2025-05-05,SKU0117,58,0,29,15
2025-05-12,SKU0117,39,11,29,15
2025-05-19,SKU0117,27,0,29,15
2025-05-26,SKU0117,17,0,29,15
2025-06-02,SKU0117,215,215,29,15
2025-06-09,SKU0117,201,0,29,15
2025-06-16,SKU0117,168,0,29,15
2025-06-23,SKU0117,140,0,29,15
2025-06-30,SKU0117,107,0,29,15
2025-07-07,SKU0117,76,0,29,15
2025-07-14,SKU0117,60,26,29,15
2025-07-21,SKU0117,47,0,29,15
2025-07-28,SKU0117,34,0,29,15
2025-08-04,SKU0117,131,126,29,15
2025-08-11,SKU0117,98,15,29,15
2025-08-18,SKU0117,70,4,29,15
2025-08-25,SKU0117,44,0,29,15
2025-09-01,SKU0117,31,0,29,15
2025-09-08,SKU0117,19,0,29,15
2025-09-15,SKU0117,169,160,29,15
2025-09-22,SKU0117,152,0,29,15
2025-09-29,SKU0117,146,0,29,15
2025-10-06,SKU0117,133,0,29,15
2025-10-13,SKU0117,116,0,29,15
2025-10-20,SKU0117,101,9,29,15
2025-10-27,SKU0117,89,0,29,15
2025-11-03,SKU0117,72,0,29,15
2025-11-10,SKU0117,49,0,29,15
2025-11-17,SKU0117,27,0,29,15
2025-11-24,SKU0117,17,0,29,15
2025-12-01,SKU0117,222,218,29,15
2025-12-08,SKU0117,190,0,29,15
2025-12-15,SKU0117,164,25,29,15
2025-12-22,SKU0117,149,0,29,15
2025-12-29,SKU0117,119,0,29,15
2024-01-01,SKU0118,249,0,18,50
2024-01-08,SKU0118,216,0,18,50
2024-01-15,SKU0118,188,0,18,50
2024-01-22,SKU0118,174,0,18,50
2024-01-29,SKU0118,164,0,18,50
2024-02-05,SKU0118,134,0,18,50
2024-02-12,SKU0118,111,0,18,50
2024-02-19,SKU0118,104,0,18,50
2024-02-26,SKU0118,88,19,18,50
2024-03-04,SKU0118,54,0,18,50
2024-03-11,SKU0118,48,0,18,50
2024-03-18,SKU0118,191,174,18,50
2024-03-25,SKU0118,162,0,18,50
2024-04-01,SKU0118,128,0,18,50
2024-04-08,SKU0118,98,0,18,50
2024-04-15,SKU0118,84,0,18,50
2024-04-22,SKU0118,63,0,18,50
2024-04-29,SKU0118,29,0,18,50
2024-05-06,SKU0118,133,127,18,50
2024-05-13,SKU0118,126,0,18,50
2024-05-20,SKU0118,94,0,18,50
2024-05-27,SKU0118,71,19,18,50
2024-06-03,SKU0118,66,0,18,50
2024-06-10,SKU0118,54,20,18,50
2024-06-17,SKU0118,136,92,18,50
2024-06-24,SKU0118,105,0,18,50
2024-07-01,SKU0118,76,0,18,50
2024-07-08,SKU0118,65,0,18,50
2024-07-15,SKU0118,127,86,18,50
2024-07-22,SKU0118,113,0,18,50
2024-07-29,SKU0118,91,0,18,50
2024-08-05,SKU0118,57,0,18,50
2024-08-12,SKU0118,250,217,18,50
2024-08-19,SKU0118,218,0,18,50
2024-08-26,SKU0118,201,0,18,50
2024-09-02,SKU0118,195,0,18,50
2024-09-09,SKU0118,186,0,18,50
2024-09-16,SKU0118,152,0,18,50
2024-09-23,SKU0118,126,0,18,50
2024-09-30,SKU0118,97,0,18,50
2024-10-07,SKU0118,87,0,18,50
2024-10-14,SKU0118,76,0,18,50
2024-10-21,SKU0118,47,28,18,50
2024-10-28,SKU0118,33,14,18,50
2024-11-04,SKU0118,192,168,18,50
2024-11-11,SKU0118,182,29,18,50
2024-11-18,SKU0118,168,0,18,50
2024-11-25,SKU0118,144,0,18,50
2024-12-02,SKU0118,138,0,18,50
2024-12-09,SKU0118,104,0,18,50
2024-12-16,SKU0118,84,11,18,50
2024-12-23,SKU0118,78,0,18,50
2024-12-30,SKU0118,52,0,18,50
2025-01-06,SKU0118,264,246,18,50
2025-01-13,SKU0118,230,0,18,50
2025-01-20,SKU0118,205,0,18,50
2025-01-27,SKU0118,177,0,18,50
2025-02-03,SKU0118,146,0,18,50
2025-02-10,SKU0118,124,0,18,50
2025-02-17,SKU0118,117,0,18,50
2025-02-24,SKU0118,100,0,18,50
2025-03-03,SKU0118,68,0,18,50
2025-03-10,SKU0118,46,0,18,50
2025-03-17,SKU0118,198,178,18,50
2025-03-24,SKU0118,188,0,18,50
2025-03-31,SKU0118,159,12,18,50
2025-04-07,SKU0118,133,0,18,50
2025-04-14,SKU0118,126,0,18,50
2025-04-21,SKU0118,118,0,18,50
2025-04-28,SKU0118,105,0,18,50
2025-05-05,SKU0118,75,6,18,50
2025-05-12,SKU0118,63,0,18,50
2025-05-19,SKU0118,54,0,18,50
2025-05-26,SKU0118,133,85,18,50
2025-06-02,SKU0118,105,0,18,50
2025-06-09,SKU0118,95,25,18,50
2025-06-16,SKU0118,87,0,18,50
2025-06-23,SKU0118,64,0,18,50
2025-06-30,SKU0118,141,102,18,50
2025-07-07,SKU0118,111,0,18,50
2025-07-14,SKU0118,88,0,18,50
2025-07-21,SKU0118,65,0,18,50
2025-07-28,SKU0118,35,0,18,50
2025-08-04,SKU0118,107,95,18,50
2025-08-11,SKU0118,87,0,18,50
2025-08-18,SKU0118,58,0,18,50
2025-08-25,SKU0118,142,100,18,50
2025-09-01,SKU0118,112,0,18,50
2025-09-08,SKU0118,84,0,18,50
2025-09-15,SKU0118,79,0,18,50
2025-09-22,SKU0118,72,0,18,50
2025-09-29,SKU0118,57,0,18,50
2025-10-06,SKU0118,25,16,18,50
2025-10-13,SKU0118,153,153,18,50
2025-10-20,SKU0118,119,27,18,50
2025-10-27,SKU0118,94,0,18,50
2025-11-03,SKU0118,70,0,18,50
2025-11-10,SKU0118,58,0,18,50
2025-11-17,SKU0118,53,0,18,50
2025-11-24,SKU0118,185,155,18,50
2025-12-01,SKU0118,175,0,18,50
2025-12-08,SKU0118,146,0,18,50
2025-12-15,SKU0118,137,0,18,50
2025-12-22,SKU0118,117,27,18,50
2025-12-29,SKU0118,85,0,18,50
2024-01-01,SKU0119,105,0,28,30
2024-01-08,SKU0119,79,0,28,30
2024-01-15,SKU0119,58,0,28,30
2024-01-22,SKU0119,41,0,28,30
2024-01-29,SKU0119,162,142,28,30
2024-02-05,SKU0119,142,0,28,30
2024-02-12,SKU0119,127,0,28,30
2024-02-19,SKU0119,106,0,28,30
2024-02-26,SKU0119,75,0,28,30
2024-03-04,SKU0119,70,0,28,30
2024-03-11,SKU0119,39,0,28,30
2024-03-18,SKU0119,18,0,28,30
2024-03-25,SKU0119,99,99,28,30
2024-04-01,SKU0119,68,0,28,30
2024-04-08,SKU0119,39,0,28,30
2024-04-15,SKU0119,6,0,28,30
2024-04-22,SKU0119,191,191,28,30
2024-04-29,SKU0119,171,0,28,30
2024-05-06,SKU0119,141,0,28,30
2024-05-13,SKU0119,135,0,28,30
2024-05-20,SKU0119,101,0,28,30
2024-05-27,SKU0119,69,0,28,30
2024-06-03,SKU0119,55,0,28,30
2024-06-10,SKU0119,42,0,28,30
2024-06-17,SKU0119,168,141,28,30
2024-06-24,SKU0119,162,0,28,30
2024-07-01,SKU0119,157,9,28,30
2024-07-08,SKU0119,130,2,28,30
2024-07-15,SKU0119,100,0,28,30
2024-07-22,SKU0119,94,0,28,30
2024-07-29,SKU0119,88,0,28,30
2024-08-05,SKU0119,72,29,28,30
2024-08-12,SKU0119,46,0,28,30
2024-08-19,SKU0119,32,3,28,30
2024-08-26,SKU0119,212,186,28,30
2024-09-02,SKU0119,204,0,28,30
2024-09-09,SKU0119,196,0,28,30
2024-09-16,SKU0119,175,0,28,30
2024-09-23,SKU0119,164,22,28,30
2024-09-30,SKU0119,150,0,28,30
2024-10-07,SKU0119,120,0,28,30
2024-10-14,SKU0119,97,0,28,30
2024-10-21,SKU0119,85,0,28,30
2024-10-28,SKU0119,61,0,28,30
2024-11-04,SKU0119,52,0,28,30
2024-11-11,SKU0119,35,0,28,30
2024-11-18,SKU0119,214,209,28,30
2024-11-25,SKU0119,204,0,28,30
2024-12-02,SKU0119,185,0,28,30
2024-12-09,SKU0119,175,0,28,30
2024-12-16,SKU0119,168,0,28,30
2024-12-23,SKU0119,160,0,28,30
2024-12-30,SKU0119,126,12,28,30
2025-01-06,SKU0119,111,0,28,30
2025-01-13,SKU0119,88,0,28,30
2025-01-20,SKU0119,81,0,28,30
2025-01-27,SKU0119,66,0,28,30
2025-02-03,SKU0119,49,18,28,30
2025-02-10,SKU0119,136,107,28,30
2025-02-17,SKU0119,121,0,28,30
2025-02-24,SKU0119,99,0,28,30
2025-03-03,SKU0119,82,0,28,30
2025-03-10,SKU0119,51,0,28,30
2025-03-17,SKU0119,36,0,28,30
2025-03-24,SKU0119,163,140,28,30
2025-03-31,SKU0119,151,0,28,30
2025-04-07,SKU0119,122,0,28,30
2025-04-14,SKU0119,103,0,28,30
2025-04-21,SKU0119,84,9,28,30
2025-04-28,SKU0119,74,0,28,30
2025-05-05,SKU0119,54,0,28,30
2025-05-12,SKU0119,44,0,28,30
2025-05-19,SKU0119,101,83,28,30
2025-05-26,SKU0119,92,0,28,30
2025-06-02,SKU0119,68,0,28,30
2025-06-09,SKU0119,57,4,28,30
2025-06-16,SKU0119,26,0,28,30
2025-06-23,SKU0119,243,243,28,30
2025-06-30,SKU0119,213,0,28,30
2025-07-07,SKU0119,193,3,28,30
2025-07-14,SKU0119,172,0,28,30
2025-07-21,SKU0119,164,0,28,30
2025-07-28,SKU0119,152,8,28,30
2025-08-04,SKU0119,136,0,28,30
2025-08-11,SKU0119,128,0,28,30
2025-08-18,SKU0119,113,0,28,30
2025-08-25,SKU0119,93,0,28,30
2025-09-01,SKU0119,78,0,28,30
2025-09-08,SKU0119,56,15,28,30
2025-09-15,SKU0119,37,0,28,30
2025-09-22,SKU0119,103,88,28,30
2025-09-29,SKU0119,84,0,28,30
2025-10-06,SKU0119,53,0,28,30
2025-10-13,SKU0119,19,5,28,30
2025-10-20,SKU0119,140,127,28,30
2025-10-27,SKU0119,134,0,28,30
2025-11-03,SKU0119,116,0,28,30
2025-11-10,SKU0119,99,0,28,30
2025-11-17,SKU0119,81,0,28,30
2025-11-24,SKU0119,50,18,28,30
2025-12-01,SKU0119,136,112,28,30
2025-12-08,SKU0119,117,0,28,30
2025-12-15,SKU0119,91,0,28,30
2025-12-22,SKU0119,82,0,28,30
2025-12-29,SKU0119,67,0,28,30
2024-01-01,SKU0120,246,0,10,20
2024-01-08,SKU0120,212,24,10,20
2024-01-15,SKU0120,191,0,10,20
2024-01-22,SKU0120,184,0,10,20
2024-01-29,SKU0120,172,0,10,20
2024-02-05,SKU0120,143,0,10,20
2024-02-12,SKU0120,122,0,10,20
2024-02-19,SKU0120,114,0,10,20
2024-02-26,SKU0120,107,0,10,20
2024-03-04,SKU0120,81,0,10,20
2024-03-11,SKU0120,58,0,10,20
2024-03-18,SKU0120,49,0,10,20
2024-03-25,SKU0120,37,0,10,20
2024-04-01,SKU0120,7,0,10,20
2024-04-08,SKU0120,119,119,10,20
2024-04-15,SKU0120,89,12,10,20
2024-04-22,SKU0120,82,0,10,20
2024-04-29,SKU0120,55,0,10,20
2024-05-06,SKU0120,25,0,10,20
2024-05-13,SKU0120,15,0,10,20
2024-05-20,SKU0120,10,0,10,20
2024-05-27,SKU0120,0,0,10,20
2024-06-03,SKU0120,0,0,10,20
2024-06-10,SKU0120,117,117,10,20
2024-06-17,SKU0120,100,0,10,20
2024-06-24,SKU0120,83,0,10,20
2024-07-01,SKU0120,63,0,10,20
2024-07-08,SKU0120,36,0,10,20
2024-07-15,SKU0120,23,0,10,20
2024-07-22,SKU0120,13,0,10,20
2024-07-29,SKU0120,8,0,10,20
2024-08-05,SKU0120,0,0,10,20
2024-08-12,SKU0120,179,179,10,20
2024-08-19,SKU0120,148,0,10,20
2024-08-26,SKU0120,120,0,10,20
2024-09-02,SKU0120,93,0,10,20
2024-09-09,SKU0120,87,0,10,20
2024-09-16,SKU0120,81,21,10,20
2024-09-23,SKU0120,60,0,10,20
2024-09-30,SKU0120,32,0,10,20
2024-10-07,SKU0120,12,0,10,20
2024-10-14,SKU0120,218,218,10,20
2024-10-21,SKU0120,185,0,10,20
2024-10-28,SKU0120,154,26,10,20
2024-11-04,SKU0120,146,0,10,20
2024-11-11,SKU0120,122,0,10,20
2024-11-18,SKU0120,93,0,10,20
2024-11-25,SKU0120,74,0,10,20
2024-12-02,SKU0120,64,0,10,20
2024-12-09,SKU0120,49,0,10,20
2024-12-16,SKU0120,38,0,10,20
2024-12-23,SKU0120,31,0,10,20
2024-12-30,SKU0120,147,140,10,20
2025-01-06,SKU0120,129,0,10,20
2025-01-13,SKU0120,95,0,10,20
2025-01-20,SKU0120,77,0,10,20
2025-01-27,SKU0120,62,0,10,20
2025-02-03,SKU0120,56,12,10,20
2025-02-10,SKU0120,27,0,10,20
2025-02-17,SKU0120,22,0,10,20
2025-02-24,SKU0120,166,154,10,20
2025-03-03,SKU0120,161,0,10,20
2025-03-10,SKU0120,143,0,10,20
2025-03-17,SKU0120,133,0,10,20
2025-03-24,SKU0120,104,0,10,20
2025-03-31,SKU0120,80,0,10,20
2025-04-07,SKU0120,62,0,10,20
2025-04-14,SKU0120,37,0,10,20
2025-04-21,SKU0120,16,0,10,20
2025-04-28,SKU0120,157,152,10,20
2025-05-05,SKU0120,138,0,10,20
2025-05-12,SKU0120,108,13,10,20
2025-05-19,SKU0120,94,0,10,20
2025-05-26,SKU0120,67,0,10,20
2025-06-02,SKU0120,41,14,10,20
2025-06-09,SKU0120,30,0,10,20
2025-06-16,SKU0120,103,99,10,20
2025-06-23,SKU0120,69,0,10,20
2025-06-30,SKU0120,48,0,10,20
2025-07-07,SKU0120,18,0,10,20
2025-07-14,SKU0120,192,180,10,20
2025-07-21,SKU0120,161,0,10,20
2025-07-28,SKU0120,146,24,10,20
2025-08-04,SKU0120,141,29,10,20
2025-08-11,SKU0120,124,16,10,20
2025-08-18,SKU0120,117,12,10,20
2025-08-25,SKU0120,95,5,10,20
2025-09-01,SKU0120,84,0,10,20
2025-09-08,SKU0120,79,0,10,20
2025-09-15,SKU0120,66,0,10,20
2025-09-22,SKU0120,60,0,10,20
2025-09-29,SKU0120,47,0,10,20
2025-10-06,SKU0120,35,0,10,20
2025-10-13,SKU0120,15,0,10,20
2025-10-20,SKU0120,0,0,10,20
2025-10-27,SKU0120,248,248,10,20
2025-11-03,SKU0120,230,0,10,20
2025-11-10,SKU0120,205,0,10,20
2025-11-17,SKU0120,178,0,10,20
2025-11-24,SKU0120,157,0,10,20
2025-12-01,SKU0120,146,0,10,20
2025-12-08,SKU0120,118,21,10,20
2025-12-15,SKU0120,96,0,10,20
2025-12-22,SKU0120,79,0,10,20
2025-12-29,SKU0120,65,27,10,20
2024-01-01,SKU0121,60,0,16,18
2024-01-08,SKU0121,47,0,16,18
2024-01-15,SKU0121,192,176,16,18
2024-01-22,SKU0121,167,8,16,18
2024-01-29,SKU0121,137,0,16,18
2024-02-05,SKU0121,109,0,16,18
2024-02-12,SKU0121,95,0,16,18
2024-02-19,SKU0121,87,0,16,18
2024-02-26,SKU0121,54,0,16,18
2024-03-04,SKU0121,36,0,16,18
2024-03-11,SKU0121,26,0,16,18
2024-03-18,SKU0121,6,0,16,18
2024-03-25,SKU0121,0,0,16,18
2024-04-01,SKU0121,0,0,16,18
2024-04-08,SKU0121,179,179,16,18
2024-04-15,SKU0121,148,0,16,18
2024-04-22,SKU0121,127,0,16,18
2024-04-29,SKU0121,109,24,16,18
2024-05-06,SKU0121,80,0,16,18
2024-05-13,SKU0121,60,0,16,18
2024-05-20,SKU0121,54,0,16,18
2024-05-27,SKU0121,47,0,16,18
2024-06-03,SKU0121,36,0,16,18
2024-06-10,SKU0121,218,216,16,18
2024-06-17,SKU0121,189,0,16,18
2024-06-24,SKU0121,179,0,16,18
2024-07-01,SKU0121,165,0,16,18
2024-07-08,SKU0121,154,5,16,18
2024-07-15,SKU0121,135,0,16,18
2024-07-22,SKU0121,104,0,16,18
2024-07-29,SKU0121,99,0,16,18
2024-08-05,SKU0121,80,0,16,18
2024-08-12,SKU0121,62,20,16,18
2024-08-19,SKU0121,56,0,16,18
2024-08-26,SKU0121,40,0,16,18
2024-09-02,SKU0121,20,0,16,18
2024-09-09,SKU0121,123,123,16,18
2024-09-16,SKU0121,90,0,16,18
2024-09-23,SKU0121,61,0,16,18
2024-09-30,SKU0121,33,0,16,18
2024-10-07,SKU0121,28,0,16,18
2024-10-14,SKU0121,0,0,16,18
2024-10-21,SKU0121,237,237,16,18
2024-10-28,SKU0121,210,0,16,18
2024-11-04,SKU0121,202,0,16,18
2024-11-11,SKU0121,192,27,16,18
2024-11-18,SKU0121,183,17,16,18
2024-11-25,SKU0121,162,0,16,18
2024-12-02,SKU0121,143,0,16,18
2024-12-09,SKU0121,123,0,16,18
2024-12-16,SKU0121,89,0,16,18
2024-12-23,SKU0121,79,0,16,18
2024-12-30,SKU0121,61,0,16,18
2025-01-06,SKU0121,40,0,16,18
2025-01-13,SKU0121,124,112,16,18
2025-01-20,SKU0121,98,28,16,18
2025-01-27,SKU0121,88,0,16,18
2025-02-03,SKU0121,80,0,16,18
2025-02-10,SKU0121,60,17,16,18
2025-02-17,SKU0121,44,0,16,18
2025-02-24,SKU0121,18,0,16,18
2025-03-03,SKU0121,82,82,16,18
2025-03-10,SKU0121,76,0,16,18
2025-03-17,SKU0121,65,0,16,18
2025-03-24,SKU0121,57,12,16,18
2025-03-31,SKU0121,28,12,16,18
2025-04-07,SKU0121,137,137,16,18
2025-04-14,SKU0121,108,0,16,18
2025-04-21,SKU0121,79,23,16,18
2025-04-28,SKU0121,72,9,16,18
2025-05-05,SKU0121,61,0,16,18
2025-05-12,SKU0121,34,0,16,18
2025-05-19,SKU0121,18,7,16,18
2025-05-26,SKU0121,228,219,16,18
2025-06-02,SKU0121,219,0,16,18
2025-06-09,SKU0121,212,2,16,18
2025-06-16,SKU0121,190,0,16,18
2025-06-23,SKU0121,182,20,16,18
2025-06-30,SKU0121,148,0,16,18
2025-07-07,SKU0121,118,0,16,18
2025-07-14,SKU0121,103,0,16,18
2025-07-21,SKU0121,84,0,16,18
2025-07-28,SKU0121,67,0,16,18
2025-08-04,SKU0121,60,9,16,18
2025-08-11,SKU0121,47,0,16,18
2025-08-18,SKU0121,22,0,16,18
2025-08-25,SKU0121,239,239,16,18
2025-09-01,SKU0121,207,0,16,18
2025-09-08,SKU0121,176,0,16,18
2025-09-15,SKU0121,156,0,16,18
2025-09-22,SKU0121,133,0,16,18
2025-09-29,SKU0121,117,15,16,18
2025-10-06,SKU0121,94,0,16,18
2025-10-13,SKU0121,82,0,16,18
2025-10-20,SKU0121,49,0,16,18
2025-10-27,SKU0121,40,0,16,18
2025-11-03,SKU0121,8,3,16,18
2025-11-10,SKU0121,109,109,16,18
2025-11-17,SKU0121,81,0,16,18
2025-11-24,SKU0121,64,0,16,18
2025-12-01,SKU0121,36,0,16,18
2025-12-08,SKU0121,27,0,16,18
2025-12-15,SKU0121,216,206,16,18
2025-12-22,SKU0121,194,0,16,18
2025-12-29,SKU0121,175,0,16,18
2024-01-01,SKU0122,169,0,27,32
2024-01-08,SKU0122,155,15,27,32
2024-01-15,SKU0122,125,11,27,32
2024-01-22,SKU0122,110,0,27,32
2024-01-29,SKU0122,96,0,27,32
2024-02-05,SKU0122,69,0,27,32
2024-02-12,SKU0122,62,0,27,32
2024-02-19,SKU0122,48,0,27,32
2024-02-26,SKU0122,254,237,27,32
2024-03-04,SKU0122,241,0,27,32
2024-03-11,SKU0122,208,0,27,32
2024-03-18,SKU0122,185,0,27,32
2024-03-25,SKU0122,157,0,27,32
2024-04-01,SKU0122,134,11,27,32
2024-04-08,SKU0122,101,0,27,32
2024-04-15,SKU0122,74,0,27,32
2024-04-22,SKU0122,47,26,27,32
2024-04-29,SKU0122,138,117,27,32
2024-05-06,SKU0122,123,0,27,32
2024-05-13,SKU0122,115,0,27,32
2024-05-20,SKU0122,81,0,27,32
2024-05-27,SKU0122,55,0,27,32
2024-06-03,SKU0122,31,0,27,32
2024-06-10,SKU0122,8,8,27,32
2024-06-17,SKU0122,112,112,27,32
2024-06-24,SKU0122,95,0,27,32
2024-07-01,SKU0122,67,9,27,32
2024-07-08,SKU0122,42,0,27,32
2024-07-15,SKU0122,32,0,27,32
2024-07-22,SKU0122,225,219,27,32
2024-07-29,SKU0122,191,0,27,32
2024-08-05,SKU0122,163,0,27,32
2024-08-12,SKU0122,145,0,27,32
2024-08-19,SKU0122,111,9,27,32
2024-08-26,SKU0122,81,4,27,32
2024-09-02,SKU0122,49,0,27,32
2024-09-09,SKU0122,15,0,27,32
2024-09-16,SKU0122,240,234,27,32
2024-09-23,SKU0122,212,0,27,32
2024-09-30,SKU0122,195,0,27,32
2024-10-07,SKU0122,176,28,27,32
2024-10-14,SKU0122,162,0,27,32
2024-10-21,SKU0122,146,0,27,32
2024-10-28,SKU0122,135,0,27,32
2024-11-04,SKU0122,104,0,27,32
2024-11-11,SKU0122,75,0,27,32
2024-11-18,SKU0122,50,0,27,32
2024-11-25,SKU0122,268,249,27,32
2024-12-02,SKU0122,250,2,27,32
2024-12-09,SKU0122,243,0,27,32
2024-12-16,SKU0122,225,0,27,32
2024-12-23,SKU0122,202,0,27,32
2024-12-30,SKU0122,181,0,27,32
2025-01-06,SKU0122,164,28,27,32
2025-01-13,SKU0122,154,18,27,32
2025-01-20,SKU0122,120,0,27,32
2025-01-27,SKU0122,93,0,27,32
2025-02-03,SKU0122,63,0,27,32
2025-02-10,SKU0122,42,0,27,32
2025-02-17,SKU0122,36,0,27,32
2025-02-24,SKU0122,139,115,27,32
2025-03-03,SKU0122,110,10,27,32
2025-03-10,SKU0122,89,0,27,32
2025-03-17,SKU0122,62,0,27,32
2025-03-24,SKU0122,165,133,27,32
2025-03-31,SKU0122,135,0,27,32
2025-04-07,SKU0122,109,7,27,32
2025-04-14,SKU0122,76,7,27,32
2025-04-21,SKU0122,70,20,27,32
2025-04-28,SKU0122,56,17,27,32
2025-05-05,SKU0122,41,0,27,32
2025-05-12,SKU0122,138,123,27,32
2025-05-19,SKU0122,114,0,27,32
2025-05-26,SKU0122,102,0,27,32
2025-06-02,SKU0122,68,0,27,32
2025-06-09,SKU0122,34,0,27,32
2025-06-16,SKU0122,227,216,27,32
2025-06-23,SKU0122,222,13,27,32
2025-06-30,SKU0122,193,28,27,32
2025-07-07,SKU0122,183,0,27,32
2025-07-14,SKU0122,170,0,27,32
2025-07-21,SKU0122,137,0,27,32
2025-07-28,SKU0122,132,0,27,32
2025-08-04,SKU0122,122,11,27,32
2025-08-11,SKU0122,109,0,27,32
2025-08-18,SKU0122,77,0,27,32
2025-08-25,SKU0122,66,0,27,32
2025-09-01,SKU0122,51,6,27,32
2025-09-08,SKU0122,119,92,27,32
2025-09-15,SKU0122,113,0,27,32
2025-09-22,SKU0122,81,8,27,32
2025-09-29,SKU0122,74,0,27,32
2025-10-06,SKU0122,51,0,27,32
2025-10-13,SKU0122,171,149,27,32
2025-10-20,SKU0122,151,3,27,32
2025-10-27,SKU0122,123,0,27,32
2025-11-03,SKU0122,112,20,27,32
2025-11-10,SKU0122,106,0,27,32
2025-11-17,SKU0122,78,0,27,32
2025-11-24,SKU0122,70,0,27,32
2025-12-01,SKU0122,60,5,27,32
2025-12-08,SKU0122,36,0,27,32
2025-12-15,SKU0122,171,145,27,32
2025-12-22,SKU0122,150,0,27,32
2025-12-29,SKU0122,135,0,27,32
2024-01-01,SKU0123,116,0,8,30
2024-01-08,SKU0123,101,8,8,30
2024-01-15,SKU0123,70,21,8,30
2024-01-22,SKU0123,55,0,8,30
2024-01-29,SKU0123,107,84,8,30
2024-02-05,SKU0123,77,0,8,30
2024-02-12,SKU0123,64,0,8,30
2024-02-19,SKU0123,42,0,8,30
2024-02-26,SKU0123,125,103,8,30
2024-03-04,SKU0123,102,0,8,30
2024-03-11,SKU0123,94,0,8,30
2024-03-18,SKU0123,70,0,8,30
2024-03-25,SKU0123,61,0,8,30
2024-04-01,SKU0123,151,123,8,30
2024-04-08,SKU0123,117,0,8,30
2024-04-15,SKU0123,103,0,8,30
2024-04-22,SKU0123,84,0,8,30
2024-04-29,SKU0123,62,0,8,30
2024-05-06,SKU0123,30,0,8,30
2024-05-13,SKU0123,1,0,8,30
2024-05-20,SKU0123,86,86,8,30
2024-05-27,SKU0123,75,0,8,30
2024-06-03,SKU0123,55,0,8,30
2024-06-10,SKU0123,37,0,8,30
2024-06-17,SKU0123,9,0,8,30
2024-06-24,SKU0123,123,123,8,30
2024-07-01,SKU0123,102,12,8,30
2024-07-08,SKU0123,84,0,8,30
2024-07-15,SKU0123,73,25,8,30
2024-07-22,SKU0123,62,0,8,30
2024-07-29,SKU0123,29,10,8,30
2024-08-05,SKU0123,18,0,8,30
2024-08-12,SKU0123,206,206,8,30
2024-08-19,SKU0123,182,0,8,30
2024-08-26,SKU0123,149,0,8,30
2024-09-02,SKU0123,132,4,8,30
2024-09-09,SKU0123,126,0,8,30
2024-09-16,SKU0123,112,0,8,30
2024-09-23,SKU0123,104,20,8,30
2024-09-30,SKU0123,89,0,8,30
2024-10-07,SKU0123,83,0,8,30
2024-10-14,SKU0123,64,0,8,30
2024-10-21,SKU0123,31,0,8,30
2024-10-28,SKU0123,20,15,8,30
2024-11-04,SKU0123,197,185,8,30
2024-11-11,SKU0123,169,0,8,30
2024-11-18,SKU0123,148,0,8,30
2024-11-25,SKU0123,141,0,8,30
2024-12-02,SKU0123,129,0,8,30
2024-12-09,SKU0123,105,0,8,30
2024-12-16,SKU0123,89,0,8,30
2024-12-23,SKU0123,65,0,8,30
2024-12-30,SKU0123,47,0,8,30
2025-01-06,SKU0123,36,0,8,30
2025-01-13,SKU0123,6,0,8,30
2025-01-20,SKU0123,133,133,8,30
2025-01-27,SKU0123,105,10,8,30
2025-02-03,SKU0123,82,0,8,30
2025-02-10,SKU0123,71,0,8,30
2025-02-17,SKU0123,41,0,8,30
2025-02-24,SKU0123,26,0,8,30
2025-03-03,SKU0123,204,196,8,30
2025-03-10,SKU0123,183,0,8,30
2025-03-17,SKU0123,168,0,8,30
2025-03-24,SKU0123,151,0,8,30
2025-03-31,SKU0123,125,0,8,30
2025-04-07,SKU0123,114,6,8,30
2025-04-14,SKU0123,82,27,8,30
2025-04-21,SKU0123,52,0,8,30
2025-04-28,SKU0123,42,0,8,30
2025-05-05,SKU0123,12,0,8,30
2025-05-12,SKU0123,199,199,8,30
2025-05-19,SKU0123,177,0,8,30
2025-05-26,SKU0123,156,0,8,30
2025-06-02,SKU0123,133,0,8,30
2025-06-09,SKU0123,102,0,8,30
2025-06-16,SKU0123,69,0,8,30
2025-06-23,SKU0123,54,0,8,30
2025-06-30,SKU0123,27,0,8,30
2025-07-07,SKU0123,7,0,8,30
2025-07-14,SKU0123,127,127,8,30
2025-07-21,SKU0123,112,0,8,30
2025-07-28,SKU0123,105,0,8,30
2025-08-04,SKU0123,90,3,8,30
2025-08-11,SKU0123,83,0,8,30
2025-08-18,SKU0123,64,0,8,30
2025-08-25,SKU0123,31,0,8,30
2025-09-01,SKU0123,7,0,8,30
2025-09-08,SKU0123,184,184,8,30
2025-09-15,SKU0123,169,0,8,30
2025-09-22,SKU0123,157,0,8,30
2025-09-29,SKU0123,137,28,8,30
2025-10-06,SKU0123,120,0,8,30
2025-10-13,SKU0123,100,16,8,30
2025-10-20,SKU0123,71,0,8,30
2025-10-27,SKU0123,43,0,8,30
2025-11-03,SKU0123,93,81,8,30
2025-11-10,SKU0123,66,17,8,30
2025-11-17,SKU0123,40,0,8,30
2025-11-24,SKU0123,206,177,8,30
2025-12-01,SKU0123,197,0,8,30
2025-12-08,SKU0123,179,0,8,30
2025-12-15,SKU0123,146,0,8,30
2025-12-22,SKU0123,122,0,8,30
2025-12-29,SKU0123,88,0,8,30
2024-01-01,SKU0124,235,0,7,27
2024-01-08,SKU0124,216,0,7,27
2024-01-15,SKU0124,200,0,7,27
2024-01-22,SKU0124,171,0,7,27
2024-01-29,SKU0124,144,0,7,27
2024-02-05,SKU0124,117,8,7,27
2024-02-12,SKU0124,111,20,7,27
2024-02-19,SKU0124,88,0,7,27
2024-02-26,SKU0124,80,0,7,27
2024-03-04,SKU0124,70,0,7,27
2024-03-11,SKU0124,38,0,7,27
2024-03-18,SKU0124,8,0,7,27
2024-03-25,SKU0124,222,222,7,27
2024-04-01,SKU0124,206,0,7,27
2024-04-08,SKU0124,176,0,7,27
2024-04-15,SKU0124,156,0,7,27
2024-04-22,SKU0124,139,0,7,27
2024-04-29,SKU0124,109,3,7,27
2024-05-06,SKU0124,79,12,7,27
2024-05-13,SKU0124,47,0,7,27
2024-05-20,SKU0124,16,0,7,27
2024-05-27,SKU0124,118,118,7,27
2024-06-03,SKU0124,87,25,7,27
2024-06-10,SKU0124,60,0,7,27
2024-06-17,SKU0124,35,0,7,27
2024-06-24,SKU0124,99,80,7,27
2024-07-01,SKU0124,65,0,7,27
2024-07-08,SKU0124,57,26,7,27
2024-07-15,SKU0124,45,12,7,27
2024-07-22,SKU0124,11,0,7,27
2024-07-29,SKU0124,0,15,7,27
2024-08-05,SKU0124,0,23,7,27
2024-08-12,SKU0124,102,102,7,27
2024-08-19,SKU0124,77,0,7,27
2024-08-26,SKU0124,70,0,7,27
2024-09-02,SKU0124,57,0,7,27
2024-09-09,SKU0124,48,0,7,27
2024-09-16,SKU0124,207,188,7,27
2024-09-23,SKU0124,187,0,7,27
2024-09-30,SKU0124,170,0,7,27
2024-10-07,SKU0124,152,0,7,27
2024-10-14,SKU0124,136,0,7,27
2024-10-21,SKU0124,111,0,7,27
2024-10-28,SKU0124,88,23,7,27
2024-11-04,SKU0124,66,0,7,27
2024-11-11,SKU0124,52,0,7,27
2024-11-18,SKU0124,222,198,7,27
2024-11-25,SKU0124,194,0,7,27
2024-12-02,SKU0124,188,0,7,27
2024-12-09,SKU0124,154,0,7,27
2024-12-16,SKU0124,125,0,7,27
2024-12-23,SKU0124,100,0,7,27
2024-12-30,SKU0124,71,0,7,27
2025-01-06,SKU0124,50,20,7,27
2025-01-13,SKU0124,200,176,7,27
2025-01-20,SKU0124,173,0,7,27
2025-01-27,SKU0124,163,0,7,27
2025-02-03,SKU0124,134,0,7,27
2025-02-10,SKU0124,104,0,7,27
2025-02-17,SKU0124,87,0,7,27
2025-02-24,SKU0124,61,0,7,27
2025-03-03,SKU0124,33,0,7,27
2025-03-10,SKU0124,210,186,7,27
2025-03-17,SKU0124,192,0,7,27
2025-03-24,SKU0124,180,29,7,27
2025-03-31,SKU0124,146,0,7,27
2025-04-07,SKU0124,124,0,7,27
2025-04-14,SKU0124,114,0,7,27
2025-04-21,SKU0124,88,0,7,27
2025-04-28,SKU0124,62,18,7,27
2025-05-05,SKU0124,51,0,7,27
2025-05-12,SKU0124,43,0,7,27
2025-05-19,SKU0124,135,119,7,27
2025-05-26,SKU0124,106,0,7,27
2025-06-02,SKU0124,101,0,7,27
2025-06-09,SKU0124,76,0,7,27
2025-06-16,SKU0124,57,0,7,27
2025-06-23,SKU0124,23,0,7,27
2025-06-30,SKU0124,133,126,7,27
2025-07-07,SKU0124,99,0,7,27
2025-07-14,SKU0124,73,25,7,27
2025-07-21,SKU0124,42,0,7,27
2025-07-28,SKU0124,31,0,7,27
2025-08-04,SKU0124,201,197,7,27
2025-08-11,SKU0124,173,25,7,27
2025-08-18,SKU0124,159,0,7,27
2025-08-25,SKU0124,140,0,7,27
2025-09-01,SKU0124,107,0,7,27
2025-09-08,SKU0124,81,0,7,27
2025-09-15,SKU0124,54,0,7,27
2025-09-22,SKU0124,33,0,7,27
2025-09-29,SKU0124,143,118,7,27
2025-10-06,SKU0124,126,0,7,27
2025-10-13,SKU0124,92,0,7,27
2025-10-20,SKU0124,59,0,7,27
2025-10-27,SKU0124,170,143,7,27
2025-11-03,SKU0124,148,0,7,27
2025-11-10,SKU0124,133,0,7,27
2025-11-17,SKU0124,118,0,7,27
2025-11-24,SKU0124,100,5,7,27
2025-12-01,SKU0124,71,12,7,27
2025-12-08,SKU0124,40,0,7,27
2025-12-15,SKU0124,234,219,7,27
2025-12-22,SKU0124,217,0,7,27
2025-12-29,SKU0124,197,0,7,27
2024-01-01,SKU0125,82,5,15,23
2024-01-08,SKU0125,63,8,15,23
2024-01-15,SKU0125,39,0,15,23
2024-01-22,SKU0125,127,112,15,23
2024-01-29,SKU0125,118,0,15,23
2024-02-05,SKU0125,86,0,15,23
2024-02-12,SKU0125,59,0,15,23
2024-02-19,SKU0125,31,0,15,23
2024-02-26,SKU0125,201,186,15,23
2024-03-04,SKU0125,168,0,15,23
2024-03-11,SKU0125,147,0,15,23
2024-03-18,SKU0125,121,0,15,23
2024-03-25,SKU0125,101,0,15,23
2024-04-01,SKU0125,91,0,15,23
2024-04-08,SKU0125,84,0,15,23
2024-04-15,SKU0125,76,0,15,23
2024-04-22,SKU0125,48,0,15,23
2024-04-29,SKU0125,25,13,15,23
2024-05-06,SKU0125,202,182,15,23
2024-05-13,SKU0125,187,0,15,23
2024-05-20,SKU0125,159,0,15,23
2024-05-27,SKU0125,154,13,15,23
2024-06-03,SKU0125,137,0,15,23
2024-06-10,SKU0125,126,13,15,23
2024-06-17,SKU0125,98,0,15,23
2024-06-24,SKU0125,78,0,15,23
2024-07-01,SKU0125,45,0,15,23
2024-07-08,SKU0125,31,0,15,23
2024-07-15,SKU0125,144,137,15,23
2024-07-22,SKU0125,135,0,15,23
2024-07-29,SKU0125,119,0,15,23
2024-08-05,SKU0125,114,0,15,23
2024-08-12,SKU0125,97,0,15,23
2024-08-19,SKU0125,71,0,15,23
2024-08-26,SKU0125,51,0,15,23
2024-09-02,SKU0125,42,0,15,23
2024-09-09,SKU0125,30,25,15,23
2024-09-16,SKU0125,126,125,15,23
2024-09-23,SKU0125,101,0,15,23
2024-09-30,SKU0125,79,0,15,23
2024-10-07,SKU0125,50,13,15,23
2024-10-14,SKU0125,35,0,15,23
2024-10-21,SKU0125,3,0,15,23
2024-10-28,SKU0125,0,0,15,23
2024-11-04,SKU0125,0,0,15,23
2024-11-11,SKU0125,0,0,15,23
2024-11-18,SKU0125,180,180,15,23
2024-11-25,SKU0125,160,12,15,23
2024-12-02,SKU0125,141,0,15,23
2024-12-09,SKU0125,114,0,15,23
2024-12-16,SKU0125,86,0,15,23
2024-12-23,SKU0125,71,0,15,23
2024-12-30,SKU0125,48,0,15,23
2025-01-06,SKU0125,189,166,15,23
2025-01-13,SKU0125,170,25,15,23
2025-01-20,SKU0125,150,0,15,23
2025-01-27,SKU0125,132,0,15,23
2025-02-03,SKU0125,114,3,15,23
2025-02-10,SKU0125,87,0,15,23
2025-02-17,SKU0125,56,0,15,23
2025-02-24,SKU0125,31,5,15,23
2025-03-03,SKU0125,215,211,15,23
2025-03-10,SKU0125,195,8,15,23
2025-03-17,SKU0125,185,0,15,23
2025-03-24,SKU0125,168,0,15,23
2025-03-31,SKU0125,154,4,15,23
2025-04-07,SKU0125,131,0,15,23
2025-04-14,SKU0125,125,0,15,23
2025-04-21,SKU0125,93,0,15,23
2025-04-28,SKU0125,73,0,15,23
2025-05-05,SKU0125,66,0,15,23
2025-05-12,SKU0125,58,29,15,23
2025-05-19,SKU0125,40,0,15,23
2025-05-26,SKU0125,24,0,15,23
2025-06-02,SKU0125,190,190,15,23
2025-06-09,SKU0125,165,0,15,23
2025-06-16,SKU0125,152,0,15,23
2025-06-23,SKU0125,129,21,15,23
2025-06-30,SKU0125,122,0,15,23
2025-07-07,SKU0125,103,0,15,23
2025-07-14,SKU0125,83,0,15,23
2025-07-21,SKU0125,71,0,15,23
2025-07-28,SKU0125,64,22,15,23
2025-08-04,SKU0125,48,25,15,23
2025-08-11,SKU0125,32,0,15,23
2025-08-18,SKU0125,108,92,15,23
2025-08-25,SKU0125,96,11,15,23
2025-09-01,SKU0125,91,0,15,23
2025-09-08,SKU0125,65,0,15,23
2025-09-15,SKU0125,45,0,15,23
2025-09-22,SKU0125,31,0,15,23
2025-09-29,SKU0125,149,145,15,23
2025-10-06,SKU0125,131,0,15,23
2025-10-13,SKU0125,125,0,15,23
2025-10-20,SKU0125,109,0,15,23
2025-10-27,SKU0125,96,0,15,23
2025-11-03,SKU0125,71,0,15,23
2025-11-10,SKU0125,58,0,15,23
2025-11-17,SKU0125,47,0,15,23
2025-11-24,SKU0125,249,228,15,23
2025-12-01,SKU0125,224,0,15,23
2025-12-08,SKU0125,207,0,15,23
2025-12-15,SKU0125,190,0,15,23
2025-12-22,SKU0125,161,0,15,23
2025-12-29,SKU0125,141,0,15,23
2024-01-01,SKU0126,206,0,12,59
2024-01-08,SKU0126,188,0,12,59
2024-01-15,SKU0126,157,0,12,59
2024-01-22,SKU0126,150,26,12,59
2024-01-29,SKU0126,130,0,12,59
2024-02-05,SKU0126,124,0,12,59
2024-02-12,SKU0126,99,19,12,59
2024-02-19,SKU0126,74,25,12,59
2024-02-26,SKU0126,69,0,12,59
2024-03-04,SKU0126,132,84,12,59
2024-03-11,SKU0126,106,0,12,59
2024-03-18,SKU0126,82,0,12,59
2024-03-25,SKU0126,72,0,12,59
2024-04-01,SKU0126,283,237,12,59
2024-04-08,SKU0126,252,3,12,59
2024-04-15,SKU0126,233,0,12,59
2024-04-22,SKU0126,225,0,12,59
2024-04-29,SKU0126,219,0,12,59
2024-05-06,SKU0126,213,0,12,59
2024-05-13,SKU0126,202,0,12,59
2024-05-20,SKU0126,174,0,12,59
2024-05-27,SKU0126,149,0,12,59
2024-06-03,SKU0126,133,0,12,59
2024-06-10,SKU0126,122,0,12,59
2024-06-17,SKU0126,109,0,12,59
2024-06-24,SKU0126,78,0,12,59
2024-07-01,SKU0126,66,0,12,59
2024-07-08,SKU0126,35,0,12,59
2024-07-15,SKU0126,245,236,12,59
2024-07-22,SKU0126,235,0,12,59
2024-07-29,SKU0126,225,0,12,59
2024-08-05,SKU0126,220,0,12,59
2024-08-12,SKU0126,201,0,12,59
2024-08-19,SKU0126,193,0,12,59
2024-08-26,SKU0126,175,0,12,59
2024-09-02,SKU0126,162,0,12,59
2024-09-09,SKU0126,136,19,12,59
2024-09-16,SKU0126,117,5,12,59
2024-09-23,SKU0126,89,0,12,59
2024-09-30,SKU0126,84,0,12,59
2024-10-07,SKU0126,78,0,12,59
2024-10-14,SKU0126,66,0,12,59
2024-10-21,SKU0126,142,89,12,59
2024-10-28,SKU0126,137,0,12,59
2024-11-04,SKU0126,118,0,12,59
2024-11-11,SKU0126,106,0,12,59
2024-11-18,SKU0126,85,0,12,59
2024-11-25,SKU0126,60,0,12,59
2024-12-02,SKU0126,30,0,12,59
2024-12-09,SKU0126,181,178,12,59
2024-12-16,SKU0126,166,0,12,59
2024-12-23,SKU0126,158,0,12,59
2024-12-30,SKU0126,140,0,12,59
2025-01-06,SKU0126,127,11,12,59
2025-01-13,SKU0126,102,0,12,59
2025-01-20,SKU0126,73,0,12,59
2025-01-27,SKU0126,63,0,12,59
2025-02-03,SKU0126,30,19,12,59
2025-02-10,SKU0126,148,134,12,59
2025-02-17,SKU0126,122,0,12,59
2025-02-24,SKU0126,97,0,12,59
2025-03-03,SKU0126,72,0,12,59
2025-03-10,SKU0126,43,0,12,59
2025-03-17,SKU0126,152,130,12,59
2025-03-24,SKU0126,123,18,12,59
2025-03-31,SKU0126,114,0,12,59
2025-04-07,SKU0126,96,0,12,59
2025-04-14,SKU0126,79,0,12,59
2025-04-21,SKU0126,187,141,12,59
2025-04-28,SKU0126,176,0,12,59
2025-05-05,SKU0126,169,20,12,59
2025-05-12,SKU0126,163,0,12,59
2025-05-19,SKU0126,151,0,12,59
2025-05-26,SKU0126,137,11,12,59
2025-06-02,SKU0126,117,0,12,59
2025-06-09,SKU0126,93,0,12,59
2025-06-16,SKU0126,75,0,12,59
2025-06-23,SKU0126,155,98,12,59
2025-06-30,SKU0126,138,14,12,59
2025-07-07,SKU0126,118,6,12,59
2025-07-14,SKU0126,99,0,12,59
2025-07-21,SKU0126,70,0,12,59
2025-07-28,SKU0126,218,179,12,59
2025-08-04,SKU0126,195,0,12,59
2025-08-11,SKU0126,182,0,12,59
2025-08-18,SKU0126,170,10,12,59
2025-08-25,SKU0126,157,0,12,59
2025-09-01,SKU0126,125,25,12,59
2025-09-08,SKU0126,93,27,12,59
2025-09-15,SKU0126,86,26,12,59
2025-09-22,SKU0126,152,98,12,59
2025-09-29,SKU0126,124,0,12,59
2025-10-06,SKU0126,101,0,12,59
2025-10-13,SKU0126,81,12,12,59
2025-10-20,SKU0126,277,222,12,59
2025-10-27,SKU0126,256,27,12,59
2025-11-03,SKU0126,228,0,12,59
2025-11-10,SKU0126,207,0,12,59
2025-11-17,SKU0126,187,0,12,59
2025-11-24,SKU0126,159,10,12,59
2025-12-01,SKU0126,127,20,12,59
2025-12-08,SKU0126,97,0,12,59
2025-12-15,SKU0126,72,0,12,59
2025-12-22,SKU0126,61,0,12,59
2025-12-29,SKU0126,192,151,12,59
2024-01-01,SKU0127,128,0,20,49
2024-01-08,SKU0127,100,0,20,49
2024-01-15,SKU0127,71,0,20,49
2024-01-22,SKU0127,272,229,20,49
2024-01-29,SKU0127,246,0,20,49
2024-02-05,SKU0127,224,19,20,49
2024-02-12,SKU0127,209,0,20,49
2024-02-19,SKU0127,202,15,20,49
2024-02-26,SKU0127,186,12,20,49
2024-03-04,SKU0127,160,0,20,49
2024-03-11,SKU0127,145,0,20,49
2024-03-18,SKU0127,131,14,20,49
2024-03-25,SKU0127,105,13,20,49
2024-04-01,SKU0127,91,0,20,49
2024-04-08,SKU0127,74,8,20,49
2024-04-15,SKU0127,42,0,20,49
2024-04-22,SKU0127,157,146,20,49
2024-04-29,SKU0127,124,0,20,49
2024-05-06,SKU0127,119,0,20,49
2024-05-13,SKU0127,105,0,20,49
2024-05-20,SKU0127,77,0,20,49
2024-05-27,SKU0127,72,26,20,49
2024-06-03,SKU0127,66,0,20,49
2024-06-10,SKU0127,56,0,20,49
2024-06-17,SKU0127,191,169,20,49
2024-06-24,SKU0127,171,23,20,49
2024-07-01,SKU0127,148,0,20,49
2024-07-08,SKU0127,120,21,20,49
2024-07-15,SKU0127,90,0,20,49
2024-07-22,SKU0127,83,0,20,49
2024-07-29,SKU0127,57,8,20,49
2024-08-05,SKU0127,222,177,20,49
2024-08-12,SKU0127,215,0,20,49
2024-08-19,SKU0127,192,0,20,49
2024-08-26,SKU0127,163,0,20,49
2024-09-02,SKU0127,147,0,20,49
2024-09-09,SKU0127,115,25,20,49
2024-09-16,SKU0127,86,0,20,49
2024-09-23,SKU0127,55,0,20,49
2024-09-30,SKU0127,240,194,20,49
2024-10-07,SKU0127,217,0,20,49
2024-10-14,SKU0127,208,0,20,49
2024-10-21,SKU0127,195,0,20,49
2024-10-28,SKU0127,182,0,20,49
2024-11-04,SKU0127,156,0,20,49
2024-11-11,SKU0127,134,0,20,49
2024-11-18,SKU0127,121,0,20,49
2024-11-25,SKU0127,87,0,20,49
2024-12-02,SKU0127,63,0,20,49
2024-12-09,SKU0127,55,24,20,49
2024-12-16,SKU0127,130,107,20,49
2024-12-23,SKU0127,122,0,20,49
2024-12-30,SKU0127,114,0,20,49
2025-01-06,SKU0127,91,0,20,49
2025-01-13,SKU0127,85,0,20,49
2025-01-20,SKU0127,67,0,20,49
2025-01-27,SKU0127,48,0,20,49
2025-02-03,SKU0127,272,234,20,49
2025-02-10,SKU0127,251,0,20,49
2025-02-17,SKU0127,235,0,20,49
2025-02-24,SKU0127,206,0,20,49
2025-03-03,SKU0127,190,0,20,49
2025-03-10,SKU0127,164,0,20,49
2025-03-17,SKU0127,134,0,20,49
2025-03-24,SKU0127,111,0,20,49
2025-03-31,SKU0127,93,19,20,49
2025-04-07,SKU0127,63,0,20,49
2025-04-14,SKU0127,56,0,20,49
2025-04-21,SKU0127,34,14,20,49
2025-04-28,SKU0127,105,94,20,49
2025-05-05,SKU0127,93,7,20,49
2025-05-12,SKU0127,70,0,20,49
2025-05-19,SKU0127,56,0,20,49
2025-05-26,SKU0127,228,205,20,49
2025-06-02,SKU0127,219,0,20,49
2025-06-09,SKU0127,207,0,20,49
2025-06-16,SKU0127,177,0,20,49
2025-06-23,SKU0127,161,0,20,49
2025-06-30,SKU0127,150,0,20,49
2025-07-07,SKU0127,122,10,20,49
2025-07-14,SKU0127,91,0,20,49
2025-07-21,SKU0127,84,0,20,49
2025-07-28,SKU0127,57,0,20,49
2025-08-04,SKU0127,203,172,20,49
2025-08-11,SKU0127,176,0,20,49
2025-08-18,SKU0127,151,0,20,49
2025-08-25,SKU0127,145,27,20,49
2025-09-01,SKU0127,115,0,20,49
2025-09-08,SKU0127,91,0,20,49
2025-09-15,SKU0127,78,0,20,49
2025-09-22,SKU0127,44,0,20,49
2025-09-29,SKU0127,35,17,20,49
2025-10-06,SKU0127,164,149,20,49
2025-10-13,SKU0127,157,27,20,49
2025-10-20,SKU0127,151,0,20,49
2025-10-27,SKU0127,143,0,20,49
2025-11-03,SKU0127,128,0,20,49
2025-11-10,SKU0127,110,0,20,49
2025-11-17,SKU0127,101,0,20,49
2025-11-24,SKU0127,73,0,20,49
2025-12-01,SKU0127,65,1,20,49
2025-12-08,SKU0127,244,212,20,49
2025-12-15,SKU0127,237,0,20,49
2025-12-22,SKU0127,232,0,20,49
2025-12-29,SKU0127,206,0,20,49
2024-01-01,SKU0128,275,0,16,48
2024-01-08,SKU0128,255,0,16,48
2024-01-15,SKU0128,226,0,16,48
2024-01-22,SKU0128,209,0,16,48
2024-01-29,SKU0128,184,0,16,48
2024-02-05,SKU0128,176,21,16,48
2024-02-12,SKU0128,163,4,16,48
2024-02-19,SKU0128,145,0,16,48
2024-02-26,SKU0128,119,0,16,48
2024-03-04,SKU0128,91,0,16,48
2024-03-11,SKU0128,72,13,16,48
2024-03-18,SKU0128,56,0,16,48
2024-03-25,SKU0128,224,191,16,48
2024-04-01,SKU0128,204,0,16,48
2024-04-08,SKU0128,193,0,16,48
2024-04-15,SKU0128,187,0,16,48
2024-04-22,SKU0128,156,0,16,48
2024-04-29,SKU0128,126,0,16,48
2024-05-06,SKU0128,121,0,16,48
2024-05-13,SKU0128,114,0,16,48
2024-05-20,SKU0128,101,0,16,48
2024-05-27,SKU0128,76,0,16,48
2024-06-03,SKU0128,59,0,16,48
2024-06-10,SKU0128,159,126,16,48
2024-06-17,SKU0128,143,20,16,48
2024-06-24,SKU0128,116,0,16,48
2024-07-01,SKU0128,89,0,16,48
2024-07-08,SKU0128,74,0,16,48
2024-07-15,SKU0128,47,0,16,48
2024-07-22,SKU0128,122,85,16,48
2024-07-29,SKU0128,107,0,16,48
2024-08-05,SKU0128,75,0,16,48
2024-08-12,SKU0128,67,0,16,48
2024-08-19,SKU0128,56,0,16,48
2024-08-26,SKU0128,227,198,16,48
2024-09-02,SKU0128,214,0,16,48
2024-09-09,SKU0128,206,0,16,48
2024-09-16,SKU0128,190,0,16,48
2024-09-23,SKU0128,157,0,16,48
2024-09-30,SKU0128,149,0,16,48
2024-10-07,SKU0128,136,0,16,48
2024-10-14,SKU0128,118,0,16,48
2024-10-21,SKU0128,111,0,16,48
2024-10-28,SKU0128,87,0,16,48
2024-11-04,SKU0128,58,0,16,48
2024-11-11,SKU0128,226,194,16,48
2024-11-18,SKU0128,204,0,16,48
2024-11-25,SKU0128,184,0,16,48
2024-12-02,SKU0128,167,0,16,48
2024-12-09,SKU0128,148,0,16,48
2024-12-16,SKU0128,116,0,16,48
2024-12-23,SKU0128,87,0,16,48
2024-12-30,SKU0128,57,0,16,48
2025-01-06,SKU0128,180,143,16,48
2025-01-13,SKU0128,151,0,16,48
2025-01-20,SKU0128,139,0,16,48
2025-01-27,SKU0128,108,0,16,48
2025-02-03,SKU0128,86,0,16,48
2025-02-10,SKU0128,78,12,16,48
2025-02-17,SKU0128,50,0,16,48
2025-02-24,SKU0128,270,232,16,48
2025-03-03,SKU0128,257,0,16,48
2025-03-10,SKU0128,231,5,16,48
2025-03-17,SKU0128,208,0,16,48
2025-03-24,SKU0128,183,0,16,48
2025-03-31,SKU0128,155,23,16,48
2025-04-07,SKU0128,148,0,16,48
2025-04-14,SKU0128,119,0,16,48
2025-04-21,SKU0128,100,0,16,48
2025-04-28,SKU0128,76,0,16,48
2025-05-05,SKU0128,60,0,16,48
2025-05-12,SKU0128,246,212,16,48
2025-05-19,SKU0128,214,0,16,48
2025-05-26,SKU0128,207,0,16,48
2025-06-02,SKU0128,177,0,16,48
2025-06-09,SKU0128,160,0,16,48
2025-06-16,SKU0128,146,29,16,48
2025-06-23,SKU0128,123,29,16,48
2025-06-30,SKU0128,97,0,16,48
2025-07-07,SKU0128,82,0,16,48
2025-07-14,SKU0128,51,0,16,48
2025-07-21,SKU0128,34,0,16,48
2025-07-28,SKU0128,229,224,16,48
2025-08-04,SKU0128,218,12,16,48
2025-08-11,SKU0128,198,0,16,48
2025-08-18,SKU0128,166,0,16,48
2025-08-25,SKU0128,148,21,16,48
2025-09-01,SKU0128,118,0,16,48
2025-09-08,SKU0128,111,0,16,48
2025-09-15,SKU0128,84,8,16,48
2025-09-22,SKU0128,54,0,16,48
2025-09-29,SKU0128,265,221,16,48
2025-10-06,SKU0128,257,0,16,48
2025-10-13,SKU0128,236,0,16,48
2025-10-20,SKU0128,218,22,16,48
2025-10-27,SKU0128,208,5,16,48
2025-11-03,SKU0128,202,0,16,48
2025-11-10,SKU0128,193,24,16,48
2025-11-17,SKU0128,178,0,16,48
2025-11-24,SKU0128,144,0,16,48
2025-12-01,SKU0128,116,10,16,48
2025-12-08,SKU0128,89,0,16,48
2025-12-15,SKU0128,82,0,16,48
2025-12-22,SKU0128,70,0,16,48
2025-12-29,SKU0128,48,0,16,48
2024-01-01,SKU0129,141,0,19,19
2024-01-08,SKU0129,132,0,19,19
2024-01-15,SKU0129,121,0,19,19
2024-01-22,SKU0129,99,0,19,19
2024-01-29,SKU0129,66,0,19,19
2024-02-05,SKU0129,58,0,19,19
2024-02-12,SKU0129,25,0,19,19
2024-02-19,SKU0129,251,248,19,19
2024-02-26,SKU0129,237,0,19,19
2024-03-04,SKU0129,225,0,19,19
2024-03-11,SKU0129,217,0,19,19
2024-03-18,SKU0129,183,7,19,19
2024-03-25,SKU0129,174,0,19,19
2024-04-01,SKU0129,152,0,19,19
2024-04-08,SKU0129,129,29,19,19
2024-04-15,SKU0129,118,0,19,19
2024-04-22,SKU0129,109,25,19,19
2024-04-29,SKU0129,77,0,19,19
2024-05-06,SKU0129,54,0,19,19
2024-05-13,SKU0129,34,0,19,19
2024-05-20,SKU0129,227,220,19,19
2024-05-27,SKU0129,208,0,19,19
2024-06-03,SKU0129,180,0,19,19
2024-06-10,SKU0129,159,0,19,19
2024-06-17,SKU0129,153,0,19,19
2024-06-24,SKU0129,138,0,19,19
2024-07-01,SKU0129,133,12,19,19
2024-07-08,SKU0129,100,23,19,19
2024-07-15,SKU0129,88,0,19,19
2024-07-22,SKU0129,73,4,19,19
2024-07-29,SKU0129,64,0,19,19
2024-08-05,SKU0129,59,26,19,19
2024-08-12,SKU0129,36,0,19,19
2024-08-19,SKU0129,183,166,19,19
2024-08-26,SKU0129,165,0,19,19
2024-09-02,SKU0129,152,0,19,19
2024-09-09,SKU0129,141,0,19,19
2024-09-16,SKU0129,109,0,19,19
2024-09-23,SKU0129,88,0,19,19
2024-09-30,SKU0129,55,0,19,19
2024-10-07,SKU0129,49,1,19,19
2024-10-14,SKU0129,37,0,19,19
2024-10-21,SKU0129,108,90,19,19
2024-10-28,SKU0129,87,0,19,19
2024-11-04,SKU0129,81,0,19,19
2024-11-11,SKU0129,50,0,19,19
2024-11-18,SKU0129,16,0,19,19
2024-11-25,SKU0129,197,197,19,19
2024-12-02,SKU0129,192,0,19,19
2024-12-09,SKU0129,165,0,19,19
2024-12-16,SKU0129,159,0,19,19
2024-12-23,SKU0129,134,0,19,19
2024-12-30,SKU0129,117,0,19,19
2025-01-06,SKU0129,92,0,19,19
2025-01-13,SKU0129,83,13,19,19
2025-01-20,SKU0129,70,0,19,19
2025-01-27,SKU0129,47,0,19,19
2025-02-03,SKU0129,29,0,19,19
2025-02-10,SKU0129,152,146,19,19
2025-02-17,SKU0129,124,26,19,19
2025-02-24,SKU0129,99,0,19,19
2025-03-03,SKU0129,66,0,19,19
2025-03-10,SKU0129,38,0,19,19
2025-03-17,SKU0129,12,0,19,19
2025-03-24,SKU0129,229,223,19,19
2025-03-31,SKU0129,195,0,19,19
2025-04-07,SKU0129,169,0,19,19
2025-04-14,SKU0129,160,5,19,19
2025-04-21,SKU0129,127,0,19,19
2025-04-28,SKU0129,106,0,19,19
2025-05-05,SKU0129,97,3,19,19
2025-05-12,SKU0129,64,0,19,19
2025-05-19,SKU0129,39,0,19,19
2025-05-26,SKU0129,34,7,19,19
2025-06-02,SKU0129,22,0,19,19
2025-06-09,SKU0129,264,247,19,19
2025-06-16,SKU0129,236,15,19,19
2025-06-23,SKU0129,204,0,19,19
2025-06-30,SKU0129,183,20,19,19
2025-07-07,SKU0129,177,0,19,19
2025-07-14,SKU0129,170,0,19,19
2025-07-21,SKU0129,143,0,19,19
2025-07-28,SKU0129,121,0,19,19
2025-08-04,SKU0129,109,0,19,19
2025-08-11,SKU0129,75,23,19,19
2025-08-18,SKU0129,60,0,19,19
2025-08-25,SKU0129,29,0,19,19
2025-09-01,SKU0129,12,0,19,19
2025-09-08,SKU0129,112,106,19,19
2025-09-15,SKU0129,102,0,19,19
2025-09-22,SKU0129,74,0,19,19
2025-09-29,SKU0129,44,0,19,19
2025-10-06,SKU0129,26,28,19,19
2025-10-13,SKU0129,206,206,19,19
2025-10-20,SKU0129,172,0,19,19
2025-10-27,SKU0129,141,0,19,19
2025-11-03,SKU0129,115,0,19,19
2025-11-10,SKU0129,83,0,19,19
2025-11-17,SKU0129,65,0,19,19
2025-11-24,SKU0129,45,0,19,19
2025-12-01,SKU0129,23,0,19,19
2025-12-08,SKU0129,0,29,19,19
2025-12-15,SKU0129,114,114,19,19
2025-12-22,SKU0129,107,0,19,19
2025-12-29,SKU0129,96,0,19,19
2024-01-01,SKU0130,87,0,9,19
2024-01-08,SKU0130,58,0,9,19
2024-01-15,SKU0130,45,0,9,19
2024-01-22,SKU0130,18,0,9,19
2024-01-29,SKU0130,179,172,9,19
2024-02-05,SKU0130,148,0,9,19
2024-02-12,SKU0130,125,0,9,19
2024-02-19,SKU0130,116,6,9,19
2024-02-26,SKU0130,110,0,9,19
2024-03-04,SKU0130,76,0,9,19
2024-03-11,SKU0130,62,0,9,19
2024-03-18,SKU0130,28,0,9,19
2024-03-25,SKU0130,228,215,9,19
2024-04-01,SKU0130,212,0,9,19
2024-04-08,SKU0130,200,0,9,19
2024-04-15,SKU0130,172,0,9,19
2024-04-22,SKU0130,153,0,9,19
2024-04-29,SKU0130,134,0,9,19
2024-05-06,SKU0130,123,0,9,19
2024-05-13,SKU0130,97,27,9,19
2024-05-20,SKU0130,89,22,9,19
2024-05-27,SKU0130,74,6,9,19
2024-06-03,SKU0130,56,0,9,19
2024-06-10,SKU0130,44,0,9,19
2024-06-17,SKU0130,22,0,9,19
2024-06-24,SKU0130,11,0,9,19
2024-07-01,SKU0130,0,0,9,19
2024-07-08,SKU0130,185,185,9,19
2024-07-15,SKU0130,173,0,9,19
2024-07-22,SKU0130,148,0,9,19
2024-07-29,SKU0130,137,0,9,19
2024-08-05,SKU0130,110,0,9,19
2024-08-12,SKU0130,103,0,9,19
2024-08-19,SKU0130,72,0,9,19
2024-08-26,SKU0130,41,0,9,19
2024-09-02,SKU0130,35,0,9,19
2024-09-09,SKU0130,22,0,9,19
2024-09-16,SKU0130,4,25,9,19
2024-09-23,SKU0130,0,0,9,19
2024-09-30,SKU0130,168,168,9,19
2024-10-07,SKU0130,137,22,9,19
2024-10-14,SKU0130,120,0,9,19
2024-10-21,SKU0130,107,0,9,19
2024-10-28,SKU0130,73,0,9,19
2024-11-04,SKU0130,66,0,9,19
2024-11-11,SKU0130,60,0,9,19
2024-11-18,SKU0130,49,0,9,19
2024-11-25,SKU0130,20,15,9,19
2024-12-02,SKU0130,143,143,9,19
2024-12-09,SKU0130,138,0,9,19
2024-12-16,SKU0130,112,2,9,19
2024-12-23,SKU0130,94,0,9,19
2024-12-30,SKU0130,60,0,9,19
2025-01-06,SKU0130,30,20,9,19
2025-01-13,SKU0130,225,222,9,19
2025-01-20,SKU0130,208,0,9,19
2025-01-27,SKU0130,201,0,9,19
2025-02-03,SKU0130,195,0,9,19
2025-02-10,SKU0130,190,0,9,19
2025-02-17,SKU0130,171,13,9,19
2025-02-24,SKU0130,153,16,9,19
2025-03-03,SKU0130,146,0,9,19
2025-03-10,SKU0130,124,0,9,19
2025-03-17,SKU0130,103,0,9,19
2025-03-24,SKU0130,80,27,9,19
2025-03-31,SKU0130,59,0,9,19
2025-04-07,SKU0130,31,0,9,19
2025-04-14,SKU0130,20,0,9,19
2025-04-21,SKU0130,234,224,9,19
2025-04-28,SKU0130,227,0,9,19
2025-05-05,SKU0130,194,0,9,19
2025-05-12,SKU0130,173,0,9,19
2025-05-19,SKU0130,160,5,9,19
2025-05-26,SKU0130,143,0,9,19
2025-06-02,SKU0130,118,0,9,19
2025-06-09,SKU0130,93,0,9,19
2025-06-16,SKU0130,61,0,9,19
2025-06-23,SKU0130,50,0,9,19
2025-06-30,SKU0130,32,0,9,19
2025-07-07,SKU0130,209,207,9,19
2025-07-14,SKU0130,178,0,9,19
2025-07-21,SKU0130,172,0,9,19
2025-07-28,SKU0130,145,14,9,19
2025-08-04,SKU0130,132,0,9,19
2025-08-11,SKU0130,112,0,9,19
2025-08-18,SKU0130,95,24,9,19
2025-08-25,SKU0130,88,0,9,19
2025-09-01,SKU0130,58,0,9,19
2025-09-08,SKU0130,48,0,9,19
2025-09-15,SKU0130,24,0,9,19
2025-09-22,SKU0130,247,247,9,19
2025-09-29,SKU0130,219,0,9,19
2025-10-06,SKU0130,200,0,9,19
2025-10-13,SKU0130,174,0,9,19
2025-10-20,SKU0130,141,0,9,19
2025-10-27,SKU0130,135,0,9,19
2025-11-03,SKU0130,101,0,9,19
2025-11-10,SKU0130,96,0,9,19
2025-11-17,SKU0130,83,0,9,19
2025-11-24,SKU0130,71,4,9,19
2025-12-01,SKU0130,59,21,9,19
2025-12-08,SKU0130,37,0,9,19
2025-12-15,SKU0130,15,18,9,19
2025-12-22,SKU0130,211,201,9,19
2025-12-29,SKU0130,184,0,9,19
2024-01-01,SKU0131,158,0,15,58
2024-01-08,SKU0131,131,0,15,58
2024-01-15,SKU0131,102,0,15,58
2024-01-22,SKU0131,96,0,15,58
2024-01-29,SKU0131,91,0,15,58
2024-02-05,SKU0131,65,0,15,58
2024-02-12,SKU0131,159,117,15,58
2024-02-19,SKU0131,150,0,15,58
2024-02-26,SKU0131,124,0,15,58
2024-03-04,SKU0131,90,0,15,58
2024-03-11,SKU0131,65,9,15,58
2024-03-18,SKU0131,243,188,15,58
2024-03-25,SKU0131,211,20,15,58
2024-04-01,SKU0131,190,0,15,58
2024-04-08,SKU0131,173,0,15,58
2024-04-15,SKU0131,149,0,15,58
2024-04-22,SKU0131,143,0,15,58
2024-04-29,SKU0131,129,0,15,58
2024-05-06,SKU0131,108,0,15,58
2024-05-13,SKU0131,91,0,15,58
2024-05-20,SKU0131,61,0,15,58
2024-05-27,SKU0131,230,178,15,58
2024-06-03,SKU0131,209,0,15,58
2024-06-10,SKU0131,197,0,15,58
2024-06-17,SKU0131,173,0,15,58
2024-06-24,SKU0131,149,0,15,58
2024-07-01,SKU0131,137,0,15,58
2024-07-08,SKU0131,129,0,15,58
2024-07-15,SKU0131,121,0,15,58
2024-07-22,SKU0131,91,0,15,58
2024-07-29,SKU0131,82,0,15,58
2024-08-05,SKU0131,68,0,15,58
2024-08-12,SKU0131,41,0,15,58
2024-08-19,SKU0131,138,128,15,58
2024-08-26,SKU0131,121,0,15,58
2024-09-02,SKU0131,111,0,15,58
2024-09-09,SKU0131,86,0,15,58
2024-09-16,SKU0131,67,0,15,58
2024-09-23,SKU0131,189,131,15,58
2024-09-30,SKU0131,164,0,15,58
2024-10-07,SKU0131,131,0,15,58
2024-10-14,SKU0131,97,0,15,58
2024-10-21,SKU0131,91,26,15,58
2024-10-28,SKU0131,77,0,15,58
2024-11-04,SKU0131,68,0,15,58
2024-11-11,SKU0131,260,220,15,58
2024-11-18,SKU0131,235,0,15,58
2024-11-25,SKU0131,228,9,15,58
2024-12-02,SKU0131,220,0,15,58
2024-12-09,SKU0131,212,0,15,58
2024-12-16,SKU0131,197,14,15,58
2024-12-23,SKU0131,188,0,15,58
2024-12-30,SKU0131,168,0,15,58
2025-01-06,SKU0131,160,0,15,58
2025-01-13,SKU0131,153,0,15,58
2025-01-20,SKU0131,120,29,15,58
2025-01-27,SKU0131,103,0,15,58
2025-02-03,SKU0131,71,0,15,58
2025-02-10,SKU0131,263,226,15,58
2025-02-17,SKU0131,247,0,15,58
2025-02-24,SKU0131,241,0,15,58
2025-03-03,SKU0131,224,0,15,58
2025-03-10,SKU0131,203,0,15,58
2025-03-17,SKU0131,181,0,15,58
2025-03-24,SKU0131,168,0,15,58
2025-03-31,SKU0131,160,0,15,58
2025-04-07,SKU0131,143,0,15,58
2025-04-14,SKU0131,124,27,15,58
2025-04-21,SKU0131,111,0,15,58
2025-04-28,SKU0131,101,16,15,58
2025-05-05,SKU0131,94,4,15,58
2025-05-12,SKU0131,85,0,15,58
2025-05-19,SKU0131,64,0,15,58
2025-05-26,SKU0131,54,10,15,58
2025-06-02,SKU0131,43,0,15,58
2025-06-09,SKU0131,216,192,15,58
2025-06-16,SKU0131,203,28,15,58
2025-06-23,SKU0131,196,0,15,58
2025-06-30,SKU0131,189,15,15,58
2025-07-07,SKU0131,168,6,15,58
2025-07-14,SKU0131,153,0,15,58
2025-07-21,SKU0131,124,0,15,58
2025-07-28,SKU0131,103,17,15,58
2025-08-04,SKU0131,90,0,15,58
2025-08-11,SKU0131,84,0,15,58
2025-08-18,SKU0131,79,0,15,58
2025-08-25,SKU0131,67,0,15,58
2025-09-01,SKU0131,52,0,15,58
2025-09-08,SKU0131,39,2,15,58
2025-09-15,SKU0131,243,215,15,58
2025-09-22,SKU0131,228,0,15,58
2025-09-29,SKU0131,213,3,15,58
2025-10-06,SKU0131,186,0,15,58
2025-10-13,SKU0131,153,0,15,58
2025-10-20,SKU0131,132,0,15,58
2025-10-27,SKU0131,110,0,15,58
2025-11-03,SKU0131,92,13,15,58
2025-11-10,SKU0131,60,0,15,58
2025-11-17,SKU0131,238,187,15,58
2025-11-24,SKU0131,209,11,15,58
2025-12-01,SKU0131,202,0,15,58
2025-12-08,SKU0131,192,0,15,58
2025-12-15,SKU0131,177,0,15,58
2025-12-22,SKU0131,171,0,15,58
2025-12-29,SKU0131,160,0,15,58
2024-01-01,SKU0132,144,0,8,41
2024-01-08,SKU0132,139,0,8,41
2024-01-15,SKU0132,114,0,8,41
2024-01-22,SKU0132,94,12,8,41
2024-01-29,SKU0132,72,0,8,41
2024-02-05,SKU0132,126,86,8,41
2024-02-12,SKU0132,101,8,8,41
2024-02-19,SKU0132,72,0,8,41
2024-02-26,SKU0132,53,0,8,41
2024-03-04,SKU0132,120,81,8,41
2024-03-11,SKU0132,94,0,8,41
2024-03-18,SKU0132,75,0,8,41
2024-03-25,SKU0132,50,29,8,41
2024-04-01,SKU0132,28,0,8,41
2024-04-08,SKU0132,12,0,8,41
2024-04-15,SKU0132,203,203,8,41
2024-04-22,SKU0132,186,0,8,41
2024-04-29,SKU0132,173,0,8,41
2024-05-06,SKU0132,148,0,8,41
2024-05-13,SKU0132,121,0,8,41
2024-05-20,SKU0132,98,0,8,41
2024-05-27,SKU0132,81,0,8,41
2024-06-03,SKU0132,57,0,8,41
2024-06-10,SKU0132,28,0,8,41
2024-06-17,SKU0132,115,99,8,41
2024-06-24,SKU0132,84,0,8,41
2024-07-01,SKU0132,66,0,8,41
2024-07-08,SKU0132,60,0,8,41
2024-07-15,SKU0132,37,0,8,41
2024-07-22,SKU0132,149,132,8,41
2024-07-29,SKU0132,130,0,8,41
2024-08-05,SKU0132,100,0,8,41
2024-08-12,SKU0132,77,0,8,41
2024-08-19,SKU0132,63,0,8,41
2024-08-26,SKU0132,215,184,8,41
2024-09-02,SKU0132,209,3,8,41
2024-09-09,SKU0132,198,0,8,41
2024-09-16,SKU0132,165,0,8,41
2024-09-23,SKU0132,133,0,8,41
2024-09-30,SKU0132,121,0,8,41
2024-10-07,SKU0132,91,0,8,41
2024-10-14,SKU0132,79,0,8,41
2024-10-21,SKU0132,45,0,8,41
2024-10-28,SKU0132,168,143,8,41
2024-11-04,SKU0132,143,0,8,41
2024-11-11,SKU0132,109,0,8,41
2024-11-18,SKU0132,77,0,8,41
2024-11-25,SKU0132,65,18,8,41
2024-12-02,SKU0132,166,130,8,41
2024-12-09,SKU0132,149,0,8,41
2024-12-16,SKU0132,138,0,8,41
2024-12-23,SKU0132,116,0,8,41
2024-12-30,SKU0132,90,0,8,41
2025-01-06,SKU0132,60,0,8,41
2025-01-13,SKU0132,53,0,8,41
2025-01-20,SKU0132,33,0,8,41
2025-01-27,SKU0132,28,0,8,41
2025-02-03,SKU0132,9,0,8,41
2025-02-10,SKU0132,0,17,8,41
2025-02-17,SKU0132,120,120,8,41
2025-02-24,SKU0132,102,0,8,41
2025-03-03,SKU0132,94,0,8,41
2025-03-10,SKU0132,69,0,8,41
2025-03-17,SKU0132,64,10,8,41
2025-03-24,SKU0132,56,0,8,41
2025-03-31,SKU0132,46,0,8,41
2025-04-07,SKU0132,251,238,8,41
2025-04-14,SKU0132,234,0,8,41
2025-04-21,SKU0132,212,0,8,41
2025-04-28,SKU0132,189,7,8,41
2025-05-05,SKU0132,170,0,8,41
2025-05-12,SKU0132,161,0,8,41
2025-05-19,SKU0132,132,0,8,41
2025-05-26,SKU0132,115,0,8,41
2025-06-02,SKU0132,96,0,8,41
2025-06-09,SKU0132,79,0,8,41
2025-06-16,SKU0132,67,0,8,41
2025-06-23,SKU0132,49,0,8,41
2025-06-30,SKU0132,26,13,8,41
2025-07-07,SKU0132,125,125,8,41
2025-07-14,SKU0132,116,0,8,41
2025-07-21,SKU0132,90,0,8,41
2025-07-28,SKU0132,78,0,8,41
2025-08-04,SKU0132,61,0,8,41
2025-08-11,SKU0132,240,212,8,41
2025-08-18,SKU0132,211,0,8,41
2025-08-25,SKU0132,202,0,8,41
2025-09-01,SKU0132,179,0,8,41
2025-09-08,SKU0132,174,0,8,41
2025-09-15,SKU0132,150,0,8,41
2025-09-22,SKU0132,127,27,8,41
2025-09-29,SKU0132,107,0,8,41
2025-10-06,SKU0132,92,0,8,41
2025-10-13,SKU0132,71,0,8,41
2025-10-20,SKU0132,53,0,8,41
2025-10-27,SKU0132,132,111,8,41
2025-11-03,SKU0132,114,0,8,41
2025-11-10,SKU0132,100,13,8,41
2025-11-17,SKU0132,70,0,8,41
2025-11-24,SKU0132,36,0,8,41
2025-12-01,SKU0132,7,6,8,41
2025-12-08,SKU0132,0,0,8,41
2025-12-15,SKU0132,119,119,8,41
2025-12-22,SKU0132,111,0,8,41
2025-12-29,SKU0132,99,0,8,41
2024-01-01,SKU0133,197,0,18,38
2024-01-08,SKU0133,166,0,18,38
2024-01-15,SKU0133,149,0,18,38
2024-01-22,SKU0133,125,0,18,38
2024-01-29,SKU0133,108,0,18,38
2024-02-05,SKU0133,90,0,18,38
2024-02-12,SKU0133,75,0,18,38
2024-02-19,SKU0133,55,0,18,38
2024-02-26,SKU0133,123,88,18,38
2024-03-04,SKU0133,94,0,18,38
2024-03-11,SKU0133,63,0,18,38
2024-03-18,SKU0133,51,0,18,38
2024-03-25,SKU0133,232,196,18,38
2024-04-01,SKU0133,216,29,18,38
2024-04-08,SKU0133,194,29,18,38
2024-04-15,SKU0133,183,0,18,38
2024-04-22,SKU0133,169,0,18,38
2024-04-29,SKU0133,153,0,18,38
2024-05-06,SKU0133,119,1,18,38
2024-05-13,SKU0133,85,0,18,38
2024-05-20,SKU0133,70,2,18,38
2024-05-27,SKU0133,49,0,18,38
2024-06-03,SKU0133,127,96,18,38
2024-06-10,SKU0133,101,0,18,38
2024-06-17,SKU0133,89,0,18,38
2024-06-24,SKU0133,78,0,18,38
2024-07-01,SKU0133,72,0,18,38
2024-07-08,SKU0133,51,27,18,38
2024-07-15,SKU0133,217,193,18,38
2024-07-22,SKU0133,200,0,18,38
2024-07-29,SKU0133,171,22,18,38
2024-08-05,SKU0133,153,0,18,38
2024-08-12,SKU0133,129,0,18,38
2024-08-19,SKU0133,100,0,18,38
2024-08-26,SKU0133,81,0,18,38
2024-09-02,SKU0133,50,0,18,38
2024-09-09,SKU0133,223,205,18,38
2024-09-16,SKU0133,208,0,18,38
2024-09-23,SKU0133,197,0,18,38
2024-09-30,SKU0133,183,17,18,38
2024-10-07,SKU0133,174,0,18,38
2024-10-14,SKU0133,161,0,18,38
2024-10-21,SKU0133,130,0,18,38
2024-10-28,SKU0133,120,0,18,38
2024-11-04,SKU0133,106,0,18,38
2024-11-11,SKU0133,77,0,18,38
2024-11-18,SKU0133,61,0,18,38
2024-11-25,SKU0133,42,0,18,38
2024-12-02,SKU0133,277,249,18,38
2024-12-09,SKU0133,260,0,18,38
2024-12-16,SKU0133,247,0,18,38
2024-12-23,SKU0133,226,0,18,38
2024-12-30,SKU0133,193,20,18,38
2025-01-06,SKU0133,188,10,18,38
2025-01-13,SKU0133,161,24,18,38
2025-01-20,SKU0133,152,0,18,38
2025-01-27,SKU0133,145,28,18,38
2025-02-03,SKU0133,120,0,18,38
2025-02-10,SKU0133,110,24,18,38
2025-02-17,SKU0133,101,0,18,38
2025-02-24,SKU0133,94,0,18,38
2025-03-03,SKU0133,84,0,18,38
2025-03-10,SKU0133,55,0,18,38
2025-03-17,SKU0133,48,0,18,38
2025-03-24,SKU0133,39,0,18,38
2025-03-31,SKU0133,238,230,18,38
2025-04-07,SKU0133,226,26,18,38
2025-04-14,SKU0133,214,0,18,38
2025-04-21,SKU0133,185,6,18,38
2025-04-28,SKU0133,157,0,18,38
2025-05-05,SKU0133,123,0,18,38
2025-05-12,SKU0133,92,0,18,38
2025-05-19,SKU0133,67,0,18,38
2025-05-26,SKU0133,177,139,18,38
2025-06-02,SKU0133,152,0,18,38
2025-06-09,SKU0133,140,0,18,38
2025-06-16,SKU0133,119,0,18,38
2025-06-23,SKU0133,102,10,18,38
2025-06-30,SKU0133,77,0,18,38
2025-07-07,SKU0133,43,0,18,38
2025-07-14,SKU0133,21,0,18,38
2025-07-21,SKU0133,13,0,18,38
2025-07-28,SKU0133,126,126,18,38
2025-08-04,SKU0133,99,0,18,38
2025-08-11,SKU0133,93,0,18,38
2025-08-18,SKU0133,64,0,18,38
2025-08-25,SKU0133,55,0,18,38
2025-09-01,SKU0133,151,114,18,38
2025-09-08,SKU0133,133,0,18,38
2025-09-15,SKU0133,117,0,18,38
2025-09-22,SKU0133,101,0,18,38
2025-09-29,SKU0133,93,28,18,38
2025-10-06,SKU0133,83,0,18,38
2025-10-13,SKU0133,68,0,18,38
2025-10-20,SKU0133,34,0,18,38
2025-10-27,SKU0133,5,8,18,38
2025-11-03,SKU0133,0,0,18,38
2025-11-10,SKU0133,0,9,18,38
2025-11-17,SKU0133,167,167,18,38
2025-11-24,SKU0133,152,0,18,38
2025-12-01,SKU0133,134,0,18,38
2025-12-08,SKU0133,117,0,18,38
2025-12-15,SKU0133,104,26,18,38
2025-12-22,SKU0133,77,0,18,38
2025-12-29,SKU0133,68,0,18,38
2024-01-01,SKU0134,245,0,18,18
2024-01-08,SKU0134,212,0,18,18
2024-01-15,SKU0134,204,0,18,18
2024-01-22,SKU0134,176,0,18,18
2024-01-29,SKU0134,156,0,18,18
2024-02-05,SKU0134,135,0,18,18
2024-02-12,SKU0134,126,0,18,18
2024-02-19,SKU0134,112,20,18,18
2024-02-26,SKU0134,96,0,18,18
2024-03-04,SKU0134,66,0,18,18
2024-03-11,SKU0134,61,21,18,18
2024-03-18,SKU0134,35,0,18,18
2024-03-25,SKU0134,5,0,18,18
2024-04-01,SKU0134,195,195,18,18
2024-04-08,SKU0134,178,29,18,18
2024-04-15,SKU0134,152,1,18,18
2024-04-22,SKU0134,135,0,18,18
2024-04-29,SKU0134,122,0,18,18
2024-05-06,SKU0134,98,0,18,18
2024-05-13,SKU0134,71,0,18,18
2024-05-20,SKU0134,49,0,18,18
2024-05-27,SKU0134,44,0,18,18
2024-06-03,SKU0134,32,28,18,18
2024-06-10,SKU0134,19,20,18,18
2024-06-17,SKU0134,1,0,18,18
2024-06-24,SKU0134,217,217,18,18
2024-07-01,SKU0134,211,0,18,18
2024-07-08,SKU0134,200,0,18,18
2024-07-15,SKU0134,168,0,18,18
2024-07-22,SKU0134,148,0,18,18
2024-07-29,SKU0134,126,0,18,18
2024-08-05,SKU0134,105,0,18,18
2024-08-12,SKU0134,88,6,18,18
2024-08-19,SKU0134,73,0,18,18
2024-08-26,SKU0134,46,0,18,18
2024-09-02,SKU0134,29,0,18,18
2024-09-09,SKU0134,160,150,18,18
2024-09-16,SKU0134,143,0,18,18
2024-09-23,SKU0134,122,0,18,18
2024-09-30,SKU0134,105,0,18,18
2024-10-07,SKU0134,99,7,18,18
2024-10-14,SKU0134,76,0,18,18
2024-10-21,SKU0134,59,0,18,18
2024-10-28,SKU0134,30,0,18,18
2024-11-04,SKU0134,0,0,18,18
2024-11-11,SKU0134,115,115,18,18
2024-11-18,SKU0134,96,23,18,18
2024-11-25,SKU0134,88,0,18,18
2024-12-02,SKU0134,78,0,18,18
2024-12-09,SKU0134,60,0,18,18
2024-12-16,SKU0134,36,5,18,18
2024-12-23,SKU0134,179,164,18,18
2024-12-30,SKU0134,168,0,18,18
2025-01-06,SKU0134,134,0,18,18
2025-01-13,SKU0134,112,0,18,18
2025-01-20,SKU0134,93,24,18,18
2025-01-27,SKU0134,85,0,18,18
2025-02-03,SKU0134,58,21,18,18
2025-02-10,SKU0134,43,5,18,18
2025-02-17,SKU0134,36,0,18,18
2025-02-24,SKU0134,20,0,18,18
2025-03-03,SKU0134,8,0,18,18
2025-03-10,SKU0134,0,0,18,18
2025-03-17,SKU0134,248,248,18,18
2025-03-24,SKU0134,224,0,18,18
2025-03-31,SKU0134,198,23,18,18
2025-04-07,SKU0134,164,0,18,18
2025-04-14,SKU0134,138,0,18,18
2025-04-21,SKU0134,115,0,18,18
2025-04-28,SKU0134,94,28,18,18
2025-05-05,SKU0134,80,0,18,18
2025-05-12,SKU0134,53,0,18,18
2025-05-19,SKU0134,44,0,18,18
2025-05-26,SKU0134,27,17,18,18
2025-06-02,SKU0134,15,28,18,18
2025-06-09,SKU0134,0,19,18,18
2025-06-16,SKU0134,0,0,18,18
2025-06-23,SKU0134,0,15,18,18
2025-06-30,SKU0134,0,19,18,18
2025-07-07,SKU0134,0,0,18,18
2025-07-14,SKU0134,107,107,18,18
2025-07-21,SKU0134,80,0,18,18
2025-07-28,SKU0134,52,0,18,18
2025-08-04,SKU0134,24,0,18,18
2025-08-11,SKU0134,145,142,18,18
2025-08-18,SKU0134,112,0,18,18
2025-08-25,SKU0134,79,27,18,18
2025-09-01,SKU0134,48,0,18,18
2025-09-08,SKU0134,24,0,18,18
2025-09-15,SKU0134,93,81,18,18
2025-09-22,SKU0134,63,3,18,18
2025-09-29,SKU0134,30,0,18,18
2025-10-06,SKU0134,4,10,18,18
2025-10-13,SKU0134,183,183,18,18
2025-10-20,SKU0134,175,0,18,18
2025-10-27,SKU0134,145,5,18,18
2025-11-03,SKU0134,137,21,18,18
2025-11-10,SKU0134,120,0,18,18
2025-11-17,SKU0134,103,29,18,18
2025-11-24,SKU0134,82,0,18,18
2025-12-01,SKU0134,70,0,18,18
2025-12-08,SKU0134,45,0,18,18
2025-12-15,SKU0134,206,192,18,18
2025-12-22,SKU0134,191,0,18,18
2025-12-29,SKU0134,183,4,18,18
2024-01-01,SKU0135,75,0,28,59
2024-01-08,SKU0135,246,189,28,59
2024-01-15,SKU0135,241,0,28,59
2024-01-22,SKU0135,235,0,28,59
2024-01-29,SKU0135,209,2,28,59
2024-02-05,SKU0135,200,0,28,59
2024-02-12,SKU0135,176,9,28,59
2024-02-19,SKU0135,160,9,28,59
2024-02-26,SKU0135,147,0,28,59
2024-03-04,SKU0135,117,0,28,59
2024-03-11,SKU0135,109,0,28,59
2024-03-18,SKU0135,93,0,28,59
2024-03-25,SKU0135,69,0,28,59
2024-04-01,SKU0135,41,0,28,59
2024-04-08,SKU0135,32,0,28,59
2024-04-15,SKU0135,9,0,28,59
2024-04-22,SKU0135,198,198,28,59
2024-04-29,SKU0135,166,19,28,59
2024-05-06,SKU0135,146,0,28,59
2024-05-13,SKU0135,129,0,28,59
2024-05-20,SKU0135,105,14,28,59
2024-05-27,SKU0135,80,11,28,59
2024-06-03,SKU0135,53,0,28,59
2024-06-10,SKU0135,144,98,28,59
2024-06-17,SKU0135,118,13,28,59
2024-06-24,SKU0135,102,0,28,59
2024-07-01,SKU0135,89,0,28,59
2024-07-08,SKU0135,80,0,28,59
2024-07-15,SKU0135,51,0,28,59
2024-07-22,SKU0135,32,0,28,59
2024-07-29,SKU0135,17,0,28,59
2024-08-05,SKU0135,248,248,28,59
2024-08-12,SKU0135,222,0,28,59
2024-08-19,SKU0135,214,0,28,59
2024-08-26,SKU0135,185,0,28,59
2024-09-02,SKU0135,155,0,28,59
2024-09-09,SKU0135,129,4,28,59
2024-09-16,SKU0135,111,2,28,59
2024-09-23,SKU0135,104,0,28,59
2024-09-30,SKU0135,75,0,28,59
2024-10-07,SKU0135,69,0,28,59
2024-10-14,SKU0135,238,198,28,59
2024-10-21,SKU0135,220,0,28,59
2024-10-28,SKU0135,190,0,28,59
2024-11-04,SKU0135,171,0,28,59
2024-11-11,SKU0135,147,0,28,59
2024-11-18,SKU0135,113,0,28,59
2024-11-25,SKU0135,86,0,28,59
2024-12-02,SKU0135,65,0,28,59
2024-12-09,SKU0135,115,82,28,59
2024-12-16,SKU0135,101,0,28,59
2024-12-23,SKU0135,95,0,28,59
2024-12-30,SKU0135,81,0,28,59
2025-01-06,SKU0135,60,29,28,59
2025-01-13,SKU0135,211,184,28,59
2025-01-20,SKU0135,192,0,28,59
2025-01-27,SKU0135,174,0,28,59
2025-02-03,SKU0135,169,0,28,59
2025-02-10,SKU0135,142,1,28,59
2025-02-17,SKU0135,125,0,28,59
2025-02-24,SKU0135,112,0,28,59
2025-03-03,SKU0135,87,0,28,59
2025-03-10,SKU0135,81,0,28,59
2025-03-17,SKU0135,47,0,28,59
2025-03-24,SKU0135,28,0,28,59
2025-03-31,SKU0135,19,0,28,59
2025-04-07,SKU0135,0,0,28,59
2025-04-14,SKU0135,167,167,28,59
2025-04-21,SKU0135,133,0,28,59
2025-04-28,SKU0135,122,0,28,59
2025-05-05,SKU0135,94,28,28,59
2025-05-12,SKU0135,79,0,28,59
2025-05-19,SKU0135,62,0,28,59
2025-05-26,SKU0135,192,162,28,59
2025-06-02,SKU0135,180,0,28,59
2025-06-09,SKU0135,175,0,28,59
2025-06-16,SKU0135,159,0,28,59
2025-06-23,SKU0135,152,0,28,59
2025-06-30,SKU0135,136,0,28,59
2025-07-07,SKU0135,123,0,28,59
2025-07-14,SKU0135,100,0,28,59
2025-07-21,SKU0135,95,0,28,59
2025-07-28,SKU0135,77,0,28,59
2025-08-04,SKU0135,172,125,28,59
2025-08-11,SKU0135,164,0,28,59
2025-08-18,SKU0135,146,0,28,59
2025-08-25,SKU0135,137,20,28,59
2025-09-01,SKU0135,119,0,28,59
2025-09-08,SKU0135,106,0,28,59
2025-09-15,SKU0135,84,1,28,59
2025-09-22,SKU0135,69,28,28,59
2025-09-29,SKU0135,35,29,28,59
2025-10-06,SKU0135,12,0,28,59
2025-10-13,SKU0135,128,124,28,59
2025-10-20,SKU0135,116,0,28,59
2025-10-27,SKU0135,87,0,28,59
2025-11-03,SKU0135,278,221,28,59
2025-11-10,SKU0135,256,0,28,59
2025-11-17,SKU0135,241,0,28,59
2025-11-24,SKU0135,230,0,28,59
2025-12-01,SKU0135,222,0,28,59
2025-12-08,SKU0135,217,0,28,59
2025-12-15,SKU0135,184,6,28,59
2025-12-22,SKU0135,172,0,28,59
2025-12-29,SKU0135,156,0,28,59
2024-01-01,SKU0136,87,15,25,45
2024-01-08,SKU0136,61,0,25,45
2024-01-15,SKU0136,47,0,25,45
2024-01-22,SKU0136,222,195,25,45
2024-01-29,SKU0136,216,15,25,45
2024-02-05,SKU0136,202,0,25,45
2024-02-12,SKU0136,188,0,25,45
2024-02-19,SKU0136,181,0,25,45
2024-02-26,SKU0136,155,0,25,45
2024-03-04,SKU0136,127,0,25,45
2024-03-11,SKU0136,107,0,25,45
2024-03-18,SKU0136,81,0,25,45
2024-03-25,SKU0136,76,9,25,45
2024-04-01,SKU0136,220,175,25,45
2024-04-08,SKU0136,189,0,25,45
2024-04-15,SKU0136,181,0,25,45
2024-04-22,SKU0136,149,0,25,45
2024-04-29,SKU0136,137,25,25,45
2024-05-06,SKU0136,127,0,25,45
2024-05-13,SKU0136,110,0,25,45
2024-05-20,SKU0136,103,0,25,45
2024-05-27,SKU0136,82,0,25,45
2024-06-03,SKU0136,63,0,25,45
2024-06-10,SKU0136,56,0,25,45
2024-06-17,SKU0136,46,0,25,45
2024-06-24,SKU0136,143,119,25,45
2024-07-01,SKU0136,118,18,25,45
2024-07-08,SKU0136,109,0,25,45
2024-07-15,SKU0136,101,0,25,45
2024-07-22,SKU0136,95,18,25,45
2024-07-29,SKU0136,88,0,25,45
2024-08-05,SKU0136,62,0,25,45
2024-08-12,SKU0136,255,222,25,45
2024-08-19,SKU0136,236,0,25,45
2024-08-26,SKU0136,229,0,25,45
2024-09-02,SKU0136,207,0,25,45
2024-09-09,SKU0136,177,0,25,45
2024-09-16,SKU0136,161,0,25,45
2024-09-23,SKU0136,130,0,25,45
2024-09-30,SKU0136,102,0,25,45
2024-10-07,SKU0136,88,16,25,45
2024-10-14,SKU0136,62,0,25,45
2024-10-21,SKU0136,54,0,25,45
2024-10-28,SKU0136,20,14,25,45
2024-11-04,SKU0136,1,0,25,45
2024-11-11,SKU0136,0,0,25,45
2024-11-18,SKU0136,175,175,25,45
2024-11-25,SKU0136,161,0,25,45
2024-12-02,SKU0136,133,14,25,45
2024-12-09,SKU0136,121,22,25,45
2024-12-16,SKU0136,90,0,25,45
2024-12-23,SKU0136,73,0,25,45
2024-12-30,SKU0136,64,0,25,45
2025-01-06,SKU0136,55,0,25,45
2025-01-13,SKU0136,27,0,25,45
2025-01-20,SKU0136,167,165,25,45
2025-01-27,SKU0136,160,0,25,45
2025-02-03,SKU0136,144,0,25,45
2025-02-10,SKU0136,135,0,25,45
2025-02-17,SKU0136,122,0,25,45
2025-02-24,SKU0136,93,0,25,45
2025-03-03,SKU0136,84,0,25,45
2025-03-10,SKU0136,66,0,25,45
2025-03-17,SKU0136,47,0,25,45
2025-03-24,SKU0136,35,0,25,45
2025-03-31,SKU0136,123,120,25,45
2025-04-07,SKU0136,105,0,25,45
2025-04-14,SKU0136,98,26,25,45
2025-04-21,SKU0136,64,0,25,45
2025-04-28,SKU0136,32,0,25,45
2025-05-05,SKU0136,272,245,25,45
2025-05-12,SKU0136,260,0,25,45
2025-05-19,SKU0136,230,26,25,45
2025-05-26,SKU0136,202,0,25,45
2025-06-02,SKU0136,189,0,25,45
2025-06-09,SKU0136,178,0,25,45
2025-06-16,SKU0136,171,0,25,45
2025-06-23,SKU0136,165,0,25,45
2025-06-30,SKU0136,148,0,25,45
2025-07-07,SKU0136,137,0,25,45
2025-07-14,SKU0136,115,0,25,45
2025-07-21,SKU0136,84,0,25,45
2025-07-28,SKU0136,63,0,25,45
2025-08-04,SKU0136,149,107,25,45
2025-08-11,SKU0136,144,0,25,45
2025-08-18,SKU0136,125,0,25,45
2025-08-25,SKU0136,96,0,25,45
2025-09-01,SKU0136,86,0,25,45
2025-09-08,SKU0136,75,0,25,45
2025-09-15,SKU0136,59,0,25,45
2025-09-22,SKU0136,124,98,25,45
2025-09-29,SKU0136,101,0,25,45
2025-10-06,SKU0136,87,0,25,45
2025-10-13,SKU0136,62,0,25,45
2025-10-20,SKU0136,57,0,25,45
2025-10-27,SKU0136,196,170,25,45
2025-11-03,SKU0136,173,0,25,45
2025-11-10,SKU0136,144,0,25,45
2025-11-17,SKU0136,137,23,25,45
2025-11-24,SKU0136,111,0,25,45
2025-12-01,SKU0136,89,4,25,45
2025-12-08,SKU0136,77,3,25,45
2025-12-15,SKU0136,51,0,25,45
2025-12-22,SKU0136,131,95,25,45
2025-12-29,SKU0136,112,0,25,45
2024-01-01,SKU0137,257,20,28,28
2024-01-08,SKU0137,227,28,28,28
2024-01-15,SKU0137,207,0,28,28
2024-01-22,SKU0137,177,4,28,28
2024-01-29,SKU0137,161,0,28,28
2024-02-05,SKU0137,154,15,28,28
2024-02-12,SKU0137,136,28,28,28
2024-02-19,SKU0137,127,1,28,28
2024-02-26,SKU0137,114,24,28,28
2024-03-04,SKU0137,99,0,28,28
2024-03-11,SKU0137,89,0,28,28
2024-03-18,SKU0137,80,0,28,28
2024-03-25,SKU0137,67,0,28,28
2024-04-01,SKU0137,43,0,28,28
2024-04-08,SKU0137,24,0,28,28
2024-04-15,SKU0137,158,139,28,28
2024-04-22,SKU0137,152,0,28,28
2024-04-29,SKU0137,137,0,28,28
2024-05-06,SKU0137,106,0,28,28
2024-05-13,SKU0137,78,0,28,28
2024-05-20,SKU0137,68,0,28,28
2024-05-27,SKU0137,34,0,28,28
2024-06-03,SKU0137,203,183,28,28
2024-06-10,SKU0137,171,0,28,28
2024-06-17,SKU0137,164,0,28,28
2024-06-24,SKU0137,148,0,28,28
2024-07-01,SKU0137,122,21,28,28
2024-07-08,SKU0137,90,0,28,28
2024-07-15,SKU0137,79,0,28,28
2024-07-22,SKU0137,68,27,28,28
2024-07-29,SKU0137,36,0,28,28
2024-08-05,SKU0137,265,239,28,28
2024-08-12,SKU0137,259,23,28,28
2024-08-19,SKU0137,240,0,28,28
2024-08-26,SKU0137,221,0,28,28
2024-09-02,SKU0137,189,0,28,28
2024-09-09,SKU0137,155,0,28,28
2024-09-16,SKU0137,145,22,28,28
2024-09-23,SKU0137,111,0,28,28
2024-09-30,SKU0137,79,3,28,28
2024-10-07,SKU0137,66,1,28,28
2024-10-14,SKU0137,34,0,28,28
2024-10-21,SKU0137,11,0,28,28
2024-10-28,SKU0137,140,138,28,28
2024-11-04,SKU0137,115,10,28,28
2024-11-11,SKU0137,86,0,28,28
2024-11-18,SKU0137,59,0,28,28
2024-11-25,SKU0137,47,0,28,28
2024-12-02,SKU0137,37,0,28,28
2024-12-09,SKU0137,17,0,28,28
2024-12-16,SKU0137,223,213,28,28
2024-12-23,SKU0137,203,27,28,28
2024-12-30,SKU0137,193,0,28,28
2025-01-06,SKU0137,163,18,28,28
2025-01-13,SKU0137,148,0,28,28
2025-01-20,SKU0137,115,0,28,28
2025-01-27,SKU0137,85,0,28,28
2025-02-03,SKU0137,75,0,28,28
2025-02-10,SKU0137,53,0,28,28
2025-02-17,SKU0137,30,0,28,28
2025-02-24,SKU0137,18,0,28,28
2025-03-03,SKU0137,198,192,28,28
2025-03-10,SKU0137,193,0,28,28
2025-03-17,SKU0137,184,0,28,28
2025-03-24,SKU0137,165,0,28,28
2025-03-31,SKU0137,154,0,28,28
2025-04-07,SKU0137,134,0,28,28
2025-04-14,SKU0137,116,0,28,28
2025-04-21,SKU0137,89,0,28,28
2025-04-28,SKU0137,82,0,28,28
2025-05-05,SKU0137,63,0,28,28
2025-05-12,SKU0137,52,0,28,28
2025-05-19,SKU0137,19,0,28,28
2025-05-26,SKU0137,133,133,28,28
2025-06-02,SKU0137,108,0,28,28
2025-06-09,SKU0137,83,6,28,28
2025-06-16,SKU0137,67,0,28,28
2025-06-23,SKU0137,57,0,28,28
2025-06-30,SKU0137,50,0,28,28
2025-07-07,SKU0137,19,29,28,28
2025-07-14,SKU0137,108,108,28,28
2025-07-21,SKU0137,81,0,28,28
2025-07-28,SKU0137,67,2,28,28
2025-08-04,SKU0137,46,24,28,28
2025-08-11,SKU0137,239,220,28,28
2025-08-18,SKU0137,216,0,28,28
2025-08-25,SKU0137,195,26,28,28
2025-09-01,SKU0137,174,0,28,28
2025-09-08,SKU0137,158,0,28,28
2025-09-15,SKU0137,140,0,28,28
2025-09-22,SKU0137,109,0,28,28
2025-09-29,SKU0137,88,15,28,28
2025-10-06,SKU0137,73,5,28,28
2025-10-13,SKU0137,68,24,28,28
2025-10-20,SKU0137,46,2,28,28
2025-10-27,SKU0137,15,14,28,28
2025-11-03,SKU0137,116,116,28,28
2025-11-10,SKU0137,108,0,28,28
2025-11-17,SKU0137,103,13,28,28
2025-11-24,SKU0137,79,0,28,28
2025-12-01,SKU0137,49,0,28,28
2025-12-08,SKU0137,16,0,28,28
2025-12-15,SKU0137,175,175,28,28
2025-12-22,SKU0137,146,0,28,28
2025-12-29,SKU0137,118,7,28,28
2024-01-01,SKU0138,141,23,15,57
2024-01-08,SKU0138,122,0,15,57
2024-01-15,SKU0138,95,0,15,57
2024-01-22,SKU0138,87,0,15,57
2024-01-29,SKU0138,63,0,15,57
2024-02-05,SKU0138,246,200,15,57
2024-02-12,SKU0138,223,8,15,57
2024-02-19,SKU0138,208,0,15,57
2024-02-26,SKU0138,178,0,15,57
2024-03-04,SKU0138,157,0,15,57
2024-03-11,SKU0138,141,0,15,57
2024-03-18,SKU0138,115,0,15,57
2024-03-25,SKU0138,89,11,15,57
2024-04-01,SKU0138,57,0,15,57
2024-04-08,SKU0138,204,162,15,57
2024-04-15,SKU0138,179,0,15,57
2024-04-22,SKU0138,147,0,15,57
2024-04-29,SKU0138,118,0,15,57
2024-05-06,SKU0138,86,7,15,57
2024-05-13,SKU0138,63,0,15,57
2024-05-20,SKU0138,188,137,15,57
2024-05-27,SKU0138,160,0,15,57
2024-06-03,SKU0138,137,0,15,57
2024-06-10,SKU0138,132,0,15,57
2024-06-17,SKU0138,112,0,15,57
2024-06-24,SKU0138,93,4,15,57
2024-07-01,SKU0138,67,0,15,57
2024-07-08,SKU0138,262,229,15,57
2024-07-15,SKU0138,257,23,15,57
2024-07-22,SKU0138,252,0,15,57
2024-07-29,SKU0138,240,16,15,57
2024-08-05,SKU0138,226,0,15,57
2024-08-12,SKU0138,202,0,15,57
2024-08-19,SKU0138,185,0,15,57
2024-08-26,SKU0138,156,0,15,57
2024-09-02,SKU0138,145,15,15,57
2024-09-09,SKU0138,117,0,15,57
2024-09-16,SKU0138,87,0,15,57
2024-09-23,SKU0138,74,6,15,57
2024-09-30,SKU0138,285,228,15,57
2024-10-07,SKU0138,264,0,15,57
2024-10-14,SKU0138,257,0,15,57
2024-10-21,SKU0138,248,0,15,57
2024-10-28,SKU0138,240,0,15,57
2024-11-04,SKU0138,214,0,15,57
2024-11-11,SKU0138,182,0,15,57
2024-11-18,SKU0138,159,0,15,57
2024-11-25,SKU0138,145,0,15,57
2024-12-02,SKU0138,127,0,15,57
2024-12-09,SKU0138,97,0,15,57
2024-12-16,SKU0138,87,0,15,57
2024-12-23,SKU0138,78,0,15,57
2024-12-30,SKU0138,146,93,15,57
2025-01-06,SKU0138,139,0,15,57
2025-01-13,SKU0138,108,0,15,57
2025-01-20,SKU0138,89,0,15,57
2025-01-27,SKU0138,60,0,15,57
2025-02-03,SKU0138,36,0,15,57
2025-02-10,SKU0138,261,238,15,57
2025-02-17,SKU0138,227,14,15,57
2025-02-24,SKU0138,212,0,15,57
2025-03-03,SKU0138,195,0,15,57
2025-03-10,SKU0138,171,0,15,57
2025-03-17,SKU0138,142,15,15,57
2025-03-24,SKU0138,131,0,15,57
2025-03-31,SKU0138,126,0,15,57
2025-04-07,SKU0138,111,24,15,57
2025-04-14,SKU0138,89,0,15,57
2025-04-21,SKU0138,80,0,15,57
2025-04-28,SKU0138,144,88,15,57
2025-05-05,SKU0138,113,0,15,57
2025-05-12,SKU0138,87,0,15,57
2025-05-19,SKU0138,63,0,15,57
2025-05-26,SKU0138,202,149,15,57
2025-06-02,SKU0138,190,0,15,57
2025-06-09,SKU0138,174,0,15,57
2025-06-16,SKU0138,165,0,15,57
2025-06-23,SKU0138,138,0,15,57
2025-06-30,SKU0138,115,10,15,57
2025-07-07,SKU0138,84,0,15,57
2025-07-14,SKU0138,59,9,15,57
2025-07-21,SKU0138,40,0,15,57
2025-07-28,SKU0138,18,17,15,57
2025-08-04,SKU0138,149,149,15,57
2025-08-11,SKU0138,136,0,15,57
2025-08-18,SKU0138,118,0,15,57
2025-08-25,SKU0138,113,21,15,57
2025-09-01,SKU0138,86,0,15,57
2025-09-08,SKU0138,59,0,15,57
2025-09-15,SKU0138,228,192,15,57
2025-09-22,SKU0138,199,0,15,57
2025-09-29,SKU0138,189,14,15,57
2025-10-06,SKU0138,168,0,15,57
2025-10-13,SKU0138,157,0,15,57
2025-10-20,SKU0138,139,0,15,57
2025-10-27,SKU0138,109,0,15,57
2025-11-03,SKU0138,82,0,15,57
2025-11-10,SKU0138,64,0,15,57
2025-11-17,SKU0138,33,0,15,57
2025-11-24,SKU0138,239,227,15,57
2025-12-01,SKU0138,224,0,15,57
2025-12-08,SKU0138,217,0,15,57
2025-12-15,SKU0138,204,18,15,57
2025-12-22,SKU0138,175,0,15,57
2025-12-29,SKU0138,144,0,15,57
2024-01-01,SKU0139,274,0,21,21
2024-01-08,SKU0139,267,0,21,21
2024-01-15,SKU0139,252,0,21,21
2024-01-22,SKU0139,226,0,21,21
2024-01-29,SKU0139,192,0,21,21
2024-02-05,SKU0139,178,0,21,21
2024-02-12,SKU0139,170,0,21,21
2024-02-19,SKU0139,150,0,21,21
2024-02-26,SKU0139,118,0,21,21
2024-03-04,SKU0139,90,0,21,21
2024-03-11,SKU0139,75,0,21,21
2024-03-18,SKU0139,60,0,21,21
2024-03-25,SKU0139,43,0,21,21
2024-04-01,SKU0139,184,164,21,21
2024-04-08,SKU0139,166,0,21,21
2024-04-15,SKU0139,136,0,21,21
2024-04-22,SKU0139,123,18,21,21
2024-04-29,SKU0139,104,0,21,21
2024-05-06,SKU0139,71,20,21,21
2024-05-13,SKU0139,64,7,21,21
2024-05-20,SKU0139,52,0,21,21
2024-05-27,SKU0139,46,0,21,21
2024-06-03,SKU0139,21,22,21,21
2024-06-10,SKU0139,246,232,21,21
2024-06-17,SKU0139,219,0,21,21
2024-06-24,SKU0139,191,0,21,21
2024-07-01,SKU0139,170,7,21,21
2024-07-08,SKU0139,150,0,21,21
2024-07-15,SKU0139,133,0,21,21
2024-07-22,SKU0139,120,0,21,21
2024-07-29,SKU0139,114,0,21,21
2024-08-05,SKU0139,92,0,21,21
2024-08-12,SKU0139,87,0,21,21
2024-08-19,SKU0139,80,0,21,21
2024-08-26,SKU0139,61,26,21,21
2024-09-02,SKU0139,48,0,21,21
2024-09-09,SKU0139,30,24,21,21
2024-09-16,SKU0139,0,19,21,21
2024-09-23,SKU0139,101,101,21,21
2024-09-30,SKU0139,87,0,21,21
2024-10-07,SKU0139,77,0,21,21
2024-10-14,SKU0139,46,0,21,21
2024-10-21,SKU0139,25,0,21,21
2024-10-28,SKU0139,113,113,21,21
2024-11-04,SKU0139,94,0,21,21
2024-11-11,SKU0139,87,0,21,21
2024-11-18,SKU0139,65,0,21,21
2024-11-25,SKU0139,42,18,21,21
2024-12-02,SKU0139,26,0,21,21
2024-12-09,SKU0139,247,235,21,21
2024-12-16,SKU0139,242,0,21,21
2024-12-23,SKU0139,234,0,21,21
2024-12-30,SKU0139,204,9,21,21
2025-01-06,SKU0139,196,0,21,21
2025-01-13,SKU0139,191,0,21,21
2025-01-20,SKU0139,169,7,21,21
2025-01-27,SKU0139,160,0,21,21
2025-02-03,SKU0139,140,0,21,21
2025-02-10,SKU0139,133,0,21,21
2025-02-17,SKU0139,122,0,21,21
2025-02-24,SKU0139,98,0,21,21
2025-03-03,SKU0139,83,0,21,21
2025-03-10,SKU0139,59,0,21,21
2025-03-17,SKU0139,54,0,21,21
2025-03-24,SKU0139,34,0,21,21
2025-03-31,SKU0139,200,187,21,21
2025-04-07,SKU0139,172,0,21,21
2025-04-14,SKU0139,160,0,21,21
2025-04-21,SKU0139,153,0,21,21
2025-04-28,SKU0139,143,0,21,21
2025-05-05,SKU0139,112,26,21,21
2025-05-12,SKU0139,97,28,21,21
2025-05-19,SKU0139,68,0,21,21
2025-05-26,SKU0139,44,27,21,21
2025-06-02,SKU0139,19,0,21,21
2025-06-09,SKU0139,0,0,21,21
2025-06-16,SKU0139,133,133,21,21
2025-06-23,SKU0139,113,0,21,21
2025-06-30,SKU0139,104,0,21,21
2025-07-07,SKU0139,79,6,21,21
2025-07-14,SKU0139,71,0,21,21
2025-07-21,SKU0139,63,0,21,21
2025-07-28,SKU0139,30,0,21,21
2025-08-04,SKU0139,13,0,21,21
2025-08-11,SKU0139,0,0,21,21
2025-08-18,SKU0139,0,0,21,21
2025-08-25,SKU0139,86,86,21,21
2025-09-01,SKU0139,59,0,21,21
2025-09-08,SKU0139,28,0,21,21
2025-09-15,SKU0139,0,0,21,21
2025-09-22,SKU0139,239,239,21,21
2025-09-29,SKU0139,217,0,21,21
2025-10-06,SKU0139,210,0,21,21
2025-10-13,SKU0139,204,0,21,21
2025-10-20,SKU0139,179,15,21,21
2025-10-27,SKU0139,150,0,21,21
2025-11-03,SKU0139,140,0,21,21
2025-11-10,SKU0139,107,0,21,21
2025-11-17,SKU0139,79,0,21,21
2025-11-24,SKU0139,52,5,21,21
2025-12-01,SKU0139,46,24,21,21
2025-12-08,SKU0139,27,0,21,21
2025-12-15,SKU0139,12,17,21,21
2025-12-22,SKU0139,5,0,21,21
2025-12-29,SKU0139,0,0,21,21
2024-01-01,SKU0140,87,0,29,16
2024-01-08,SKU0140,78,9,29,16
2024-01-15,SKU0140,68,0,29,16
2024-01-22,SKU0140,45,26,29,16
2024-01-29,SKU0140,34,0,29,16
2024-02-05,SKU0140,18,0,29,16
2024-02-12,SKU0140,12,0,29,16
2024-02-19,SKU0140,0,0,29,16
2024-02-26,SKU0140,99,99,29,16
2024-03-04,SKU0140,76,2,29,16
2024-03-11,SKU0140,50,0,29,16
2024-03-18,SKU0140,31,0,29,16
2024-03-25,SKU0140,197,186,29,16
2024-04-01,SKU0140,167,0,29,16
2024-04-08,SKU0140,159,0,29,16
2024-04-15,SKU0140,152,0,29,16
2024-04-22,SKU0140,138,0,29,16
2024-04-29,SKU0140,123,0,29,16
2024-05-06,SKU0140,89,0,29,16
2024-05-13,SKU0140,84,0,29,16
2024-05-20,SKU0140,72,1,29,16
2024-05-27,SKU0140,54,0,29,16
2024-06-03,SKU0140,21,0,29,16
2024-06-10,SKU0140,115,115,29,16
2024-06-17,SKU0140,95,0,29,16
2024-06-24,SKU0140,67,0,29,16
2024-07-01,SKU0140,40,0,29,16
2024-07-08,SKU0140,231,225,29,16
2024-07-15,SKU0140,207,7,29,16
2024-07-22,SKU0140,181,0,29,16
2024-07-29,SKU0140,166,0,29,16
2024-08-05,SKU0140,156,0,29,16
2024-08-12,SKU0140,134,0,29,16
2024-08-19,SKU0140,110,0,29,16
2024-08-26,SKU0140,78,0,29,16
2024-09-02,SKU0140,62,0,29,16
2024-09-09,SKU0140,29,0,29,16
2024-09-16,SKU0140,20,6,29,16
2024-09-23,SKU0140,174,162,29,16
2024-09-30,SKU0140,164,0,29,16
2024-10-07,SKU0140,130,0,29,16
2024-10-14,SKU0140,118,0,29,16
2024-10-21,SKU0140,84,10,29,16
2024-10-28,SKU0140,77,0,29,16
2024-11-04,SKU0140,55,0,29,16
2024-11-11,SKU0140,36,0,29,16
2024-11-18,SKU0140,26,0,29,16
2024-11-25,SKU0140,1,0,29,16
2024-12-02,SKU0140,102,102,29,16
2024-12-09,SKU0140,93,0,29,16
2024-12-16,SKU0140,76,0,29,16
2024-12-23,SKU0140,58,0,29,16
2024-12-30,SKU0140,35,0,29,16
2025-01-06,SKU0140,2,0,29,16
2025-01-13,SKU0140,0,0,29,16
2025-01-20,SKU0140,0,0,29,16
2025-01-27,SKU0140,0,0,29,16
2025-02-03,SKU0140,0,0,29,16
2025-02-10,SKU0140,0,0,29,16
2025-02-17,SKU0140,204,204,29,16
2025-02-24,SKU0140,174,0,29,16
2025-03-03,SKU0140,153,0,29,16
2025-03-10,SKU0140,144,0,29,16
2025-03-17,SKU0140,130,0,29,16
2025-03-24,SKU0140,108,10,29,16
2025-03-31,SKU0140,91,0,29,16
2025-04-07,SKU0140,79,0,29,16
2025-04-14,SKU0140,68,0,29,16
2025-04-21,SKU0140,63,0,29,16
2025-04-28,SKU0140,49,0,29,16
2025-05-05,SKU0140,37,0,29,16
2025-05-12,SKU0140,17,0,29,16
2025-05-19,SKU0140,98,98,29,16
2025-05-26,SKU0140,84,18,29,16
2025-06-02,SKU0140,61,2,29,16
2025-06-09,SKU0140,50,0,29,16
2025-06-16,SKU0140,39,0,29,16
2025-06-23,SKU0140,24,0,29,16
2025-06-30,SKU0140,222,222,29,16
2025-07-07,SKU0140,208,0,29,16
2025-07-14,SKU0140,195,29,29,16
2025-07-21,SKU0140,189,0,29,16
2025-07-28,SKU0140,174,6,29,16
2025-08-04,SKU0140,147,0,29,16
2025-08-11,SKU0140,122,25,29,16
2025-08-18,SKU0140,101,0,29,16
2025-08-25,SKU0140,72,0,29,16
2025-09-01,SKU0140,59,21,29,16
2025-09-08,SKU0140,27,6,29,16
2025-09-15,SKU0140,14,0,29,16
2025-09-22,SKU0140,3,0,29,16
2025-09-29,SKU0140,237,237,29,16
2025-10-06,SKU0140,228,0,29,16
2025-10-13,SKU0140,218,28,29,16
2025-10-20,SKU0140,210,9,29,16
2025-10-27,SKU0140,183,0,29,16
2025-11-03,SKU0140,175,0,29,16
2025-11-10,SKU0140,162,1,29,16
2025-11-17,SKU0140,135,1,29,16
2025-11-24,SKU0140,124,0,29,16
2025-12-01,SKU0140,114,4,29,16
2025-12-08,SKU0140,100,0,29,16
2025-12-15,SKU0140,85,0,29,16
2025-12-22,SKU0140,58,0,29,16
2025-12-29,SKU0140,24,8,29,16
2024-01-01,SKU0141,287,0,7,15
2024-01-08,SKU0141,278,0,7,15
2024-01-15,SKU0141,256,0,7,15
2024-01-22,SKU0141,232,0,7,15
2024-01-29,SKU0141,202,0,7,15
2024-02-05,SKU0141,197,13,7,15
2024-02-12,SKU0141,182,0,7,15
2024-02-19,SKU0141,161,0,7,15
2024-02-26,SKU0141,144,0,7,15
2024-03-04,SKU0141,127,0,7,15
2024-03-11,SKU0141,99,0,7,15
2024-03-18,SKU0141,74,15,7,15
2024-03-25,SKU0141,60,0,7,15
2024-04-01,SKU0141,50,0,7,15
2024-04-08,SKU0141,16,14,7,15
2024-04-15,SKU0141,9,0,7,15
2024-04-22,SKU0141,174,174,7,15
2024-04-29,SKU0141,152,0,7,15
2024-05-06,SKU0141,145,0,7,15
2024-05-13,SKU0141,112,0,7,15
2024-05-20,SKU0141,101,0,7,15
2024-05-27,SKU0141,81,1,7,15
2024-06-03,SKU0141,69,0,7,15
2024-06-10,SKU0141,43,0,7,15
2024-06-17,SKU0141,16,0,7,15
2024-06-24,SKU0141,158,158,7,15
2024-07-01,SKU0141,128,0,7,15
2024-07-08,SKU0141,102,0,7,15
2024-07-15,SKU0141,74,13,7,15
2024-07-22,SKU0141,67,0,7,15
2024-07-29,SKU0141,49,0,7,15
2024-08-05,SKU0141,32,8,7,15
2024-08-12,SKU0141,92,83,7,15
2024-08-19,SKU0141,80,0,7,15
2024-08-26,SKU0141,68,0,7,15
2024-09-02,SKU0141,62,0,7,15
2024-09-09,SKU0141,51,0,7,15
2024-09-16,SKU0141,25,18,7,15
2024-09-23,SKU0141,18,0,7,15
2024-09-30,SKU0141,120,120,7,15
2024-10-07,SKU0141,108,0,7,15
2024-10-14,SKU0141,93,0,7,15
2024-10-21,SKU0141,86,0,7,15
2024-10-28,SKU0141,81,0,7,15
2024-11-04,SKU0141,65,0,7,15
2024-11-11,SKU0141,53,0,7,15
2024-11-18,SKU0141,43,0,7,15
2024-11-25,SKU0141,34,0,7,15
2024-12-02,SKU0141,24,0,7,15
2024-12-09,SKU0141,14,0,7,15
2024-12-16,SKU0141,0,26,7,15
2024-12-23,SKU0141,162,162,7,15
2024-12-30,SKU0141,135,0,7,15
2025-01-06,SKU0141,114,23,7,15
2025-01-13,SKU0141,83,0,7,15
2025-01-20,SKU0141,64,0,7,15
2025-01-27,SKU0141,55,0,7,15
2025-02-03,SKU0141,27,0,7,15
2025-02-10,SKU0141,239,230,7,15
2025-02-17,SKU0141,231,0,7,15
2025-02-24,SKU0141,210,0,7,15
2025-03-03,SKU0141,179,0,7,15
2025-03-10,SKU0141,168,25,7,15
2025-03-17,SKU0141,136,0,7,15
2025-03-24,SKU0141,108,0,7,15
2025-03-31,SKU0141,95,0,7,15
2025-04-07,SKU0141,78,0,7,15
2025-04-14,SKU0141,57,0,7,15
2025-04-21,SKU0141,23,0,7,15
2025-04-28,SKU0141,0,0,7,15
2025-05-05,SKU0141,0,0,7,15
2025-05-12,SKU0141,0,0,7,15
2025-05-19,SKU0141,102,102,7,15
2025-05-26,SKU0141,97,0,7,15
2025-06-02,SKU0141,83,0,7,15
2025-06-09,SKU0141,72,0,7,15
2025-06-16,SKU0141,59,0,7,15
2025-06-23,SKU0141,54,0,7,15
2025-06-30,SKU0141,45,0,7,15
2025-07-07,SKU0141,40,20,7,15
2025-07-14,SKU0141,171,161,7,15
2025-07-21,SKU0141,142,0,7,15
2025-07-28,SKU0141,129,0,7,15
2025-08-04,SKU0141,98,0,7,15
2025-08-11,SKU0141,82,0,7,15
2025-08-18,SKU0141,76,0,7,15
2025-08-25,SKU0141,56,18,7,15
2025-09-01,SKU0141,51,0,7,15
2025-09-08,SKU0141,30,0,7,15
2025-09-15,SKU0141,20,0,7,15
2025-09-22,SKU0141,184,184,7,15
2025-09-29,SKU0141,168,0,7,15
2025-10-06,SKU0141,146,0,7,15
2025-10-13,SKU0141,118,0,7,15
2025-10-20,SKU0141,84,0,7,15
2025-10-27,SKU0141,59,16,7,15
2025-11-03,SKU0141,42,0,7,15
2025-11-10,SKU0141,28,22,7,15
2025-11-17,SKU0141,5,0,7,15
2025-11-24,SKU0141,0,0,7,15
2025-12-01,SKU0141,0,0,7,15
2025-12-08,SKU0141,118,118,7,15
2025-12-15,SKU0141,110,0,7,15
2025-12-22,SKU0141,101,0,7,15
2025-12-29,SKU0141,95,0,7,15
2024-01-01,SKU0142,169,0,18,21
2024-01-08,SKU0142,151,0,18,21
2024-01-15,SKU0142,129,0,18,21
2024-01-22,SKU0142,115,0,18,21
2024-01-29,SKU0142,110,0,18,21
2024-02-05,SKU0142,95,0,18,21
2024-02-12,SKU0142,84,0,18,21
2024-02-19,SKU0142,60,0,18,21
2024-02-26,SKU0142,30,0,18,21
2024-03-04,SKU0142,160,158,18,21
2024-03-11,SKU0142,142,0,18,21
2024-03-18,SKU0142,126,0,18,21
2024-03-25,SKU0142,114,0,18,21
2024-04-01,SKU0142,103,0,18,21
2024-04-08,SKU0142,77,0,18,21
2024-04-15,SKU0142,50,0,18,21
2024-04-22,SKU0142,29,0,18,21
2024-04-29,SKU0142,22,0,18,21
2024-05-06,SKU0142,0,3,18,21
2024-05-13,SKU0142,85,85,18,21
2024-05-20,SKU0142,57,0,18,21
2024-05-27,SKU0142,27,27,18,21
2024-06-03,SKU0142,11,0,18,21
2024-06-10,SKU0142,119,119,18,21
2024-06-17,SKU0142,105,17,18,21
2024-06-24,SKU0142,82,0,18,21
2024-07-01,SKU0142,55,0,18,21
2024-07-08,SKU0142,23,0,18,21
2024-07-15,SKU0142,0,10,18,21
2024-07-22,SKU0142,236,236,18,21
2024-07-29,SKU0142,208,0,18,21
2024-08-05,SKU0142,180,0,18,21
2024-08-12,SKU0142,164,0,18,21
2024-08-19,SKU0142,145,0,18,21
2024-08-26,SKU0142,138,0,18,21
2024-09-02,SKU0142,126,0,18,21
2024-09-09,SKU0142,105,0,18,21
2024-09-16,SKU0142,80,0,18,21
2024-09-23,SKU0142,53,2,18,21
2024-09-30,SKU0142,26,0,18,21
2024-10-07,SKU0142,8,0,18,21
2024-10-14,SKU0142,239,237,18,21
2024-10-21,SKU0142,229,15,18,21
2024-10-28,SKU0142,210,0,18,21
2024-11-04,SKU0142,198,0,18,21
2024-11-11,SKU0142,168,0,18,21
2024-11-18,SKU0142,143,18,18,21
2024-11-25,SKU0142,110,26,18,21
2024-12-02,SKU0142,76,0,18,21
2024-12-09,SKU0142,49,0,18,21
2024-12-16,SKU0142,43,0,18,21
2024-12-23,SKU0142,23,0,18,21
2024-12-30,SKU0142,0,0,18,21
2025-01-06,SKU0142,248,248,18,21
2025-01-13,SKU0142,217,0,18,21
2025-01-20,SKU0142,192,0,18,21
2025-01-27,SKU0142,181,0,18,21
2025-02-03,SKU0142,174,0,18,21
2025-02-10,SKU0142,148,0,18,21
2025-02-17,SKU0142,119,0,18,21
2025-02-24,SKU0142,90,0,18,21
2025-03-03,SKU0142,58,22,18,21
2025-03-10,SKU0142,51,0,18,21
2025-03-17,SKU0142,46,0,18,21
2025-03-24,SKU0142,19,23,18,21
2025-03-31,SKU0142,0,0,18,21
2025-04-07,SKU0142,212,212,18,21
2025-04-14,SKU0142,201,0,18,21
2025-04-21,SKU0142,194,0,18,21
2025-04-28,SKU0142,174,0,18,21
2025-05-05,SKU0142,159,0,18,21
2025-05-12,SKU0142,129,0,18,21
2025-05-19,SKU0142,113,0,18,21
2025-05-26,SKU0142,106,0,18,21
2025-06-02,SKU0142,75,0,18,21
2025-06-09,SKU0142,64,0,18,21
2025-06-16,SKU0142,51,0,18,21
2025-06-23,SKU0142,40,0,18,21
2025-06-30,SKU0142,184,165,18,21
2025-07-07,SKU0142,178,0,18,21
2025-07-14,SKU0142,164,0,18,21
2025-07-21,SKU0142,136,0,18,21
2025-07-28,SKU0142,119,0,18,21
2025-08-04,SKU0142,89,0,18,21
2025-08-11,SKU0142,81,0,18,21
2025-08-18,SKU0142,67,0,18,21
2025-08-25,SKU0142,50,0,18,21
2025-09-01,SKU0142,35,6,18,21
2025-09-08,SKU0142,13,0,18,21
2025-09-15,SKU0142,7,0,18,21
2025-09-22,SKU0142,200,200,18,21
2025-09-29,SKU0142,182,0,18,21
2025-10-06,SKU0142,170,0,18,21
2025-10-13,SKU0142,149,0,18,21
2025-10-20,SKU0142,129,0,18,21
2025-10-27,SKU0142,124,0,18,21
2025-11-03,SKU0142,109,0,18,21
2025-11-10,SKU0142,98,0,18,21
2025-11-17,SKU0142,69,0,18,21
2025-11-24,SKU0142,59,0,18,21
2025-12-01,SKU0142,45,0,18,21
2025-12-08,SKU0142,11,29,18,21
2025-12-15,SKU0142,0,0,18,21
2025-12-22,SKU0142,89,89,18,21
2025-12-29,SKU0142,84,0,18,21
2024-01-01,SKU0143,276,0,7,43
2024-01-08,SKU0143,257,0,7,43
2024-01-15,SKU0143,248,0,7,43
2024-01-22,SKU0143,239,0,7,43
2024-01-29,SKU0143,222,0,7,43
2024-02-05,SKU0143,217,0,7,43
2024-02-12,SKU0143,196,0,7,43
2024-02-19,SKU0143,174,0,7,43
2024-02-26,SKU0143,152,7,7,43
2024-03-04,SKU0143,140,0,7,43
2024-03-11,SKU0143,129,0,7,43
2024-03-18,SKU0143,112,0,7,43
2024-03-25,SKU0143,89,0,7,43
2024-04-01,SKU0143,81,0,7,43
2024-04-08,SKU0143,52,0,7,43
2024-04-15,SKU0143,260,236,7,43
2024-04-22,SKU0143,230,0,7,43
2024-04-29,SKU0143,224,0,7,43
2024-05-06,SKU0143,212,0,7,43
2024-05-13,SKU0143,194,0,7,43
2024-05-20,SKU0143,186,0,7,43
2024-05-27,SKU0143,178,0,7,43
2024-06-03,SKU0143,164,0,7,43
2024-06-10,SKU0143,154,0,7,43
2024-06-17,SKU0143,128,0,7,43
2024-06-24,SKU0143,102,27,7,43
2024-07-01,SKU0143,79,0,7,43
2024-07-08,SKU0143,60,18,7,43
2024-07-15,SKU0143,231,198,7,43
2024-07-22,SKU0143,213,0,7,43
2024-07-29,SKU0143,184,0,7,43
2024-08-05,SKU0143,175,2,7,43
2024-08-12,SKU0143,142,0,7,43
2024-08-19,SKU0143,132,0,7,43
2024-08-26,SKU0143,112,0,7,43
2024-09-02,SKU0143,86,7,7,43
2024-09-09,SKU0143,72,0,7,43
2024-09-16,SKU0143,51,0,7,43
2024-09-23,SKU0143,137,120,7,43
2024-09-30,SKU0143,104,0,7,43
2024-10-07,SKU0143,87,0,7,43
2024-10-14,SKU0143,79,12,7,43
2024-10-21,SKU0143,60,19,7,43
2024-10-28,SKU0143,55,0,7,43
2024-11-04,SKU0143,47,11,7,43
2024-11-11,SKU0143,204,165,7,43
2024-11-18,SKU0143,186,0,7,43
2024-11-25,SKU0143,178,0,7,43
2024-12-02,SKU0143,165,0,7,43
2024-12-09,SKU0143,155,0,7,43
2024-12-16,SKU0143,126,0,7,43
2024-12-23,SKU0143,101,0,7,43
2024-12-30,SKU0143,78,9,7,43
2025-01-06,SKU0143,53,0,7,43
2025-01-13,SKU0143,172,134,7,43
2025-01-20,SKU0143,164,0,7,43
2025-01-27,SKU0143,155,0,7,43
2025-02-03,SKU0143,128,0,7,43
2025-02-10,SKU0143,97,0,7,43
2025-02-17,SKU0143,74,0,7,43
2025-02-24,SKU0143,60,0,7,43
2025-03-03,SKU0143,234,196,7,43
2025-03-10,SKU0143,219,0,7,43
2025-03-17,SKU0143,211,0,7,43
2025-03-24,SKU0143,200,27,7,43
2025-03-31,SKU0143,191,0,7,43
2025-04-07,SKU0143,165,0,7,43
2025-04-14,SKU0143,154,0,7,43
2025-04-21,SKU0143,136,0,7,43
2025-04-28,SKU0143,123,0,7,43
2025-05-05,SKU0143,110,0,7,43
2025-05-12,SKU0143,97,15,7,43
2025-05-19,SKU0143,82,0,7,43
2025-05-26,SKU0143,60,0,7,43
2025-06-02,SKU0143,53,0,7,43
2025-06-09,SKU0143,20,0,7,43
2025-06-16,SKU0143,229,229,7,43
2025-06-23,SKU0143,207,0,7,43
2025-06-30,SKU0143,196,0,7,43
2025-07-07,SKU0143,173,0,7,43
2025-07-14,SKU0143,141,0,7,43
2025-07-21,SKU0143,107,0,7,43
2025-07-28,SKU0143,80,0,7,43
2025-08-04,SKU0143,67,0,7,43
2025-08-11,SKU0143,135,99,7,43
2025-08-18,SKU0143,110,20,7,43
2025-08-25,SKU0143,91,6,7,43
2025-09-01,SKU0143,79,0,7,43
2025-09-08,SKU0143,47,0,7,43
2025-09-15,SKU0143,39,23,7,43
2025-09-22,SKU0143,158,152,7,43
2025-09-29,SKU0143,138,0,7,43
2025-10-06,SKU0143,113,0,7,43
2025-10-13,SKU0143,86,0,7,43
2025-10-20,SKU0143,65,0,7,43
2025-10-27,SKU0143,32,0,7,43
2025-11-03,SKU0143,156,140,7,43
2025-11-10,SKU0143,138,0,7,43
2025-11-17,SKU0143,128,18,7,43
2025-11-24,SKU0143,123,0,7,43
2025-12-01,SKU0143,89,0,7,43
2025-12-08,SKU0143,82,0,7,43
2025-12-15,SKU0143,58,0,7,43
2025-12-22,SKU0143,49,17,7,43
2025-12-29,SKU0143,237,210,7,43
2024-01-01,SKU0144,209,11,14,43
2024-01-08,SKU0144,176,0,14,43
2024-01-15,SKU0144,162,0,14,43
2024-01-22,SKU0144,139,28,14,43
2024-01-29,SKU0144,119,0,14,43
2024-02-05,SKU0144,106,0,14,43
2024-02-12,SKU0144,76,0,14,43
2024-02-19,SKU0144,57,24,14,43
2024-02-26,SKU0144,185,157,14,43
2024-03-04,SKU0144,166,0,14,43
2024-03-11,SKU0144,138,0,14,43
2024-03-18,SKU0144,120,15,14,43
2024-03-25,SKU0144,100,14,14,43
2024-04-01,SKU0144,72,0,14,43
2024-04-08,SKU0144,55,0,14,43
2024-04-15,SKU0144,246,223,14,43
2024-04-22,SKU0144,231,0,14,43
2024-04-29,SKU0144,204,0,14,43
2024-05-06,SKU0144,189,24,14,43
2024-05-13,SKU0144,174,0,14,43
2024-05-20,SKU0144,146,0,14,43
2024-05-27,SKU0144,134,0,14,43
2024-06-03,SKU0144,111,19,14,43
2024-06-10,SKU0144,82,0,14,43
2024-06-17,SKU0144,61,0,14,43
2024-06-24,SKU0144,165,128,14,43
2024-07-01,SKU0144,140,12,14,43
2024-07-08,SKU0144,128,0,14,43
2024-07-15,SKU0144,116,0,14,43
2024-07-22,SKU0144,82,0,14,43
2024-07-29,SKU0144,70,0,14,43
2024-08-05,SKU0144,44,3,14,43
2024-08-12,SKU0144,143,130,14,43
2024-08-19,SKU0144,124,0,14,43
2024-08-26,SKU0144,118,0,14,43
2024-09-02,SKU0144,97,0,14,43
2024-09-09,SKU0144,83,0,14,43
2024-09-16,SKU0144,50,0,14,43
2024-09-23,SKU0144,20,16,14,43
2024-09-30,SKU0144,15,0,14,43
2024-10-07,SKU0144,155,155,14,43
2024-10-14,SKU0144,136,0,14,43
2024-10-21,SKU0144,105,11,14,43
2024-10-28,SKU0144,82,0,14,43
2024-11-04,SKU0144,53,0,14,43
2024-11-11,SKU0144,41,0,14,43
2024-11-18,SKU0144,116,101,14,43
2024-11-25,SKU0144,99,0,14,43
2024-12-02,SKU0144,71,0,14,43
2024-12-09,SKU0144,61,0,14,43
2024-12-16,SKU0144,155,113,14,43
2024-12-23,SKU0144,122,0,14,43
2024-12-30,SKU0144,90,21,14,43
2025-01-06,SKU0144,83,0,14,43
2025-01-13,SKU0144,63,29,14,43
2025-01-20,SKU0144,45,13,14,43
2025-01-27,SKU0144,12,0,14,43
2025-02-03,SKU0144,157,157,14,43
2025-02-10,SKU0144,151,0,14,43
2025-02-17,SKU0144,137,0,14,43
2025-02-24,SKU0144,128,24,14,43
2025-03-03,SKU0144,122,0,14,43
2025-03-10,SKU0144,117,13,14,43
2025-03-17,SKU0144,95,12,14,43
2025-03-24,SKU0144,68,0,14,43
2025-03-31,SKU0144,60,0,14,43
2025-04-07,SKU0144,54,0,14,43
2025-04-14,SKU0144,44,0,14,43
2025-04-21,SKU0144,228,213,14,43
2025-04-28,SKU0144,209,0,14,43
2025-05-05,SKU0144,187,0,14,43
2025-05-12,SKU0144,177,1,14,43
2025-05-19,SKU0144,157,0,14,43
2025-05-26,SKU0144,141,19,14,43
2025-06-02,SKU0144,110,0,14,43
2025-06-09,SKU0144,78,0,14,43
2025-06-16,SKU0144,46,0,14,43
2025-06-23,SKU0144,38,0,14,43
2025-06-30,SKU0144,8,0,14,43
2025-07-07,SKU0144,0,0,14,43
2025-07-14,SKU0144,0,0,14,43
2025-07-21,SKU0144,0,0,14,43
2025-07-28,SKU0144,113,113,14,43
2025-08-04,SKU0144,88,0,14,43
2025-08-11,SKU0144,55,7,14,43
2025-08-18,SKU0144,49,18,14,43
2025-08-25,SKU0144,28,0,14,43
2025-09-01,SKU0144,13,0,14,43
2025-09-08,SKU0144,0,0,14,43
2025-09-15,SKU0144,0,0,14,43
2025-09-22,SKU0144,219,219,14,43
2025-09-29,SKU0144,199,25,14,43
2025-10-06,SKU0144,179,19,14,43
2025-10-13,SKU0144,146,0,14,43
2025-10-20,SKU0144,117,0,14,43
2025-10-27,SKU0144,107,0,14,43
2025-11-03,SKU0144,83,0,14,43
2025-11-10,SKU0144,51,20,14,43
2025-11-17,SKU0144,229,211,14,43
2025-11-24,SKU0144,220,0,14,43
2025-12-01,SKU0144,198,0,14,43
2025-12-08,SKU0144,186,0,14,43
2025-12-15,SKU0144,157,0,14,43
2025-12-22,SKU0144,133,21,14,43
2025-12-29,SKU0144,122,13,14,43
2024-01-01,SKU0145,73,0,23,45
2024-01-08,SKU0145,152,113,23,45
2024-01-15,SKU0145,147,0,23,45
2024-01-22,SKU0145,117,24,23,45
2024-01-29,SKU0145,96,0,23,45
2024-02-05,SKU0145,87,0,23,45
2024-02-12,SKU0145,74,0,23,45
2024-02-19,SKU0145,50,0,23,45
2024-02-26,SKU0145,183,154,23,45
2024-03-04,SKU0145,164,0,23,45
2024-03-11,SKU0145,137,0,23,45
2024-03-18,SKU0145,112,0,23,45
2024-03-25,SKU0145,99,0,23,45
2024-04-01,SKU0145,85,0,23,45
2024-04-08,SKU0145,51,5,23,45
2024-04-15,SKU0145,173,143,23,45
2024-04-22,SKU0145,161,0,23,45
2024-04-29,SKU0145,150,0,23,45
2024-05-06,SKU0145,137,0,23,45
2024-05-13,SKU0145,126,26,23,45
2024-05-20,SKU0145,92,0,23,45
2024-05-27,SKU0145,76,0,23,45
2024-06-03,SKU0145,57,0,23,45
2024-06-10,SKU0145,187,149,23,45
2024-06-17,SKU0145,161,0,23,45
2024-06-24,SKU0145,127,0,23,45
2024-07-01,SKU0145,102,25,23,45
2024-07-08,SKU0145,90,0,23,45
2024-07-15,SKU0145,70,0,23,45
2024-07-22,SKU0145,52,0,23,45
2024-07-29,SKU0145,20,0,23,45
2024-08-05,SKU0145,0,11,23,45
2024-08-12,SKU0145,225,225,23,45
2024-08-19,SKU0145,217,0,23,45
2024-08-26,SKU0145,188,13,23,45
2024-09-02,SKU0145,179,0,23,45
2024-09-09,SKU0145,148,0,23,45
2024-09-16,SKU0145,135,20,23,45
2024-09-23,SKU0145,118,0,23,45
2024-09-30,SKU0145,91,0,23,45
2024-10-07,SKU0145,83,0,23,45
2024-10-14,SKU0145,55,0,23,45
2024-10-21,SKU0145,249,220,23,45
2024-10-28,SKU0145,237,10,23,45
2024-11-04,SKU0145,218,6,23,45
2024-11-11,SKU0145,213,0,23,45
2024-11-18,SKU0145,208,0,23,45
2024-11-25,SKU0145,199,0,23,45
2024-12-02,SKU0145,167,0,23,45
2024-12-09,SKU0145,141,0,23,45
2024-12-16,SKU0145,108,10,23,45
2024-12-23,SKU0145,86,9,23,45
2024-12-30,SKU0145,71,0,23,45
2025-01-06,SKU0145,53,0,23,45
2025-01-13,SKU0145,159,119,23,45
2025-01-20,SKU0145,132,0,23,45
2025-01-27,SKU0145,122,0,23,45
2025-02-03,SKU0145,107,12,23,45
2025-02-10,SKU0145,97,0,23,45
2025-02-17,SKU0145,69,27,23,45
2025-02-24,SKU0145,50,0,23,45
2025-03-03,SKU0145,22,0,23,45
2025-03-10,SKU0145,213,210,23,45
2025-03-17,SKU0145,180,0,23,45
2025-03-24,SKU0145,156,0,23,45
2025-03-31,SKU0145,140,0,23,45
2025-04-07,SKU0145,114,0,23,45
2025-04-14,SKU0145,93,0,23,45
2025-04-21,SKU0145,64,0,23,45
2025-04-28,SKU0145,32,0,23,45
2025-05-05,SKU0145,244,230,23,45
2025-05-12,SKU0145,221,0,23,45
2025-05-19,SKU0145,211,1,23,45
2025-05-26,SKU0145,203,0,23,45
2025-06-02,SKU0145,170,0,23,45
2025-06-09,SKU0145,162,0,23,45
2025-06-16,SKU0145,156,0,23,45
2025-06-23,SKU0145,140,0,23,45
2025-06-30,SKU0145,117,0,23,45
2025-07-07,SKU0145,91,0,23,45
2025-07-14,SKU0145,70,0,23,45
2025-07-21,SKU0145,51,0,23,45
2025-07-28,SKU0145,218,178,23,45
2025-08-04,SKU0145,188,0,23,45
2025-08-11,SKU0145,170,14,23,45
2025-08-18,SKU0145,161,0,23,45
2025-08-25,SKU0145,147,0,23,45
2025-09-01,SKU0145,142,0,23,45
2025-09-08,SKU0145,132,0,23,45
2025-09-15,SKU0145,105,0,23,45
2025-09-22,SKU0145,98,0,23,45
2025-09-29,SKU0145,74,0,23,45
2025-10-06,SKU0145,67,0,23,45
2025-10-13,SKU0145,48,0,23,45
2025-10-20,SKU0145,21,0,23,45
2025-10-27,SKU0145,0,0,23,45
2025-11-03,SKU0145,0,0,23,45
2025-11-10,SKU0145,0,0,23,45
2025-11-17,SKU0145,0,0,23,45
2025-11-24,SKU0145,0,0,23,45
2025-12-01,SKU0145,208,208,23,45
2025-12-08,SKU0145,191,0,23,45
2025-12-15,SKU0145,163,0,23,45
2025-12-22,SKU0145,157,0,23,45
2025-12-29,SKU0145,139,0,23,45
2024-01-01,SKU0146,242,0,17,45
2024-01-08,SKU0146,230,0,17,45
2024-01-15,SKU0146,205,0,17,45
2024-01-22,SKU0146,173,0,17,45
2024-01-29,SKU0146,142,0,17,45
2024-02-05,SKU0146,113,0,17,45
2024-02-12,SKU0146,81,24,17,45
2024-02-19,SKU0146,55,28,17,45
2024-02-26,SKU0146,47,0,17,45
2024-03-04,SKU0146,202,167,17,45
2024-03-11,SKU0146,194,0,17,45
2024-03-18,SKU0146,175,0,17,45
2024-03-25,SKU0146,169,0,17,45
2024-04-01,SKU0146,154,0,17,45
2024-04-08,SKU0146,121,0,17,45
2024-04-15,SKU0146,98,0,17,45
2024-04-22,SKU0146,72,0,17,45
2024-04-29,SKU0146,142,101,17,45
2024-05-06,SKU0146,137,0,17,45
2024-05-13,SKU0146,130,27,17,45
2024-05-20,SKU0146,100,0,17,45
2024-05-27,SKU0146,90,0,17,45
2024-06-03,SKU0146,56,0,17,45
2024-06-10,SKU0146,49,0,17,45
2024-06-17,SKU0146,37,0,17,45
2024-06-24,SKU0146,4,0,17,45
2024-07-01,SKU0146,234,234,17,45
2024-07-08,SKU0146,223,0,17,45
2024-07-15,SKU0146,218,0,17,45
2024-07-22,SKU0146,198,0,17,45
2024-07-29,SKU0146,168,0,17,45
2024-08-05,SKU0146,140,0,17,45
2024-08-12,SKU0146,112,0,17,45
2024-08-19,SKU0146,81,0,17,45
2024-08-26,SKU0146,71,0,17,45
2024-09-02,SKU0146,54,0,17,45
2024-09-09,SKU0146,182,158,17,45
2024-09-16,SKU0146,177,0,17,45
2024-09-23,SKU0146,154,0,17,45
2024-09-30,SKU0146,146,0,17,45
2024-10-07,SKU0146,136,0,17,45
2024-10-14,SKU0146,120,0,17,45
2024-10-21,SKU0146,86,0,17,45
2024-10-28,SKU0146,62,0,17,45
2024-11-04,SKU0146,264,234,17,45
2024-11-11,SKU0146,248,0,17,45
2024-11-18,SKU0146,227,0,17,45
2024-11-25,SKU0146,211,7,17,45
2024-12-02,SKU0146,183,0,17,45
2024-12-09,SKU0146,156,0,17,45
2024-12-16,SKU0146,144,3,17,45
2024-12-23,SKU0146,127,14,17,45
2024-12-30,SKU0146,108,0,17,45
2025-01-06,SKU0146,80,0,17,45
2025-01-13,SKU0146,72,0,17,45
2025-01-20,SKU0146,42,0,17,45
2025-01-27,SKU0146,232,217,17,45
2025-02-03,SKU0146,222,12,17,45
2025-02-10,SKU0146,190,0,17,45
2025-02-17,SKU0146,166,0,17,45
2025-02-24,SKU0146,134,0,17,45
2025-03-03,SKU0146,117,0,17,45
2025-03-10,SKU0146,89,0,17,45
2025-03-17,SKU0146,62,0,17,45
2025-03-24,SKU0146,32,11,17,45
2025-03-31,SKU0146,233,226,17,45
2025-04-07,SKU0146,213,0,17,45
2025-04-14,SKU0146,179,0,17,45
2025-04-21,SKU0146,164,0,17,45
2025-04-28,SKU0146,138,0,17,45
2025-05-05,SKU0146,108,0,17,45
2025-05-12,SKU0146,102,0,17,45
2025-05-19,SKU0146,68,0,17,45
2025-05-26,SKU0146,291,248,17,45
2025-06-02,SKU0146,263,0,17,45
2025-06-09,SKU0146,239,0,17,45
2025-06-16,SKU0146,224,0,17,45
2025-06-23,SKU0146,210,0,17,45
2025-06-30,SKU0146,205,0,17,45
2025-07-07,SKU0146,197,0,17,45
2025-07-14,SKU0146,175,0,17,45
2025-07-21,SKU0146,141,0,17,45
2025-07-28,SKU0146,110,0,17,45
2025-08-04,SKU0146,92,0,17,45
2025-08-11,SKU0146,76,0,17,45
2025-08-18,SKU0146,53,0,17,45
2025-08-25,SKU0146,27,0,17,45
2025-09-01,SKU0146,0,0,17,45
2025-09-08,SKU0146,130,130,17,45
2025-09-15,SKU0146,109,0,17,45
2025-09-22,SKU0146,79,0,17,45
2025-09-29,SKU0146,51,0,17,45
2025-10-06,SKU0146,280,245,17,45
2025-10-13,SKU0146,247,0,17,45
2025-10-20,SKU0146,235,0,17,45
2025-10-27,SKU0146,207,6,17,45
2025-11-03,SKU0146,199,0,17,45
2025-11-10,SKU0146,165,0,17,45
2025-11-17,SKU0146,158,10,17,45
2025-11-24,SKU0146,132,0,17,45
2025-12-01,SKU0146,126,0,17,45
2025-12-08,SKU0146,107,0,17,45
2025-12-15,SKU0146,78,0,17,45
2025-12-22,SKU0146,57,0,17,45
2025-12-29,SKU0146,30,0,17,45
2024-01-01,SKU0147,250,20,9,51
2024-01-08,SKU0147,221,0,9,51
2024-01-15,SKU0147,189,4,9,51
2024-01-22,SKU0147,163,0,9,51
2024-01-29,SKU0147,132,18,9,51
2024-02-05,SKU0147,101,0,9,51
2024-02-12,SKU0147,70,0,9,51
2024-02-19,SKU0147,51,0,9,51
2024-02-26,SKU0147,46,0,9,51
2024-03-04,SKU0147,12,0,9,51
2024-03-11,SKU0147,81,81,9,51
2024-03-18,SKU0147,62,0,9,51
2024-03-25,SKU0147,34,0,9,51
2024-04-01,SKU0147,148,134,9,51
2024-04-08,SKU0147,118,23,9,51
2024-04-15,SKU0147,97,0,9,51
2024-04-22,SKU0147,88,0,9,51
2024-04-29,SKU0147,64,0,9,51
2024-05-06,SKU0147,36,0,9,51
2024-05-13,SKU0147,9,0,9,51
2024-05-20,SKU0147,219,219,9,51
2024-05-27,SKU0147,195,3,9,51
2024-06-03,SKU0147,180,7,9,51
2024-06-10,SKU0147,151,26,9,51
2024-06-17,SKU0147,138,0,9,51
2024-06-24,SKU0147,127,0,9,51
2024-07-01,SKU0147,102,0,9,51
2024-07-08,SKU0147,91,0,9,51
2024-07-15,SKU0147,69,0,9,51
2024-07-22,SKU0147,195,160,9,51
2024-07-29,SKU0147,170,0,9,51
2024-08-05,SKU0147,165,0,9,51
2024-08-12,SKU0147,157,0,9,51
2024-08-19,SKU0147,149,21,9,51
2024-08-26,SKU0147,137,0,9,51
2024-09-02,SKU0147,110,0,9,51
2024-09-09,SKU0147,98,0,9,51
2024-09-16,SKU0147,83,0,9,51
2024-09-23,SKU0147,65,0,9,51
2024-09-30,SKU0147,55,0,9,51
2024-10-07,SKU0147,30,0,9,51
2024-10-14,SKU0147,0,0,9,51
2024-10-21,SKU0147,126,126,9,51
2024-10-28,SKU0147,104,0,9,51
2024-11-04,SKU0147,80,0,9,51
2024-11-11,SKU0147,64,0,9,51
2024-11-18,SKU0147,57,5,9,51
2024-11-25,SKU0147,261,219,9,51
2024-12-02,SKU0147,241,0,9,51
2024-12-09,SKU0147,210,0,9,51
2024-12-16,SKU0147,186,0,9,51
2024-12-23,SKU0147,177,0,9,51
2024-12-30,SKU0147,169,12,9,51
2025-01-06,SKU0147,139,0,9,51
2025-01-13,SKU0147,134,0,9,51
2025-01-20,SKU0147,121,0,9,51
2025-01-27,SKU0147,100,0,9,51
2025-02-03,SKU0147,87,0,9,51
2025-02-10,SKU0147,62,0,9,51
2025-02-17,SKU0147,28,0,9,51
2025-02-24,SKU0147,0,0,9,51
2025-03-03,SKU0147,0,0,9,51
2025-03-10,SKU0147,98,98,9,51
2025-03-17,SKU0147,72,0,9,51
2025-03-24,SKU0147,59,21,9,51
2025-03-31,SKU0147,49,0,9,51
2025-04-07,SKU0147,17,0,9,51
2025-04-14,SKU0147,141,141,9,51
2025-04-21,SKU0147,107,0,9,51
2025-04-28,SKU0147,90,0,9,51
2025-05-05,SKU0147,80,0,9,51
2025-05-12,SKU0147,72,0,9,51
2025-05-19,SKU0147,151,107,9,51
2025-05-26,SKU0147,122,9,9,51
2025-06-02,SKU0147,91,0,9,51
2025-06-09,SKU0147,80,29,9,51
2025-06-16,SKU0147,61,13,9,51
2025-06-23,SKU0147,190,143,9,51
2025-06-30,SKU0147,178,0,9,51
2025-07-07,SKU0147,156,0,9,51
2025-07-14,SKU0147,136,0,9,51
2025-07-21,SKU0147,123,0,9,51
2025-07-28,SKU0147,116,0,9,51
2025-08-04,SKU0147,103,0,9,51
2025-08-11,SKU0147,92,0,9,51
2025-08-18,SKU0147,66,0,9,51
2025-08-25,SKU0147,293,249,9,51
2025-09-01,SKU0147,283,0,9,51
2025-09-08,SKU0147,264,13,9,51
2025-09-15,SKU0147,243,0,9,51
2025-09-22,SKU0147,233,0,9,51
2025-09-29,SKU0147,223,0,9,51
2025-10-06,SKU0147,216,2,9,51
2025-10-13,SKU0147,195,0,9,51
2025-10-20,SKU0147,166,0,9,51
2025-10-27,SKU0147,152,12,9,51
2025-11-03,SKU0147,123,0,9,51
2025-11-10,SKU0147,94,0,9,51
2025-11-17,SKU0147,76,23,9,51
2025-11-24,SKU0147,51,0,9,51
2025-12-01,SKU0147,27,16,9,51
2025-12-08,SKU0147,2,0,9,51
2025-12-15,SKU0147,0,0,9,51
2025-12-22,SKU0147,217,217,9,51
2025-12-29,SKU0147,205,0,9,51
2024-01-01,SKU0148,80,0,17,30
2024-01-08,SKU0148,70,0,17,30
2024-01-15,SKU0148,60,24,17,30
2024-01-22,SKU0148,45,0,17,30
2024-01-29,SKU0148,16,0,17,30
2024-02-05,SKU0148,0,7,17,30
2024-02-12,SKU0148,113,113,17,30
2024-02-19,SKU0148,95,0,17,30
2024-02-26,SKU0148,88,0,17,30
2024-03-04,SKU0148,60,0,17,30
2024-03-11,SKU0148,46,0,17,30
2024-03-18,SKU0148,34,28,17,30
2024-03-25,SKU0148,113,85,17,30
2024-04-01,SKU0148,79,0,17,30
2024-04-08,SKU0148,58,9,17,30
2024-04-15,SKU0148,33,0,17,30
2024-04-22,SKU0148,92,87,17,30
2024-04-29,SKU0148,74,0,17,30
2024-05-06,SKU0148,48,0,17,30
2024-05-13,SKU0148,33,0,17,30
2024-05-20,SKU0148,200,175,17,30
2024-05-27,SKU0148,194,0,17,30
2024-06-03,SKU0148,189,13,17,30
2024-06-10,SKU0148,173,25,17,30
2024-06-17,SKU0148,162,0,17,30
2024-06-24,SKU0148,128,0,17,30
2024-07-01,SKU0148,116,0,17,30
2024-07-08,SKU0148,108,0,17,30
2024-07-15,SKU0148,80,0,17,30
2024-07-22,SKU0148,50,0,17,30
2024-07-29,SKU0148,228,207,17,30
2024-08-05,SKU0148,203,0,17,30
2024-08-12,SKU0148,197,20,17,30
2024-08-19,SKU0148,167,0,17,30
2024-08-26,SKU0148,162,11,17,30
2024-09-02,SKU0148,147,0,17,30
2024-09-09,SKU0148,133,0,17,30
2024-09-16,SKU0148,118,0,17,30
2024-09-23,SKU0148,110,0,17,30
2024-09-30,SKU0148,93,0,17,30
2024-10-07,SKU0148,64,0,17,30
2024-10-14,SKU0148,47,4,17,30
2024-10-21,SKU0148,206,193,17,30
2024-10-28,SKU0148,191,0,17,30
2024-11-04,SKU0148,163,0,17,30
2024-11-11,SKU0148,156,0,17,30
2024-11-18,SKU0148,137,0,17,30
2024-11-25,SKU0148,130,0,17,30
2024-12-02,SKU0148,106,0,17,30
2024-12-09,SKU0148,94,0,17,30
2024-12-16,SKU0148,66,0,17,30
2024-12-23,SKU0148,34,0,17,30
2024-12-30,SKU0148,180,175,17,30
2025-01-06,SKU0148,169,0,17,30
2025-01-13,SKU0148,144,0,17,30
2025-01-20,SKU0148,123,0,17,30
2025-01-27,SKU0148,105,24,17,30
2025-02-03,SKU0148,84,0,17,30
2025-02-10,SKU0148,77,0,17,30
2025-02-17,SKU0148,56,0,17,30
2025-02-24,SKU0148,33,0,17,30
2025-03-03,SKU0148,163,157,17,30
2025-03-10,SKU0148,158,12,17,30
2025-03-17,SKU0148,146,0,17,30
2025-03-24,SKU0148,121,0,17,30
2025-03-31,SKU0148,93,0,17,30
2025-04-07,SKU0148,79,0,17,30
2025-04-14,SKU0148,63,0,17,30
2025-04-21,SKU0148,51,0,17,30
2025-04-28,SKU0148,218,193,17,30
2025-05-05,SKU0148,206,0,17,30
2025-05-12,SKU0148,178,0,17,30
2025-05-19,SKU0148,146,0,17,30
2025-05-26,SKU0148,130,0,17,30
2025-06-02,SKU0148,125,0,17,30
2025-06-09,SKU0148,108,0,17,30
2025-06-16,SKU0148,91,17,17,30
2025-06-23,SKU0148,81,8,17,30
2025-06-30,SKU0148,55,0,17,30
2025-07-07,SKU0148,46,0,17,30
2025-07-14,SKU0148,38,0,17,30
2025-07-21,SKU0148,9,0,17,30
2025-07-28,SKU0148,187,187,17,30
2025-08-04,SKU0148,154,0,17,30
2025-08-11,SKU0148,149,0,17,30
2025-08-18,SKU0148,140,0,17,30
2025-08-25,SKU0148,124,0,17,30
2025-09-01,SKU0148,90,0,17,30
2025-09-08,SKU0148,80,0,17,30
2025-09-15,SKU0148,66,25,17,30
2025-09-22,SKU0148,44,0,17,30
2025-09-29,SKU0148,15,0,17,30
2025-10-06,SKU0148,101,91,17,30
2025-10-13,SKU0148,75,0,17,30
2025-10-20,SKU0148,67,3,17,30
2025-10-27,SKU0148,53,0,17,30
2025-11-03,SKU0148,28,0,17,30
2025-11-10,SKU0148,203,203,17,30
2025-11-17,SKU0148,174,0,17,30
2025-11-24,SKU0148,163,0,17,30
2025-12-01,SKU0148,142,0,17,30
2025-12-08,SKU0148,115,0,17,30
2025-12-15,SKU0148,100,0,17,30
2025-12-22,SKU0148,77,0,17,30
2025-12-29,SKU0148,58,0,17,30
2024-01-01,SKU0149,268,0,9,50
2024-01-08,SKU0149,262,0,9,50
2024-01-15,SKU0149,234,0,9,50
2024-01-22,SKU0149,206,0,9,50
2024-01-29,SKU0149,196,0,9,50
2024-02-05,SKU0149,167,0,9,50
2024-02-12,SKU0149,156,0,9,50
2024-02-19,SKU0149,141,0,9,50
2024-02-26,SKU0149,135,0,9,50
2024-03-04,SKU0149,119,28,9,50
2024-03-11,SKU0149,114,0,9,50
2024-03-18,SKU0149,88,0,9,50
2024-03-25,SKU0149,59,0,9,50
2024-04-01,SKU0149,52,0,9,50
2024-04-08,SKU0149,27,0,9,50
2024-04-15,SKU0149,202,188,9,50
2024-04-22,SKU0149,185,18,9,50
2024-04-29,SKU0149,180,7,9,50
2024-05-06,SKU0149,146,0,9,50
2024-05-13,SKU0149,129,11,9,50
2024-05-20,SKU0149,122,0,9,50
2024-05-27,SKU0149,107,0,9,50
2024-06-03,SKU0149,76,0,9,50
2024-06-10,SKU0149,43,0,9,50
2024-06-17,SKU0149,238,212,9,50
2024-06-24,SKU0149,206,0,9,50
2024-07-01,SKU0149,181,22,9,50
2024-07-08,SKU0149,171,0,9,50
2024-07-15,SKU0149,139,0,9,50
2024-07-22,SKU0149,127,0,9,50
2024-07-29,SKU0149,111,21,9,50
2024-08-05,SKU0149,105,0,9,50
2024-08-12,SKU0149,79,0,9,50
2024-08-19,SKU0149,60,0,9,50
2024-08-26,SKU0149,208,181,9,50
2024-09-02,SKU0149,187,0,9,50
2024-09-09,SKU0149,170,0,9,50
2024-09-16,SKU0149,136,0,9,50
2024-09-23,SKU0149,122,0,9,50
2024-09-30,SKU0149,90,0,9,50
2024-10-07,SKU0149,60,0,9,50
2024-10-14,SKU0149,36,0,9,50
2024-10-21,SKU0149,3,0,9,50
2024-10-28,SKU0149,206,206,9,50
2024-11-04,SKU0149,194,0,9,50
2024-11-11,SKU0149,173,0,9,50
2024-11-18,SKU0149,167,0,9,50
2024-11-25,SKU0149,148,0,9,50
2024-12-02,SKU0149,132,13,9,50
2024-12-09,SKU0149,126,0,9,50
2024-12-16,SKU0149,100,0,9,50
2024-12-23,SKU0149,68,0,9,50
2024-12-30,SKU0149,201,156,9,50
2025-01-06,SKU0149,185,0,9,50
2025-01-13,SKU0149,179,0,9,50
2025-01-20,SKU0149,154,0,9,50
2025-01-27,SKU0149,142,0,9,50
2025-02-03,SKU0149,116,0,9,50
2025-02-10,SKU0149,109,0,9,50
2025-02-17,SKU0149,87,0,9,50
2025-02-24,SKU0149,70,0,9,50
2025-03-03,SKU0149,213,172,9,50
2025-03-10,SKU0149,208,12,9,50
2025-03-17,SKU0149,180,0,9,50
2025-03-24,SKU0149,165,0,9,50
2025-03-31,SKU0149,137,0,9,50
2025-04-07,SKU0149,126,0,9,50
2025-04-14,SKU0149,94,0,9,50
2025-04-21,SKU0149,86,0,9,50
2025-04-28,SKU0149,58,0,9,50
2025-05-05,SKU0149,139,100,9,50
2025-05-12,SKU0149,119,0,9,50
2025-05-19,SKU0149,85,0,9,50
2025-05-26,SKU0149,65,0,9,50
2025-06-02,SKU0149,33,0,9,50
2025-06-09,SKU0149,223,206,9,50
2025-06-16,SKU0149,212,0,9,50
2025-06-23,SKU0149,198,0,9,50
2025-06-30,SKU0149,171,0,9,50
2025-07-07,SKU0149,165,0,9,50
2025-07-14,SKU0149,139,27,9,50
2025-07-21,SKU0149,114,0,9,50
2025-07-28,SKU0149,109,0,9,50
2025-08-04,SKU0149,81,0,9,50
2025-08-11,SKU0149,58,0,9,50
2025-08-18,SKU0149,34,0,9,50
2025-08-25,SKU0149,153,138,9,50
2025-09-01,SKU0149,121,0,9,50
2025-09-08,SKU0149,96,4,9,50
2025-09-15,SKU0149,89,0,9,50
2025-09-22,SKU0149,60,0,9,50
2025-09-29,SKU0149,206,157,9,50
2025-10-06,SKU0149,188,0,9,50
2025-10-13,SKU0149,179,0,9,50
2025-10-20,SKU0149,172,0,9,50
2025-10-27,SKU0149,142,0,9,50
2025-11-03,SKU0149,129,0,9,50
2025-11-10,SKU0149,103,0,9,50
2025-11-17,SKU0149,93,0,9,50
2025-11-24,SKU0149,81,0,9,50
2025-12-01,SKU0149,255,205,9,50
2025-12-08,SKU0149,247,0,9,50
2025-12-15,SKU0149,221,0,9,50
2025-12-22,SKU0149,203,0,9,50
2025-12-29,SKU0149,190,0,9,50
2024-01-01,SKU0150,248,0,11,15
2024-01-08,SKU0150,218,25,11,15
2024-01-15,SKU0150,192,0,11,15
2024-01-22,SKU0150,165,0,11,15
2024-01-29,SKU0150,145,29,11,15
2024-02-05,SKU0150,136,4,11,15
2024-02-12,SKU0150,126,0,11,15
2024-02-19,SKU0150,106,22,11,15
2024-02-26,SKU0150,78,0,11,15
2024-03-04,SKU0150,72,0,11,15
2024-03-11,SKU0150,39,0,11,15
2024-03-18,SKU0150,24,0,11,15
2024-03-25,SKU0150,3,0,11,15
2024-04-01,SKU0150,216,216,11,15
2024-04-08,SKU0150,191,0,11,15
2024-04-15,SKU0150,177,0,11,15
2024-04-22,SKU0150,148,21,11,15
2024-04-29,SKU0150,138,0,11,15
2024-05-06,SKU0150,108,4,11,15
2024-05-13,SKU0150,99,1,11,15
2024-05-20,SKU0150,74,0,11,15
2024-05-27,SKU0150,49,0,11,15
2024-06-03,SKU0150,42,0,11,15
2024-06-10,SKU0150,35,0,11,15
2024-06-17,SKU0150,12,9,11,15
2024-06-24,SKU0150,163,163,11,15
2024-07-01,SKU0150,158,0,11,15
2024-07-08,SKU0150,134,1,11,15
2024-07-15,SKU0150,107,0,11,15
2024-07-22,SKU0150,80,3,11,15
2024-07-29,SKU0150,56,0,11,15
2024-08-05,SKU0150,38,27,11,15
2024-08-12,SKU0150,14,0,11,15
2024-08-19,SKU0150,216,216,11,15
2024-08-26,SKU0150,198,25,11,15
2024-09-02,SKU0150,172,0,11,15
2024-09-09,SKU0150,160,0,11,15
2024-09-16,SKU0150,150,0,11,15
2024-09-23,SKU0150,123,0,11,15
2024-09-30,SKU0150,104,0,11,15
2024-10-07,SKU0150,89,0,11,15
2024-10-14,SKU0150,78,0,11,15
2024-10-21,SKU0150,69,0,11,15
2024-10-28,SKU0150,55,0,11,15
2024-11-04,SKU0150,36,2,11,15
2024-11-11,SKU0150,28,0,11,15
2024-11-18,SKU0150,101,90,11,15
2024-11-25,SKU0150,88,0,11,15
2024-12-02,SKU0150,54,0,11,15
2024-12-09,SKU0150,36,0,11,15
2024-12-16,SKU0150,5,0,11,15
2024-12-23,SKU0150,0,0,11,15
2024-12-30,SKU0150,0,0,11,15
2025-01-06,SKU0150,0,0,11,15
2025-01-13,SKU0150,96,96,11,15
2025-01-20,SKU0150,70,6,11,15
2025-01-27,SKU0150,53,7,11,15
2025-02-03,SKU0150,33,0,11,15
2025-02-10,SKU0150,20,0,11,15
2025-02-17,SKU0150,0,0,11,15
2025-02-24,SKU0150,174,174,11,15
2025-03-03,SKU0150,153,0,11,15
2025-03-10,SKU0150,144,17,11,15
2025-03-17,SKU0150,136,14,11,15
2025-03-24,SKU0150,112,0,11,15
2025-03-31,SKU0150,99,0,11,15
2025-04-07,SKU0150,86,12,11,15
2025-04-14,SKU0150,67,0,11,15
2025-04-21,SKU0150,42,0,11,15
2025-04-28,SKU0150,16,0,11,15
2025-05-05,SKU0150,157,157,11,15
2025-05-12,SKU0150,130,0,11,15
2025-05-19,SKU0150,107,0,11,15
2025-05-26,SKU0150,91,0,11,15
2025-06-02,SKU0150,65,0,11,15
2025-06-09,SKU0150,38,0,11,15
2025-06-16,SKU0150,7,0,11,15
2025-06-23,SKU0150,203,203,11,15
2025-06-30,SKU0150,198,0,11,15
2025-07-07,SKU0150,164,0,11,15
2025-07-14,SKU0150,157,29,11,15
2025-07-21,SKU0150,138,9,11,15
2025-07-28,SKU0150,111,0,11,15
2025-08-04,SKU0150,93,0,11,15
2025-08-11,SKU0150,83,0,11,15
2025-08-18,SKU0150,64,0,11,15
2025-08-25,SKU0150,40,0,11,15
2025-09-01,SKU0150,28,12,11,15
2025-09-08,SKU0150,135,120,11,15
2025-09-15,SKU0150,115,0,11,15
2025-09-22,SKU0150,99,0,11,15
2025-09-29,SKU0150,71,0,11,15
2025-10-06,SKU0150,65,0,11,15
2025-10-13,SKU0150,53,0,11,15
2025-10-20,SKU0150,41,0,11,15
2025-10-27,SKU0150,30,0,11,15
2025-11-03,SKU0150,97,89,11,15
2025-11-10,SKU0150,79,0,11,15
2025-11-17,SKU0150,68,0,11,15
2025-11-24,SKU0150,50,0,11,15
2025-12-01,SKU0150,41,13,11,15
2025-12-08,SKU0150,194,187,11,15
2025-12-15,SKU0150,162,0,11,15
2025-12-22,SKU0150,157,9,11,15
2025-12-29,SKU0150,135,10,11,15
2024-01-01,SKU0151,239,0,11,57
2024-01-08,SKU0151,205,0,11,57
2024-01-15,SKU0151,193,0,11,57
2024-01-22,SKU0151,162,0,11,57
2024-01-29,SKU0151,128,0,11,57
2024-02-05,SKU0151,98,0,11,57
2024-02-12,SKU0151,66,0,11,57
2024-02-19,SKU0151,248,216,11,57
2024-02-26,SKU0151,239,0,11,57
2024-03-04,SKU0151,220,0,11,57
2024-03-11,SKU0151,196,0,11,57
2024-03-18,SKU0151,174,0,11,57
2024-03-25,SKU0151,152,0,11,57
2024-04-01,SKU0151,131,0,11,57
2024-04-08,SKU0151,101,0,11,57
2024-04-15,SKU0151,78,0,11,57
2024-04-22,SKU0151,198,141,11,57
2024-04-29,SKU0151,172,0,11,57
2024-05-06,SKU0151,150,0,11,57
2024-05-13,SKU0151,131,0,11,57
2024-05-20,SKU0151,124,0,11,57
2024-05-27,SKU0151,95,0,11,57
2024-06-03,SKU0151,73,0,11,57
2024-06-10,SKU0151,41,26,11,57
2024-06-17,SKU0151,238,206,11,57
2024-06-24,SKU0151,211,0,11,57
2024-07-01,SKU0151,180,0,11,57
2024-07-08,SKU0151,152,0,11,57
2024-07-15,SKU0151,142,0,11,57
2024-07-22,SKU0151,134,0,11,57
2024-07-29,SKU0151,100,0,11,57
2024-08-05,SKU0151,68,0,11,57
2024-08-12,SKU0151,58,0,11,57
2024-08-19,SKU0151,36,0,11,57
2024-08-26,SKU0151,254,245,11,57
2024-09-02,SKU0151,240,0,11,57
2024-09-09,SKU0151,234,0,11,57
2024-09-16,SKU0151,205,29,11,57
2024-09-23,SKU0151,186,0,11,57
2024-09-30,SKU0151,168,0,11,57
2024-10-07,SKU0151,162,0,11,57
2024-10-14,SKU0151,136,0,11,57
2024-10-21,SKU0151,121,0,11,57
2024-10-28,SKU0151,97,0,11,57
2024-11-04,SKU0151,65,0,11,57
2024-11-11,SKU0151,180,123,11,57
2024-11-18,SKU0151,146,2,11,57
2024-11-25,SKU0151,118,0,11,57
2024-12-02,SKU0151,97,0,11,57
2024-12-09,SKU0151,91,0,11,57
2024-12-16,SKU0151,60,0,11,57
2024-12-23,SKU0151,299,246,11,57
2024-12-30,SKU0151,277,0,11,57
2025-01-06,SKU0151,257,14,11,57
2025-01-13,SKU0151,240,0,11,57
2025-01-20,SKU0151,215,4,11,57
2025-01-27,SKU0151,194,0,11,57
2025-02-03,SKU0151,174,0,11,57
2025-02-10,SKU0151,168,0,11,57
2025-02-17,SKU0151,136,0,11,57
2025-02-24,SKU0151,122,0,11,57
2025-03-03,SKU0151,114,0,11,57
2025-03-10,SKU0151,98,0,11,57
2025-03-17,SKU0151,65,0,11,57
2025-03-24,SKU0151,291,245,11,57
2025-03-31,SKU0151,281,0,11,57
2025-04-07,SKU0151,257,0,11,57
2025-04-14,SKU0151,238,0,11,57
2025-04-21,SKU0151,225,0,11,57
2025-04-28,SKU0151,212,11,11,57
2025-05-05,SKU0151,199,0,11,57
2025-05-12,SKU0151,181,0,11,57
2025-05-19,SKU0151,155,0,11,57
2025-05-26,SKU0151,121,0,11,57
2025-06-02,SKU0151,103,0,11,57
2025-06-09,SKU0151,94,0,11,57
2025-06-16,SKU0151,68,0,11,57
2025-06-23,SKU0151,62,15,11,57
2025-06-30,SKU0151,222,179,11,57
2025-07-07,SKU0151,207,0,11,57
2025-07-14,SKU0151,198,4,11,57
2025-07-21,SKU0151,167,0,11,57
2025-07-28,SKU0151,136,6,11,57
2025-08-04,SKU0151,115,0,11,57
2025-08-11,SKU0151,90,0,11,57
2025-08-18,SKU0151,67,12,11,57
2025-08-25,SKU0151,62,0,11,57
2025-09-01,SKU0151,157,123,11,57
2025-09-08,SKU0151,127,0,11,57
2025-09-15,SKU0151,120,0,11,57
2025-09-22,SKU0151,100,1,11,57
2025-09-29,SKU0151,92,0,11,57
2025-10-06,SKU0151,79,0,11,57
2025-10-13,SKU0151,212,167,11,57
2025-10-20,SKU0151,205,0,11,57
2025-10-27,SKU0151,175,19,11,57
2025-11-03,SKU0151,166,0,11,57
2025-11-10,SKU0151,161,2,11,57
2025-11-17,SKU0151,143,0,11,57
2025-11-24,SKU0151,128,0,11,57
2025-12-01,SKU0151,120,28,11,57
2025-12-08,SKU0151,105,0,11,57
2025-12-15,SKU0151,97,20,11,57
2025-12-22,SKU0151,83,0,11,57
2025-12-29,SKU0151,74,0,11,57
2024-01-01,SKU0152,109,12,24,17
2024-01-08,SKU0152,77,0,24,17
2024-01-15,SKU0152,60,0,24,17
2024-01-22,SKU0152,48,0,24,17
2024-01-29,SKU0152,25,0,24,17
2024-02-05,SKU0152,153,150,24,17
2024-02-12,SKU0152,128,0,24,17
2024-02-19,SKU0152,99,0,24,17
2024-02-26,SKU0152,81,18,24,17
2024-03-04,SKU0152,63,0,24,17
2024-03-11,SKU0152,54,0,24,17
2024-03-18,SKU0152,32,0,24,17
2024-03-25,SKU0152,222,212,24,17
2024-04-01,SKU0152,205,0,24,17
2024-04-08,SKU0152,195,0,24,17
2024-04-15,SKU0152,184,0,24,17
2024-04-22,SKU0152,152,0,24,17
2024-04-29,SKU0152,145,0,24,17
2024-05-06,SKU0152,136,0,24,17
2024-05-13,SKU0152,131,0,24,17
2024-05-20,SKU0152,99,0,24,17
2024-05-27,SKU0152,89,13,24,17
2024-06-03,SKU0152,56,0,24,17
2024-06-10,SKU0152,41,0,24,17
2024-06-17,SKU0152,28,0,24,17
2024-06-24,SKU0152,108,100,24,17
2024-07-01,SKU0152,75,0,24,17
2024-07-08,SKU0152,68,0,24,17
2024-07-15,SKU0152,63,14,24,17
2024-07-22,SKU0152,39,0,24,17
2024-07-29,SKU0152,12,0,24,17
2024-08-05,SKU0152,192,191,24,17
2024-08-12,SKU0152,163,0,24,17
2024-08-19,SKU0152,149,0,24,17
2024-08-26,SKU0152,126,0,24,17
2024-09-02,SKU0152,92,0,24,17
2024-09-09,SKU0152,69,0,24,17
2024-09-16,SKU0152,58,0,24,17
2024-09-23,SKU0152,48,0,24,17
2024-09-30,SKU0152,43,0,24,17
2024-10-07,SKU0152,38,0,24,17
2024-10-14,SKU0152,158,145,24,17
2024-10-21,SKU0152,147,0,24,17
2024-10-28,SKU0152,114,0,24,17
2024-11-04,SKU0152,89,0,24,17
2024-11-11,SKU0152,75,0,24,17
2024-11-18,SKU0152,62,0,24,17
2024-11-25,SKU0152,29,0,24,17
2024-12-02,SKU0152,12,24,24,17
2024-12-09,SKU0152,154,154,24,17
2024-12-16,SKU0152,125,0,24,17
2024-12-23,SKU0152,97,0,24,17
2024-12-30,SKU0152,83,0,24,17
2025-01-06,SKU0152,77,0,24,17
2025-01-13,SKU0152,48,0,24,17
2025-01-20,SKU0152,31,0,24,17
2025-01-27,SKU0152,8,0,24,17
2025-02-03,SKU0152,163,163,24,17
2025-02-10,SKU0152,130,0,24,17
2025-02-17,SKU0152,96,23,24,17
2025-02-24,SKU0152,78,0,24,17
2025-03-03,SKU0152,46,0,24,17
2025-03-10,SKU0152,35,0,24,17
2025-03-17,SKU0152,9,0,24,17
2025-03-24,SKU0152,84,84,24,17
2025-03-31,SKU0152,66,0,24,17
2025-04-07,SKU0152,52,0,24,17
2025-04-14,SKU0152,35,0,24,17
2025-04-21,SKU0152,20,0,24,17
2025-04-28,SKU0152,171,171,24,17
2025-05-05,SKU0152,145,17,24,17
2025-05-12,SKU0152,134,0,24,17
2025-05-19,SKU0152,100,3,24,17
2025-05-26,SKU0152,75,0,24,17
2025-06-02,SKU0152,60,11,24,17
2025-06-09,SKU0152,51,0,24,17
2025-06-16,SKU0152,32,0,24,17
2025-06-23,SKU0152,25,18,24,17
2025-06-30,SKU0152,19,0,24,17
2025-07-07,SKU0152,144,144,24,17
2025-07-14,SKU0152,110,0,24,17
2025-07-21,SKU0152,84,11,24,17
2025-07-28,SKU0152,55,17,24,17
2025-08-04,SKU0152,27,0,24,17
2025-08-11,SKU0152,132,129,24,17
2025-08-18,SKU0152,124,0,24,17
2025-08-25,SKU0152,108,0,24,17
2025-09-01,SKU0152,77,0,24,17
2025-09-08,SKU0152,63,0,24,17
2025-09-15,SKU0152,35,0,24,17
2025-09-22,SKU0152,27,0,24,17
2025-09-29,SKU0152,0,0,24,17
2025-10-06,SKU0152,0,0,24,17
2025-10-13,SKU0152,0,0,24,17
2025-10-20,SKU0152,0,0,24,17
2025-10-27,SKU0152,0,0,24,17
2025-11-03,SKU0152,177,177,24,17
2025-11-10,SKU0152,152,0,24,17
2025-11-17,SKU0152,137,12,24,17
2025-11-24,SKU0152,117,0,24,17
2025-12-01,SKU0152,87,0,24,17
2025-12-08,SKU0152,57,0,24,17
2025-12-15,SKU0152,43,0,24,17
2025-12-22,SKU0152,13,0,24,17
2025-12-29,SKU0152,0,0,24,17
2024-01-01,SKU0153,198,0,12,42
2024-01-08,SKU0153,172,0,12,42
2024-01-15,SKU0153,153,22,12,42
2024-01-22,SKU0153,137,0,12,42
2024-01-29,SKU0153,111,0,12,42
2024-02-05,SKU0153,78,11,12,42
2024-02-12,SKU0153,73,3,12,42
2024-02-19,SKU0153,43,0,12,42
2024-02-26,SKU0153,21,0,12,42
2024-03-04,SKU0153,240,232,12,42
2024-03-11,SKU0153,208,0,12,42
2024-03-18,SKU0153,180,0,12,42
2024-03-25,SKU0153,168,28,12,42
2024-04-01,SKU0153,134,0,12,42
2024-04-08,SKU0153,127,27,12,42
2024-04-15,SKU0153,101,0,12,42
2024-04-22,SKU0153,85,0,12,42
2024-04-29,SKU0153,64,0,12,42
2024-05-06,SKU0153,33,0,12,42
2024-05-13,SKU0153,155,134,12,42
2024-05-20,SKU0153,143,0,12,42
2024-05-27,SKU0153,117,0,12,42
2024-06-03,SKU0153,107,0,12,42
2024-06-10,SKU0153,78,0,12,42
2024-06-17,SKU0153,60,0,12,42
2024-06-24,SKU0153,191,161,12,42
2024-07-01,SKU0153,165,0,12,42
2024-07-08,SKU0153,137,22,12,42
2024-07-15,SKU0153,108,0,12,42
2024-07-22,SKU0153,85,0,12,42
2024-07-29,SKU0153,63,0,12,42
2024-08-05,SKU0153,246,216,12,42
2024-08-12,SKU0153,232,0,12,42
2024-08-19,SKU0153,199,0,12,42
2024-08-26,SKU0153,191,0,12,42
2024-09-02,SKU0153,185,0,12,42
2024-09-09,SKU0153,176,0,12,42
2024-09-16,SKU0153,161,0,12,42
2024-09-23,SKU0153,128,0,12,42
2024-09-30,SKU0153,100,0,12,42
2024-10-07,SKU0153,67,0,12,42
2024-10-14,SKU0153,225,190,12,42
2024-10-21,SKU0153,206,8,12,42
2024-10-28,SKU0153,177,0,12,42
2024-11-04,SKU0153,144,0,12,42
2024-11-11,SKU0153,129,0,12,42
2024-11-18,SKU0153,113,0,12,42
2024-11-25,SKU0153,103,0,12,42
2024-12-02,SKU0153,86,13,12,42
2024-12-09,SKU0153,71,0,12,42
2024-12-16,SKU0153,62,0,12,42
2024-12-23,SKU0153,40,0,12,42
2024-12-30,SKU0153,25,2,12,42
2025-01-06,SKU0153,11,0,12,42
2025-01-13,SKU0153,202,202,12,42
2025-01-20,SKU0153,174,0,12,42
2025-01-27,SKU0153,161,15,12,42
2025-02-03,SKU0153,150,0,12,42
2025-02-10,SKU0153,144,0,12,42
2025-02-17,SKU0153,139,4,12,42
2025-02-24,SKU0153,124,0,12,42
2025-03-03,SKU0153,104,28,12,42
2025-03-10,SKU0153,77,0,12,42
2025-03-17,SKU0153,66,13,12,42
2025-03-24,SKU0153,225,186,12,42
2025-03-31,SKU0153,201,0,12,42
2025-04-07,SKU0153,195,0,12,42
2025-04-14,SKU0153,168,3,12,42
2025-04-21,SKU0153,151,0,12,42
2025-04-28,SKU0153,127,0,12,42
2025-05-05,SKU0153,93,12,12,42
2025-05-12,SKU0153,72,0,12,42
2025-05-19,SKU0153,54,0,12,42
2025-05-26,SKU0153,258,235,12,42
2025-06-02,SKU0153,236,0,12,42
2025-06-09,SKU0153,230,0,12,42
2025-06-16,SKU0153,218,0,12,42
2025-06-23,SKU0153,195,0,12,42
2025-06-30,SKU0153,176,0,12,42
2025-07-07,SKU0153,151,0,12,42
2025-07-14,SKU0153,125,0,12,42
2025-07-21,SKU0153,111,0,12,42
2025-07-28,SKU0153,92,0,12,42
2025-08-04,SKU0153,60,0,12,42
2025-08-11,SKU0153,278,239,12,42
2025-08-18,SKU0153,272,0,12,42
2025-08-25,SKU0153,242,0,12,42
2025-09-01,SKU0153,237,0,12,42
2025-09-08,SKU0153,213,0,12,42
2025-09-15,SKU0153,189,0,12,42
2025-09-22,SKU0153,184,0,12,42
2025-09-29,SKU0153,150,29,12,42
2025-10-06,SKU0153,137,0,12,42
2025-10-13,SKU0153,128,0,12,42
2025-10-20,SKU0153,121,0,12,42
2025-10-27,SKU0153,110,0,12,42
2025-11-03,SKU0153,87,0,12,42
2025-11-10,SKU0153,54,13,12,42
2025-11-17,SKU0153,23,0,12,42
2025-11-24,SKU0153,232,232,12,42
2025-12-01,SKU0153,204,0,12,42
2025-12-08,SKU0153,173,0,12,42
2025-12-15,SKU0153,152,0,12,42
2025-12-22,SKU0153,133,0,12,42
2025-12-29,SKU0153,100,0,12,42
2024-01-01,SKU0154,114,0,28,28
2024-01-08,SKU0154,85,0,28,28
2024-01-15,SKU0154,54,16,28,28
2024-01-22,SKU0154,29,0,28,28
2024-01-29,SKU0154,180,171,28,28
2024-02-05,SKU0154,169,1,28,28
2024-02-12,SKU0154,152,0,28,28
2024-02-19,SKU0154,125,0,28,28
2024-02-26,SKU0154,113,0,28,28
2024-03-04,SKU0154,92,0,28,28
2024-03-11,SKU0154,59,0,28,28
2024-03-18,SKU0154,43,0,28,28
2024-03-25,SKU0154,37,11,28,28
2024-04-01,SKU0154,198,182,28,28
2024-04-08,SKU0154,170,0,28,28
2024-04-15,SKU0154,151,0,28,28
2024-04-22,SKU0154,122,0,28,28
2024-04-29,SKU0154,108,0,28,28
2024-05-06,SKU0154,95,0,28,28
2024-05-13,SKU0154,80,0,28,28
2024-05-20,SKU0154,50,2,28,28
2024-05-27,SKU0154,29,0,28,28
2024-06-03,SKU0154,187,184,28,28
2024-06-10,SKU0154,180,16,28,28
2024-06-17,SKU0154,164,0,28,28
2024-06-24,SKU0154,130,0,28,28
2024-07-01,SKU0154,114,0,28,28
2024-07-08,SKU0154,80,0,28,28
2024-07-15,SKU0154,56,0,28,28
2024-07-22,SKU0154,37,0,28,28
2024-07-29,SKU0154,242,216,28,28
2024-08-05,SKU0154,216,0,28,28
2024-08-12,SKU0154,195,0,28,28
2024-08-19,SKU0154,173,0,28,28
2024-08-26,SKU0154,157,0,28,28
2024-09-02,SKU0154,150,0,28,28
2024-09-09,SKU0154,138,0,28,28
2024-09-16,SKU0154,121,0,28,28
2024-09-23,SKU0154,99,0,28,28
2024-09-30,SKU0154,79,0,28,28
2024-10-07,SKU0154,46,0,28,28
2024-10-14,SKU0154,26,10,28,28
2024-10-21,SKU0154,129,125,28,28
2024-10-28,SKU0154,115,0,28,28
2024-11-04,SKU0154,99,0,28,28
2024-11-11,SKU0154,71,0,28,28
2024-11-18,SKU0154,59,2,28,28
2024-11-25,SKU0154,47,0,28,28
2024-12-02,SKU0154,35,0,28,28
2024-12-09,SKU0154,191,189,28,28
2024-12-16,SKU0154,183,5,28,28
2024-12-23,SKU0154,149,0,28,28
2024-12-30,SKU0154,122,25,28,28
2025-01-06,SKU0154,105,0,28,28
2025-01-13,SKU0154,90,0,28,28
2025-01-20,SKU0154,74,0,28,28
2025-01-27,SKU0154,56,0,28,28
2025-02-03,SKU0154,46,7,28,28
2025-02-10,SKU0154,14,0,28,28
2025-02-17,SKU0154,175,175,28,28
2025-02-24,SKU0154,148,0,28,28
2025-03-03,SKU0154,131,0,28,28
2025-03-10,SKU0154,113,0,28,28
2025-03-17,SKU0154,86,0,28,28
2025-03-24,SKU0154,73,0,28,28
2025-03-31,SKU0154,66,14,28,28
2025-04-07,SKU0154,54,0,28,28
2025-04-14,SKU0154,42,0,28,28
2025-04-21,SKU0154,118,108,28,28
2025-04-28,SKU0154,111,14,28,28
2025-05-05,SKU0154,100,17,28,28
2025-05-12,SKU0154,85,3,28,28
2025-05-19,SKU0154,75,0,28,28
2025-05-26,SKU0154,43,28,28,28
2025-06-02,SKU0154,17,0,28,28
2025-06-09,SKU0154,0,0,28,28
2025-06-16,SKU0154,237,237,28,28
2025-06-23,SKU0154,206,0,28,28
2025-06-30,SKU0154,187,0,28,28
2025-07-07,SKU0154,163,0,28,28
2025-07-14,SKU0154,144,0,28,28
2025-07-21,SKU0154,113,0,28,28
2025-07-28,SKU0154,88,0,28,28
2025-08-04,SKU0154,79,0,28,28
2025-08-11,SKU0154,59,3,28,28
2025-08-18,SKU0154,27,0,28,28
2025-08-25,SKU0154,91,91,28,28
2025-09-01,SKU0154,70,0,28,28
2025-09-08,SKU0154,58,0,28,28
2025-09-15,SKU0154,34,0,28,28
2025-09-22,SKU0154,153,150,28,28
2025-09-29,SKU0154,119,0,28,28
2025-10-06,SKU0154,105,0,28,28
2025-10-13,SKU0154,80,0,28,28
2025-10-20,SKU0154,61,12,28,28
2025-10-27,SKU0154,31,0,28,28
2025-11-03,SKU0154,154,146,28,28
2025-11-10,SKU0154,122,0,28,28
2025-11-17,SKU0154,91,17,28,28
2025-11-24,SKU0154,78,0,28,28
2025-12-01,SKU0154,73,0,28,28
2025-12-08,SKU0154,64,15,28,28
2025-12-15,SKU0154,45,0,28,28
2025-12-22,SKU0154,36,0,28,28
2025-12-29,SKU0154,170,162,28,28
2024-01-01,SKU0155,222,0,18,34
2024-01-08,SKU0155,190,0,18,34
2024-01-15,SKU0155,181,0,18,34
2024-01-22,SKU0155,166,3,18,34
2024-01-29,SKU0155,140,0,18,34
2024-02-05,SKU0155,118,0,18,34
2024-02-12,SKU0155,86,21,18,34
2024-02-19,SKU0155,53,0,18,34
2024-02-26,SKU0155,129,107,18,34
2024-03-04,SKU0155,117,0,18,34
2024-03-11,SKU0155,83,26,18,34
2024-03-18,SKU0155,73,0,18,34
2024-03-25,SKU0155,57,0,18,34
2024-04-01,SKU0155,118,86,18,34
2024-04-08,SKU0155,86,0,18,34
2024-04-15,SKU0155,61,0,18,34
2024-04-22,SKU0155,50,0,18,34
2024-04-29,SKU0155,37,20,18,34
2024-05-06,SKU0155,169,157,18,34
2024-05-13,SKU0155,161,0,18,34
2024-05-20,SKU0155,155,0,18,34
2024-05-27,SKU0155,127,0,18,34
2024-06-03,SKU0155,96,0,18,34
2024-06-10,SKU0155,81,0,18,34
2024-06-17,SKU0155,58,0,18,34
2024-06-24,SKU0155,45,0,18,34
2024-07-01,SKU0155,177,155,18,34
2024-07-08,SKU0155,157,0,18,34
2024-07-15,SKU0155,150,19,18,34
2024-07-22,SKU0155,130,0,18,34
2024-07-29,SKU0155,100,0,18,34
2024-08-05,SKU0155,69,0,18,34
2024-08-12,SKU0155,46,0,18,34
2024-08-19,SKU0155,263,239,18,34
2024-08-26,SKU0155,234,0,18,34
2024-09-02,SKU0155,221,0,18,34
2024-09-09,SKU0155,195,0,18,34
2024-09-16,SKU0155,183,0,18,34
2024-09-23,SKU0155,169,0,18,34
2024-09-30,SKU0155,153,0,18,34
2024-10-07,SKU0155,140,0,18,34
2024-10-14,SKU0155,122,0,18,34
2024-10-21,SKU0155,116,0,18,34
2024-10-28,SKU0155,87,0,18,34
2024-11-04,SKU0155,70,0,18,34
2024-11-11,SKU0155,44,8,18,34
2024-11-18,SKU0155,134,100,18,34
2024-11-25,SKU0155,116,0,18,34
2024-12-02,SKU0155,93,0,18,34
2024-12-09,SKU0155,72,5,18,34
2024-12-16,SKU0155,56,11,18,34
2024-12-23,SKU0155,35,0,18,34
2024-12-30,SKU0155,127,99,18,34
2025-01-06,SKU0155,101,0,18,34
2025-01-13,SKU0155,75,0,18,34
2025-01-20,SKU0155,69,0,18,34
2025-01-27,SKU0155,40,28,18,34
2025-02-03,SKU0155,108,91,18,34
2025-02-10,SKU0155,79,0,18,34
2025-02-17,SKU0155,50,0,18,34
2025-02-24,SKU0155,33,0,18,34
2025-03-03,SKU0155,12,0,18,34
2025-03-10,SKU0155,3,0,18,34
2025-03-17,SKU0155,126,126,18,34
2025-03-24,SKU0155,98,0,18,34
2025-03-31,SKU0155,82,23,18,34
2025-04-07,SKU0155,68,0,18,34
2025-04-14,SKU0155,61,1,18,34
2025-04-21,SKU0155,47,0,18,34
2025-04-28,SKU0155,221,201,18,34
2025-05-05,SKU0155,209,0,18,34
2025-05-12,SKU0155,181,0,18,34
2025-05-19,SKU0155,160,0,18,34
2025-05-26,SKU0155,132,0,18,34
2025-06-02,SKU0155,126,0,18,34
2025-06-09,SKU0155,116,0,18,34
2025-06-16,SKU0155,105,0,18,34
2025-06-23,SKU0155,80,4,18,34
2025-06-30,SKU0155,70,0,18,34
2025-07-07,SKU0155,56,0,18,34
2025-07-14,SKU0155,51,16,18,34
2025-07-21,SKU0155,187,157,18,34
2025-07-28,SKU0155,170,6,18,34
2025-08-04,SKU0155,149,0,18,34
2025-08-11,SKU0155,133,0,18,34
2025-08-18,SKU0155,103,11,18,34
2025-08-25,SKU0155,78,0,18,34
2025-09-01,SKU0155,73,0,18,34
2025-09-08,SKU0155,39,0,18,34
2025-09-15,SKU0155,30,29,18,34
2025-09-22,SKU0155,17,0,18,34
2025-09-29,SKU0155,120,120,18,34
2025-10-06,SKU0155,108,0,18,34
2025-10-13,SKU0155,97,0,18,34
2025-10-20,SKU0155,71,0,18,34
2025-10-27,SKU0155,42,0,18,34
2025-11-03,SKU0155,9,9,18,34
2025-11-10,SKU0155,0,0,18,34
2025-11-17,SKU0155,192,192,18,34
2025-11-24,SKU0155,173,16,18,34
2025-12-01,SKU0155,149,2,18,34
2025-12-08,SKU0155,135,0,18,34
2025-12-15,SKU0155,101,0,18,34
2025-12-22,SKU0155,70,0,18,34
2025-12-29,SKU0155,38,0,18,34
2024-01-01,SKU0156,226,0,22,17
2024-01-08,SKU0156,209,0,22,17
2024-01-15,SKU0156,186,0,22,17
2024-01-22,SKU0156,170,0,22,17
2024-01-29,SKU0156,162,0,22,17
2024-02-05,SKU0156,146,0,22,17
2024-02-12,SKU0156,118,0,22,17
2024-02-19,SKU0156,106,0,22,17
2024-02-26,SKU0156,75,0,22,17
2024-03-04,SKU0156,67,0,22,17
2024-03-11,SKU0156,44,0,22,17
2024-03-18,SKU0156,33,0,22,17
2024-03-25,SKU0156,5,0,22,17
2024-04-01,SKU0156,0,0,22,17
2024-04-08,SKU0156,0,0,22,17
2024-04-15,SKU0156,0,0,22,17
2024-04-22,SKU0156,105,105,22,17
2024-04-29,SKU0156,75,0,22,17
2024-05-06,SKU0156,62,0,22,17
2024-05-13,SKU0156,30,0,22,17
2024-05-20,SKU0156,160,155,22,17
2024-05-27,SKU0156,128,7,22,17
2024-06-03,SKU0156,116,0,22,17
2024-06-10,SKU0156,97,0,22,17
2024-06-17,SKU0156,87,0,22,17
2024-06-24,SKU0156,64,0,22,17
2024-07-01,SKU0156,32,19,22,17
2024-07-08,SKU0156,20,0,22,17
2024-07-15,SKU0156,11,5,22,17
2024-07-22,SKU0156,206,206,22,17
2024-07-29,SKU0156,197,16,22,17
2024-08-05,SKU0156,167,0,22,17
2024-08-12,SKU0156,161,0,22,17
2024-08-19,SKU0156,150,0,22,17
2024-08-26,SKU0156,126,0,22,17
2024-09-02,SKU0156,93,0,22,17
2024-09-09,SKU0156,67,0,22,17
2024-09-16,SKU0156,36,0,22,17
2024-09-23,SKU0156,11,0,22,17
2024-09-30,SKU0156,163,163,22,17
2024-10-07,SKU0156,149,6,22,17
2024-10-14,SKU0156,120,0,22,17
2024-10-21,SKU0156,106,0,22,17
2024-10-28,SKU0156,72,0,22,17
2024-11-04,SKU0156,52,0,22,17
2024-11-11,SKU0156,27,1,22,17
2024-11-18,SKU0156,195,193,22,17
2024-11-25,SKU0156,176,0,22,17
2024-12-02,SKU0156,157,28,22,17
2024-12-09,SKU0156,135,0,22,17
2024-12-16,SKU0156,119,0,22,17
2024-12-23,SKU0156,101,24,22,17
2024-12-30,SKU0156,86,28,22,17
2025-01-06,SKU0156,64,0,22,17
2025-01-13,SKU0156,47,0,22,17
2025-01-20,SKU0156,148,134,22,17
2025-01-27,SKU0156,119,0,22,17
2025-02-03,SKU0156,110,0,22,17
2025-02-10,SKU0156,84,0,22,17
2025-02-17,SKU0156,52,27,22,17
2025-02-24,SKU0156,25,0,22,17
2025-03-03,SKU0156,139,135,22,17
2025-03-10,SKU0156,124,0,22,17
2025-03-17,SKU0156,118,8,22,17
2025-03-24,SKU0156,90,0,22,17
2025-03-31,SKU0156,62,0,22,17
2025-04-07,SKU0156,53,0,22,17
2025-04-14,SKU0156,20,0,22,17
2025-04-21,SKU0156,167,167,22,17
2025-04-28,SKU0156,153,0,22,17
2025-05-05,SKU0156,143,0,22,17
2025-05-12,SKU0156,135,0,22,17
2025-05-19,SKU0156,108,0,22,17
2025-05-26,SKU0156,79,21,22,17
2025-06-02,SKU0156,46,0,22,17
2025-06-09,SKU0156,26,0,22,17
2025-06-16,SKU0156,14,13,22,17
2025-06-23,SKU0156,119,119,22,17
2025-06-30,SKU0156,96,0,22,17
2025-07-07,SKU0156,81,0,22,17
2025-07-14,SKU0156,53,0,22,17
2025-07-21,SKU0156,35,0,22,17
2025-07-28,SKU0156,27,22,22,17
2025-08-04,SKU0156,139,139,22,17
2025-08-11,SKU0156,127,0,22,17
2025-08-18,SKU0156,122,0,22,17
2025-08-25,SKU0156,89,0,22,17
2025-09-01,SKU0156,75,0,22,17
2025-09-08,SKU0156,55,0,22,17
2025-09-15,SKU0156,46,0,22,17
2025-09-22,SKU0156,12,0,22,17
2025-09-29,SKU0156,167,167,22,17
2025-10-06,SKU0156,141,0,22,17
2025-10-13,SKU0156,128,0,22,17
2025-10-20,SKU0156,111,0,22,17
2025-10-27,SKU0156,97,0,22,17
2025-11-03,SKU0156,83,0,22,17
2025-11-10,SKU0156,66,0,22,17
2025-11-17,SKU0156,52,0,22,17
2025-11-24,SKU0156,43,0,22,17
2025-12-01,SKU0156,13,0,22,17
2025-12-08,SKU0156,179,179,22,17
2025-12-15,SKU0156,157,0,22,17
2025-12-22,SKU0156,139,8,22,17
2025-12-29,SKU0156,107,0,22,17
2024-01-01,SKU0157,274,0,22,53
2024-01-08,SKU0157,245,17,22,53
2024-01-15,SKU0157,233,0,22,53
2024-01-22,SKU0157,201,0,22,53
2024-01-29,SKU0157,167,0,22,53
2024-02-05,SKU0157,142,0,22,53
2024-02-12,SKU0157,110,0,22,53
2024-02-19,SKU0157,93,0,22,53
2024-02-26,SKU0157,79,0,22,53
2024-03-04,SKU0157,51,0,22,53
2024-03-11,SKU0157,240,199,22,53
2024-03-18,SKU0157,211,0,22,53
2024-03-25,SKU0157,203,0,22,53
2024-04-01,SKU0157,186,0,22,53
2024-04-08,SKU0157,180,5,22,53
2024-04-15,SKU0157,158,0,22,53
2024-04-22,SKU0157,127,0,22,53
2024-04-29,SKU0157,96,8,22,53
2024-05-06,SKU0157,75,0,22,53
2024-05-13,SKU0157,46,0,22,53
2024-05-20,SKU0157,37,0,22,53
2024-05-27,SKU0157,147,120,22,53
2024-06-03,SKU0157,114,0,22,53
2024-06-10,SKU0157,89,27,22,53
2024-06-17,SKU0157,68,0,22,53
2024-06-24,SKU0157,43,0,22,53
2024-07-01,SKU0157,35,0,22,53
2024-07-08,SKU0157,11,25,22,53
2024-07-15,SKU0157,210,207,22,53
2024-07-22,SKU0157,182,0,22,53
2024-07-29,SKU0157,169,0,22,53
2024-08-05,SKU0157,139,0,22,53
2024-08-12,SKU0157,124,6,22,53
2024-08-19,SKU0157,112,16,22,53
2024-08-26,SKU0157,100,0,22,53
2024-09-02,SKU0157,79,0,22,53
2024-09-09,SKU0157,66,0,22,53
2024-09-16,SKU0157,204,163,22,53
2024-09-23,SKU0157,172,0,22,53
2024-09-30,SKU0157,167,0,22,53
2024-10-07,SKU0157,133,0,22,53
2024-10-14,SKU0157,118,0,22,53
2024-10-21,SKU0157,103,11,22,53
2024-10-28,SKU0157,86,0,22,53
2024-11-04,SKU0157,73,0,22,53
2024-11-11,SKU0157,145,104,22,53
2024-11-18,SKU0157,119,0,22,53
2024-11-25,SKU0157,100,0,22,53
2024-12-02,SKU0157,72,0,22,53
2024-12-09,SKU0157,58,0,22,53
2024-12-16,SKU0157,249,205,22,53
2024-12-23,SKU0157,239,0,22,53
2024-12-30,SKU0157,230,0,22,53
2025-01-06,SKU0157,216,0,22,53
2025-01-13,SKU0157,201,0,22,53
2025-01-20,SKU0157,177,0,22,53
2025-01-27,SKU0157,160,10,22,53
2025-02-03,SKU0157,146,23,22,53
2025-02-10,SKU0157,136,0,22,53
2025-02-17,SKU0157,122,0,22,53
2025-02-24,SKU0157,108,0,22,53
2025-03-03,SKU0157,101,9,22,53
2025-03-10,SKU0157,74,0,22,53
2025-03-17,SKU0157,258,207,22,53
2025-03-24,SKU0157,237,0,22,53
2025-03-31,SKU0157,216,0,22,53
2025-04-07,SKU0157,198,29,22,53
2025-04-14,SKU0157,186,17,22,53
2025-04-21,SKU0157,173,0,22,53
2025-04-28,SKU0157,153,0,22,53
2025-05-05,SKU0157,128,0,22,53
2025-05-12,SKU0157,104,0,22,53
2025-05-19,SKU0157,80,28,22,53
2025-05-26,SKU0157,70,0,22,53
2025-06-02,SKU0157,278,242,22,53
2025-06-09,SKU0157,260,0,22,53
2025-06-16,SKU0157,253,22,22,53
2025-06-23,SKU0157,219,0,22,53
2025-06-30,SKU0157,198,0,22,53
2025-07-07,SKU0157,164,0,22,53
2025-07-14,SKU0157,133,0,22,53
2025-07-21,SKU0157,112,0,22,53
2025-07-28,SKU0157,85,0,22,53
2025-08-04,SKU0157,56,0,22,53
2025-08-11,SKU0157,187,141,22,53
2025-08-18,SKU0157,176,6,22,53
2025-08-25,SKU0157,168,0,22,53
2025-09-01,SKU0157,161,0,22,53
2025-09-08,SKU0157,128,0,22,53
2025-09-15,SKU0157,108,0,22,53
2025-09-22,SKU0157,79,0,22,53
2025-09-29,SKU0157,55,29,22,53
2025-10-06,SKU0157,21,0,22,53
2025-10-13,SKU0157,98,86,22,53
2025-10-20,SKU0157,84,0,22,53
2025-10-27,SKU0157,67,0,22,53
2025-11-03,SKU0157,48,0,22,53
2025-11-10,SKU0157,25,20,22,53
2025-11-17,SKU0157,163,152,22,53
2025-11-24,SKU0157,132,0,22,53
2025-12-01,SKU0157,101,11,22,53
2025-12-08,SKU0157,71,0,22,53
2025-12-15,SKU0157,54,0,22,53
2025-12-22,SKU0157,49,0,22,53
2025-12-29,SKU0157,227,194,22,53
2024-01-01,SKU0158,260,0,20,19
2024-01-08,SKU0158,226,0,20,19
2024-01-15,SKU0158,194,11,20,19
2024-01-22,SKU0158,177,0,20,19
2024-01-29,SKU0158,168,0,20,19
2024-02-05,SKU0158,149,0,20,19
2024-02-12,SKU0158,117,0,20,19
2024-02-19,SKU0158,95,0,20,19
2024-02-26,SKU0158,79,0,20,19
2024-03-04,SKU0158,55,0,20,19
2024-03-11,SKU0158,47,0,20,19
2024-03-18,SKU0158,32,0,20,19
2024-03-25,SKU0158,149,146,20,19
2024-04-01,SKU0158,140,12,20,19
2024-04-08,SKU0158,116,0,20,19
2024-04-15,SKU0158,89,18,20,19
2024-04-22,SKU0158,77,0,20,19
2024-04-29,SKU0158,69,0,20,19
2024-05-06,SKU0158,49,0,20,19
2024-05-13,SKU0158,24,25,20,19
2024-05-20,SKU0158,196,184,20,19
2024-05-27,SKU0158,182,0,20,19
2024-06-03,SKU0158,168,0,20,19
2024-06-10,SKU0158,137,5,20,19
2024-06-17,SKU0158,109,26,20,19
2024-06-24,SKU0158,99,0,20,19
2024-07-01,SKU0158,67,0,20,19
2024-07-08,SKU0158,45,0,20,19
2024-07-15,SKU0158,39,5,20,19
2024-07-22,SKU0158,22,0,20,19
2024-07-29,SKU0158,0,0,20,19
2024-08-05,SKU0158,0,0,20,19
2024-08-12,SKU0158,0,0,20,19
2024-08-19,SKU0158,0,0,20,19
2024-08-26,SKU0158,101,101,20,19
2024-09-02,SKU0158,93,21,20,19
2024-09-09,SKU0158,76,0,20,19
2024-09-16,SKU0158,47,11,20,19
2024-09-23,SKU0158,34,0,20,19
2024-09-30,SKU0158,168,153,20,19
2024-10-07,SKU0158,150,0,20,19
2024-10-14,SKU0158,139,0,20,19
2024-10-21,SKU0158,114,4,20,19
2024-10-28,SKU0158,93,22,20,19
2024-11-04,SKU0158,72,0,20,19
2024-11-11,SKU0158,41,0,20,19
2024-11-18,SKU0158,20,0,20,19
2024-11-25,SKU0158,0,0,20,19
2024-12-02,SKU0158,0,0,20,19
2024-12-09,SKU0158,187,187,20,19
2024-12-16,SKU0158,166,0,20,19
2024-12-23,SKU0158,161,12,20,19
2024-12-30,SKU0158,131,0,20,19
2025-01-06,SKU0158,114,0,20,19
2025-01-13,SKU0158,91,0,20,19
2025-01-20,SKU0158,71,0,20,19
2025-01-27,SKU0158,42,0,20,19
2025-02-03,SKU0158,36,0,20,19
2025-02-10,SKU0158,227,224,20,19
2025-02-17,SKU0158,216,0,20,19
2025-02-24,SKU0158,209,0,20,19
2025-03-03,SKU0158,192,0,20,19
2025-03-10,SKU0158,185,0,20,19
2025-03-17,SKU0158,176,0,20,19
2025-03-24,SKU0158,171,0,20,19
2025-03-31,SKU0158,156,9,20,19
2025-04-07,SKU0158,140,0,20,19
2025-04-14,SKU0158,132,0,20,19
2025-04-21,SKU0158,108,0,20,19
2025-04-28,SKU0158,92,20,20,19
2025-05-05,SKU0158,84,1,20,19
2025-05-12,SKU0158,57,0,20,19
2025-05-19,SKU0158,41,0,20,19
2025-05-26,SKU0158,17,0,20,19
2025-06-02,SKU0158,150,150,20,19
2025-06-09,SKU0158,127,0,20,19
2025-06-16,SKU0158,104,2,20,19
2025-06-23,SKU0158,81,0,20,19
2025-06-30,SKU0158,73,0,20,19
2025-07-07,SKU0158,45,0,20,19
2025-07-14,SKU0158,21,0,20,19
2025-07-21,SKU0158,128,128,20,19
2025-07-28,SKU0158,110,28,20,19
2025-08-04,SKU0158,91,0,20,19
2025-08-11,SKU0158,85,0,20,19
2025-08-18,SKU0158,77,16,20,19
2025-08-25,SKU0158,63,0,20,19
2025-09-01,SKU0158,33,17,20,19
2025-09-08,SKU0158,162,156,20,19
2025-09-15,SKU0158,148,0,20,19
2025-09-22,SKU0158,132,0,20,19
2025-09-29,SKU0158,107,0,20,19
2025-10-06,SKU0158,89,0,20,19
2025-10-13,SKU0158,82,0,20,19
2025-10-20,SKU0158,74,28,20,19
2025-10-27,SKU0158,67,0,20,19
2025-11-03,SKU0158,51,21,20,19
2025-11-10,SKU0158,44,0,20,19
2025-11-17,SKU0158,11,0,20,19
2025-11-24,SKU0158,0,0,20,19
2025-12-01,SKU0158,173,173,20,19
2025-12-08,SKU0158,144,0,20,19
2025-12-15,SKU0158,125,25,20,19
2025-12-22,SKU0158,100,0,20,19
2025-12-29,SKU0158,77,0,20,19
2024-01-01,SKU0159,133,0,20,30
2024-01-08,SKU0159,114,6,20,30
2024-01-15,SKU0159,93,2,20,30
2024-01-22,SKU0159,81,0,20,30
2024-01-29,SKU0159,57,0,20,30
2024-02-05,SKU0159,25,0,20,30
2024-02-12,SKU0159,211,211,20,30
2024-02-19,SKU0159,198,0,20,30
2024-02-26,SKU0159,191,12,20,30
2024-03-04,SKU0159,175,0,20,30
2024-03-11,SKU0159,148,0,20,30
2024-03-18,SKU0159,124,0,20,30
2024-03-25,SKU0159,100,0,20,30
2024-04-01,SKU0159,77,6,20,30
2024-04-08,SKU0159,59,0,20,30
2024-04-15,SKU0159,39,16,20,30
2024-04-22,SKU0159,10,0,20,30
2024-04-29,SKU0159,222,222,20,30
2024-05-06,SKU0159,215,0,20,30
2024-05-13,SKU0159,205,0,20,30
2024-05-20,SKU0159,194,0,20,30
2024-05-27,SKU0159,176,0,20,30
2024-06-03,SKU0159,156,6,20,30
2024-06-10,SKU0159,138,26,20,30
2024-06-17,SKU0159,114,27,20,30
2024-06-24,SKU0159,98,0,20,30
2024-07-01,SKU0159,71,0,20,30
2024-07-08,SKU0159,40,5,20,30
2024-07-15,SKU0159,98,91,20,30
2024-07-22,SKU0159,81,0,20,30
2024-07-29,SKU0159,59,0,20,30
2024-08-05,SKU0159,30,0,20,30
2024-08-12,SKU0159,119,114,20,30
2024-08-19,SKU0159,103,0,20,30
2024-08-26,SKU0159,90,0,20,30
2024-09-02,SKU0159,57,0,20,30
2024-09-09,SKU0159,49,0,20,30
2024-09-16,SKU0159,171,145,20,30
2024-09-23,SKU0159,160,0,20,30
2024-09-30,SKU0159,147,25,20,30
2024-10-07,SKU0159,115,0,20,30
2024-10-14,SKU0159,107,0,20,30
2024-10-21,SKU0159,101,20,20,30
2024-10-28,SKU0159,82,0,20,30
2024-11-04,SKU0159,72,0,20,30
2024-11-11,SKU0159,42,15,20,30
2024-11-18,SKU0159,35,0,20,30
2024-11-25,SKU0159,23,0,20,30
2024-12-02,SKU0159,9,0,20,30
2024-12-09,SKU0159,212,212,20,30
2024-12-16,SKU0159,178,1,20,30
2024-12-23,SKU0159,148,0,20,30
2024-12-30,SKU0159,133,0,20,30
2025-01-06,SKU0159,119,0,20,30
2025-01-13,SKU0159,90,0,20,30
2025-01-20,SKU0159,65,0,20,30
2025-01-27,SKU0159,52,0,20,30
2025-02-03,SKU0159,32,0,20,30
2025-02-10,SKU0159,8,0,20,30
2025-02-17,SKU0159,150,150,20,30
2025-02-24,SKU0159,143,21,20,30
2025-03-03,SKU0159,113,0,20,30
2025-03-10,SKU0159,88,0,20,30
2025-03-17,SKU0159,58,0,20,30
2025-03-24,SKU0159,38,0,20,30
2025-03-31,SKU0159,26,0,20,30
2025-04-07,SKU0159,149,141,20,30
2025-04-14,SKU0159,123,0,20,30
2025-04-21,SKU0159,91,0,20,30
2025-04-28,SKU0159,61,0,20,30
2025-05-05,SKU0159,50,12,20,30
2025-05-12,SKU0159,32,0,20,30
2025-05-19,SKU0159,9,0,20,30
2025-05-26,SKU0159,89,87,20,30
2025-06-02,SKU0159,68,0,20,30
2025-06-09,SKU0159,42,0,20,30
2025-06-16,SKU0159,106,80,20,30
2025-06-23,SKU0159,79,0,20,30
2025-06-30,SKU0159,54,0,20,30
2025-07-07,SKU0159,196,171,20,30
2025-07-14,SKU0159,190,0,20,30
2025-07-21,SKU0159,165,0,20,30
2025-07-28,SKU0159,136,0,20,30
2025-08-04,SKU0159,110,2,20,30
2025-08-11,SKU0159,103,16,20,30
2025-08-18,SKU0159,90,27,20,30
2025-08-25,SKU0159,83,0,20,30
2025-09-01,SKU0159,77,0,20,30
2025-09-08,SKU0159,60,0,20,30
2025-09-15,SKU0159,31,29,20,30
2025-09-22,SKU0159,242,227,20,30
2025-09-29,SKU0159,232,0,20,30
2025-10-06,SKU0159,198,0,20,30
2025-10-13,SKU0159,183,0,20,30
2025-10-20,SKU0159,159,14,20,30
2025-10-27,SKU0159,137,0,20,30
2025-11-03,SKU0159,131,0,20,30
2025-11-10,SKU0159,118,0,20,30
2025-11-17,SKU0159,94,0,20,30
2025-11-24,SKU0159,75,0,20,30
2025-12-01,SKU0159,68,4,20,30
2025-12-08,SKU0159,44,0,20,30
2025-12-15,SKU0159,39,0,20,30
2025-12-22,SKU0159,164,146,20,30
2025-12-29,SKU0159,138,5,20,30
2024-01-01,SKU0160,182,0,15,19
2024-01-08,SKU0160,167,0,15,19
2024-01-15,SKU0160,142,0,15,19
2024-01-22,SKU0160,119,6,15,19
2024-01-29,SKU0160,102,0,15,19
2024-02-05,SKU0160,97,0,15,19
2024-02-12,SKU0160,67,0,15,19
2024-02-19,SKU0160,62,0,15,19
2024-02-26,SKU0160,40,0,15,19
2024-03-04,SKU0160,23,0,15,19
2024-03-11,SKU0160,10,0,15,19
2024-03-18,SKU0160,0,0,15,19
2024-03-25,SKU0160,0,0,15,19
2024-04-01,SKU0160,0,20,15,19
2024-04-08,SKU0160,0,0,15,19
2024-04-15,SKU0160,84,84,15,19
2024-04-22,SKU0160,60,0,15,19
2024-04-29,SKU0160,48,0,15,19
2024-05-06,SKU0160,182,165,15,19
2024-05-13,SKU0160,165,0,15,19
2024-05-20,SKU0160,142,0,15,19
2024-05-27,SKU0160,109,3,15,19
2024-06-03,SKU0160,98,0,15,19
2024-06-10,SKU0160,69,0,15,19
2024-06-17,SKU0160,61,0,15,19
2024-06-24,SKU0160,43,12,15,19
2024-07-01,SKU0160,23,9,15,19
2024-07-08,SKU0160,173,173,15,19
2024-07-15,SKU0160,144,0,15,19
2024-07-22,SKU0160,130,0,15,19
2024-07-29,SKU0160,101,16,15,19
2024-08-05,SKU0160,70,0,15,19
2024-08-12,SKU0160,40,0,15,19
2024-08-19,SKU0160,140,131,15,19
2024-08-26,SKU0160,120,0,15,19
2024-09-02,SKU0160,105,0,15,19
2024-09-09,SKU0160,97,0,15,19
2024-09-16,SKU0160,68,0,15,19
2024-09-23,SKU0160,46,0,15,19
2024-09-30,SKU0160,23,27,15,19
2024-10-07,SKU0160,0,0,15,19
2024-10-14,SKU0160,0,0,15,19
2024-10-21,SKU0160,94,94,15,19
2024-10-28,SKU0160,60,0,15,19
2024-11-04,SKU0160,29,0,15,19
2024-11-11,SKU0160,143,140,15,19
2024-11-18,SKU0160,115,0,15,19
2024-11-25,SKU0160,98,0,15,19
2024-12-02,SKU0160,90,0,15,19
2024-12-09,SKU0160,67,0,15,19
2024-12-16,SKU0160,41,5,15,19
2024-12-23,SKU0160,26,0,15,19
2024-12-30,SKU0160,9,0,15,19
2025-01-06,SKU0160,146,146,15,19
2025-01-13,SKU0160,135,0,15,19
2025-01-20,SKU0160,102,0,15,19
2025-01-27,SKU0160,78,0,15,19
2025-02-03,SKU0160,49,0,15,19
2025-02-10,SKU0160,38,8,15,19
2025-02-17,SKU0160,5,0,15,19
2025-02-24,SKU0160,0,29,15,19
2025-03-03,SKU0160,207,207,15,19
2025-03-10,SKU0160,176,4,15,19
2025-03-17,SKU0160,169,11,15,19
2025-03-24,SKU0160,152,0,15,19
2025-03-31,SKU0160,137,0,15,19
2025-04-07,SKU0160,125,0,15,19
2025-04-14,SKU0160,108,0,15,19
2025-04-21,SKU0160,95,0,15,19
2025-04-28,SKU0160,84,26,15,19
2025-05-05,SKU0160,67,0,15,19
2025-05-12,SKU0160,37,26,15,19
2025-05-19,SKU0160,178,168,15,19
2025-05-26,SKU0160,150,0,15,19
2025-06-02,SKU0160,120,14,15,19
2025-06-09,SKU0160,111,26,15,19
2025-06-16,SKU0160,79,0,15,19
2025-06-23,SKU0160,50,1,15,19
2025-06-30,SKU0160,29,0,15,19
2025-07-07,SKU0160,239,236,15,19
2025-07-14,SKU0160,231,5,15,19
2025-07-21,SKU0160,214,22,15,19
2025-07-28,SKU0160,204,0,15,19
2025-08-04,SKU0160,198,0,15,19
2025-08-11,SKU0160,180,0,15,19
2025-08-18,SKU0160,166,12,15,19
2025-08-25,SKU0160,143,0,15,19
2025-09-01,SKU0160,129,0,15,19
2025-09-08,SKU0160,97,19,15,19
2025-09-15,SKU0160,80,5,15,19
2025-09-22,SKU0160,68,0,15,19
2025-09-29,SKU0160,37,0,15,19
2025-10-06,SKU0160,208,189,15,19
2025-10-13,SKU0160,177,0,15,19
2025-10-20,SKU0160,143,19,15,19
2025-10-27,SKU0160,120,0,15,19
2025-11-03,SKU0160,89,0,15,19
2025-11-10,SKU0160,59,0,15,19
2025-11-17,SKU0160,26,0,15,19
2025-11-24,SKU0160,152,146,15,19
2025-12-01,SKU0160,142,0,15,19
2025-12-08,SKU0160,123,0,15,19
2025-12-15,SKU0160,112,0,15,19
2025-12-22,SKU0160,102,0,15,19
2025-12-29,SKU0160,93,0,15,19
2024-01-01,SKU0161,152,0,12,44
2024-01-08,SKU0161,139,0,12,44
2024-01-15,SKU0161,125,0,12,44
2024-01-22,SKU0161,111,0,12,44
2024-01-29,SKU0161,83,0,12,44
2024-02-05,SKU0161,53,0,12,44
2024-02-12,SKU0161,27,0,12,44
2024-02-19,SKU0161,139,135,12,44
2024-02-26,SKU0161,124,0,12,44
2024-03-04,SKU0161,92,0,12,44
2024-03-11,SKU0161,59,14,12,44
2024-03-18,SKU0161,45,0,12,44
2024-03-25,SKU0161,192,156,12,44
2024-04-01,SKU0161,171,0,12,44
2024-04-08,SKU0161,138,0,12,44
2024-04-15,SKU0161,131,0,12,44
2024-04-22,SKU0161,114,0,12,44
2024-04-29,SKU0161,86,15,12,44
2024-05-06,SKU0161,68,0,12,44
2024-05-13,SKU0161,58,0,12,44
2024-05-20,SKU0161,28,0,12,44
2024-05-27,SKU0161,168,164,12,44
2024-06-03,SKU0161,149,27,12,44
2024-06-10,SKU0161,117,0,12,44
2024-06-17,SKU0161,101,0,12,44
2024-06-24,SKU0161,91,0,12,44
2024-07-01,SKU0161,78,15,12,44
2024-07-08,SKU0161,52,22,12,44
2024-07-15,SKU0161,27,0,12,44
2024-07-22,SKU0161,236,232,12,44
2024-07-29,SKU0161,231,0,12,44
2024-08-05,SKU0161,198,0,12,44
2024-08-12,SKU0161,175,2,12,44
2024-08-19,SKU0161,150,0,12,44
2024-08-26,SKU0161,140,0,12,44
2024-09-02,SKU0161,110,0,12,44
2024-09-09,SKU0161,77,0,12,44
2024-09-16,SKU0161,60,0,12,44
2024-09-23,SKU0161,45,0,12,44
2024-09-30,SKU0161,26,0,12,44
2024-10-07,SKU0161,218,214,12,44
2024-10-14,SKU0161,209,0,12,44
2024-10-21,SKU0161,176,0,12,44
2024-10-28,SKU0161,156,18,12,44
2024-11-04,SKU0161,131,0,12,44
2024-11-11,SKU0161,105,0,12,44
2024-11-18,SKU0161,73,0,12,44
2024-11-25,SKU0161,66,0,12,44
2024-12-02,SKU0161,61,0,12,44
2024-12-09,SKU0161,52,0,12,44
2024-12-16,SKU0161,41,2,12,44
2024-12-23,SKU0161,237,223,12,44
2024-12-30,SKU0161,210,0,12,44
2025-01-06,SKU0161,177,0,12,44
2025-01-13,SKU0161,154,0,12,44
2025-01-20,SKU0161,124,0,12,44
2025-01-27,SKU0161,107,0,12,44
2025-02-03,SKU0161,83,14,12,44
2025-02-10,SKU0161,75,14,12,44
2025-02-17,SKU0161,65,0,12,44
2025-02-24,SKU0161,60,0,12,44
2025-03-03,SKU0161,196,152,12,44
2025-03-10,SKU0161,165,22,12,44
2025-03-17,SKU0161,158,0,12,44
2025-03-24,SKU0161,127,0,12,44
2025-03-31,SKU0161,119,0,12,44
2025-04-07,SKU0161,98,23,12,44
2025-04-14,SKU0161,90,0,12,44
2025-04-21,SKU0161,75,0,12,44
2025-04-28,SKU0161,61,0,12,44
2025-05-05,SKU0161,31,1,12,44
2025-05-12,SKU0161,3,13,12,44
2025-05-19,SKU0161,0,0,12,44
2025-05-26,SKU0161,190,190,12,44
2025-06-02,SKU0161,176,0,12,44
2025-06-09,SKU0161,148,0,12,44
2025-06-16,SKU0161,138,0,12,44
2025-06-23,SKU0161,108,0,12,44
2025-06-30,SKU0161,93,27,12,44
2025-07-07,SKU0161,63,0,12,44
2025-07-14,SKU0161,219,188,12,44
2025-07-21,SKU0161,203,0,12,44
2025-07-28,SKU0161,179,0,12,44
2025-08-04,SKU0161,161,7,12,44
2025-08-11,SKU0161,146,0,12,44
2025-08-18,SKU0161,116,0,12,44
2025-08-25,SKU0161,91,0,12,44
2025-09-01,SKU0161,84,0,12,44
2025-09-08,SKU0161,56,0,12,44
2025-09-15,SKU0161,202,165,12,44
2025-09-22,SKU0161,196,0,12,44
2025-09-29,SKU0161,189,5,12,44
2025-10-06,SKU0161,155,7,12,44
2025-10-13,SKU0161,129,0,12,44
2025-10-20,SKU0161,104,0,12,44
2025-10-27,SKU0161,72,11,12,44
2025-11-03,SKU0161,67,0,12,44
2025-11-10,SKU0161,52,4,12,44
2025-11-17,SKU0161,39,29,12,44
2025-11-24,SKU0161,178,163,12,44
2025-12-01,SKU0161,149,24,12,44
2025-12-08,SKU0161,131,0,12,44
2025-12-15,SKU0161,115,0,12,44
2025-12-22,SKU0161,103,0,12,44
2025-12-29,SKU0161,96,0,12,44
2024-01-01,SKU0162,220,0,25,31
2024-01-08,SKU0162,191,0,25,31
2024-01-15,SKU0162,158,0,25,31
2024-01-22,SKU0162,140,0,25,31
2024-01-29,SKU0162,107,0,25,31
2024-02-05,SKU0162,90,0,25,31
2024-02-12,SKU0162,60,6,25,31
2024-02-19,SKU0162,45,0,25,31
2024-02-26,SKU0162,27,0,25,31
2024-03-04,SKU0162,8,2,25,31
2024-03-11,SKU0162,102,102,25,31
2024-03-18,SKU0162,94,0,25,31
2024-03-25,SKU0162,65,0,25,31
2024-04-01,SKU0162,33,0,25,31
2024-04-08,SKU0162,19,0,25,31
2024-04-15,SKU0162,159,159,25,31
2024-04-22,SKU0162,145,26,25,31
2024-04-29,SKU0162,130,27,25,31
2024-05-06,SKU0162,106,0,25,31
2024-05-13,SKU0162,72,0,25,31
2024-05-20,SKU0162,60,0,25,31
2024-05-27,SKU0162,33,0,25,31
2024-06-03,SKU0162,11,0,25,31
2024-06-10,SKU0162,206,206,25,31
2024-06-17,SKU0162,189,0,25,31
2024-06-24,SKU0162,156,18,25,31
2024-07-01,SKU0162,134,20,25,31
2024-07-08,SKU0162,114,28,25,31
2024-07-15,SKU0162,91,0,25,31
2024-07-22,SKU0162,58,0,25,31
2024-07-29,SKU0162,37,0,25,31
2024-08-05,SKU0162,144,134,25,31
2024-08-12,SKU0162,139,0,25,31
2024-08-19,SKU0162,118,0,25,31
2024-08-26,SKU0162,94,0,25,31
2024-09-02,SKU0162,72,0,25,31
2024-09-09,SKU0162,43,0,25,31
2024-09-16,SKU0162,29,0,25,31
2024-09-23,SKU0162,129,122,25,31
2024-09-30,SKU0162,119,0,25,31
2024-10-07,SKU0162,109,0,25,31
2024-10-14,SKU0162,85,0,25,31
2024-10-21,SKU0162,51,0,25,31
2024-10-28,SKU0162,28,0,25,31
2024-11-04,SKU0162,0,0,25,31
2024-11-11,SKU0162,106,106,25,31
2024-11-18,SKU0162,85,0,25,31
2024-11-25,SKU0162,61,0,25,31
2024-12-02,SKU0162,38,0,25,31
2024-12-09,SKU0162,243,235,25,31
2024-12-16,SKU0162,225,0,25,31
2024-12-23,SKU0162,215,0,25,31
2024-12-30,SKU0162,210,0,25,31
2025-01-06,SKU0162,203,0,25,31
2025-01-13,SKU0162,193,0,25,31
2025-01-20,SKU0162,187,0,25,31
2025-01-27,SKU0162,159,0,25,31
2025-02-03,SKU0162,127,24,25,31
2025-02-10,SKU0162,119,0,25,31
2025-02-17,SKU0162,103,0,25,31
2025-02-24,SKU0162,91,27,25,31
2025-03-03,SKU0162,61,0,25,31
2025-03-10,SKU0162,34,0,25,31
2025-03-17,SKU0162,127,125,25,31
2025-03-24,SKU0162,102,0,25,31
2025-03-31,SKU0162,83,0,25,31
2025-04-07,SKU0162,78,0,25,31
2025-04-14,SKU0162,58,0,25,31
2025-04-21,SKU0162,36,0,25,31
2025-04-28,SKU0162,214,201,25,31
2025-05-05,SKU0162,201,0,25,31
2025-05-12,SKU0162,187,18,25,31
2025-05-19,SKU0162,181,0,25,31
2025-05-26,SKU0162,172,0,25,31
2025-06-02,SKU0162,159,0,25,31
2025-06-09,SKU0162,129,0,25,31
2025-06-16,SKU0162,119,0,25,31
2025-06-23,SKU0162,86,0,25,31
2025-06-30,SKU0162,75,0,25,31
2025-07-07,SKU0162,70,0,25,31
2025-07-14,SKU0162,47,0,25,31
2025-07-21,SKU0162,148,121,25,31
2025-07-28,SKU0162,139,0,25,31
2025-08-04,SKU0162,127,0,25,31
2025-08-11,SKU0162,93,15,25,31
2025-08-18,SKU0162,72,0,25,31
2025-08-25,SKU0162,48,0,25,31
2025-09-01,SKU0162,24,0,25,31
2025-09-08,SKU0162,257,243,25,31
2025-09-15,SKU0162,237,0,25,31
2025-09-22,SKU0162,229,0,25,31
2025-09-29,SKU0162,220,0,25,31
2025-10-06,SKU0162,201,15,25,31
2025-10-13,SKU0162,191,0,25,31
2025-10-20,SKU0162,168,0,25,31
2025-10-27,SKU0162,157,0,25,31
2025-11-03,SKU0162,125,0,25,31
2025-11-10,SKU0162,95,0,25,31
2025-11-17,SKU0162,84,0,25,31
2025-11-24,SKU0162,66,0,25,31
2025-12-01,SKU0162,43,0,25,31
2025-12-08,SKU0162,36,12,25,31
2025-12-15,SKU0162,12,0,25,31
2025-12-22,SKU0162,115,115,25,31
2025-12-29,SKU0162,107,10,25,31
2024-01-01,SKU0163,63,0,20,15
2024-01-08,SKU0163,54,0,20,15
2024-01-15,SKU0163,31,3,20,15
2024-01-22,SKU0163,107,100,20,15
2024-01-29,SKU0163,93,0,20,15
2024-02-05,SKU0163,79,11,20,15
2024-02-12,SKU0163,50,0,20,15
2024-02-19,SKU0163,31,0,20,15
2024-02-26,SKU0163,5,0,20,15
2024-03-04,SKU0163,181,181,20,15
2024-03-11,SKU0163,172,0,20,15
2024-03-18,SKU0163,163,0,20,15
2024-03-25,SKU0163,142,0,20,15
2024-04-01,SKU0163,127,0,20,15
2024-04-08,SKU0163,113,0,20,15
2024-04-15,SKU0163,100,0,20,15
2024-04-22,SKU0163,70,0,20,15
2024-04-29,SKU0163,44,0,20,15
2024-05-06,SKU0163,21,18,20,15
2024-05-13,SKU0163,204,201,20,15
2024-05-20,SKU0163,172,0,20,15
2024-05-27,SKU0163,167,21,20,15
2024-06-03,SKU0163,157,0,20,15
2024-06-10,SKU0163,146,0,20,15
2024-06-17,SKU0163,117,0,20,15
2024-06-24,SKU0163,105,0,20,15
2024-07-01,SKU0163,84,0,20,15
2024-07-08,SKU0163,50,0,20,15
2024-07-15,SKU0163,37,18,20,15
2024-07-22,SKU0163,19,0,20,15
2024-07-29,SKU0163,100,100,20,15
2024-08-05,SKU0163,92,0,20,15
2024-08-12,SKU0163,80,0,20,15
2024-08-19,SKU0163,50,0,20,15
2024-08-26,SKU0163,38,0,20,15
2024-09-02,SKU0163,23,0,20,15
2024-09-09,SKU0163,164,150,20,15
2024-09-16,SKU0163,136,0,20,15
2024-09-23,SKU0163,103,3,20,15
2024-09-30,SKU0163,70,0,20,15
2024-10-07,SKU0163,56,0,20,15
2024-10-14,SKU0163,23,0,20,15
2024-10-21,SKU0163,167,160,20,15
2024-10-28,SKU0163,137,0,20,15
2024-11-04,SKU0163,128,0,20,15
2024-11-11,SKU0163,98,0,20,15
2024-11-18,SKU0163,64,0,20,15
2024-11-25,SKU0163,52,0,20,15
2024-12-02,SKU0163,47,0,20,15
2024-12-09,SKU0163,30,0,20,15
2024-12-16,SKU0163,7,0,20,15
2024-12-23,SKU0163,142,142,20,15
2024-12-30,SKU0163,113,0,20,15
2025-01-06,SKU0163,100,0,20,15
2025-01-13,SKU0163,91,0,20,15
2025-01-20,SKU0163,62,0,20,15
2025-01-27,SKU0163,28,0,20,15
2025-02-03,SKU0163,0,0,20,15
2025-02-10,SKU0163,241,241,20,15
2025-02-17,SKU0163,232,0,20,15
2025-02-24,SKU0163,207,0,20,15
2025-03-03,SKU0163,199,0,20,15
2025-03-10,SKU0163,190,0,20,15
2025-03-17,SKU0163,169,0,20,15
2025-03-24,SKU0163,144,3,20,15
2025-03-31,SKU0163,116,23,20,15
2025-04-07,SKU0163,104,0,20,15
2025-04-14,SKU0163,72,0,20,15
2025-04-21,SKU0163,57,0,20,15
2025-04-28,SKU0163,23,19,20,15
2025-05-05,SKU0163,0,0,20,15
2025-05-12,SKU0163,220,220,20,15
2025-05-19,SKU0163,215,0,20,15
2025-05-26,SKU0163,204,0,20,15
2025-06-02,SKU0163,177,26,20,15
2025-06-09,SKU0163,149,12,20,15
2025-06-16,SKU0163,131,0,20,15
2025-06-23,SKU0163,125,0,20,15
2025-06-30,SKU0163,113,0,20,15
2025-07-07,SKU0163,99,0,20,15
2025-07-14,SKU0163,74,0,20,15
2025-07-21,SKU0163,49,0,20,15
2025-07-28,SKU0163,32,0,20,15
2025-08-04,SKU0163,24,0,20,15
2025-08-11,SKU0163,134,122,20,15
2025-08-18,SKU0163,118,0,20,15
2025-08-25,SKU0163,99,0,20,15
2025-09-01,SKU0163,76,0,20,15
2025-09-08,SKU0163,58,22,20,15
2025-09-15,SKU0163,32,0,20,15
2025-09-22,SKU0163,5,0,20,15
2025-09-29,SKU0163,0,0,20,15
2025-10-06,SKU0163,0,0,20,15
2025-10-13,SKU0163,0,10,20,15
2025-10-20,SKU0163,171,171,20,15
2025-10-27,SKU0163,164,0,20,15
2025-11-03,SKU0163,152,0,20,15
2025-11-10,SKU0163,136,0,20,15
2025-11-17,SKU0163,105,0,20,15
2025-11-24,SKU0163,95,0,20,15
2025-12-01,SKU0163,62,0,20,15
2025-12-08,SKU0163,41,0,20,15
2025-12-15,SKU0163,10,0,20,15
2025-12-22,SKU0163,0,0,20,15
2025-12-29,SKU0163,131,131,20,15
2024-01-01,SKU0164,113,0,24,26
2024-01-08,SKU0164,94,0,24,26
2024-01-15,SKU0164,62,4,24,26
2024-01-22,SKU0164,40,0,24,26
2024-01-29,SKU0164,10,7,24,26
2024-02-05,SKU0164,101,101,24,26
2024-02-12,SKU0164,96,7,24,26
2024-02-19,SKU0164,76,12,24,26
2024-02-26,SKU0164,48,0,24,26
2024-03-04,SKU0164,29,0,24,26
2024-03-11,SKU0164,238,221,24,26
2024-03-18,SKU0164,223,0,24,26
2024-03-25,SKU0164,194,0,24,26
2024-04-01,SKU0164,169,0,24,26
2024-04-08,SKU0164,142,0,24,26
2024-04-15,SKU0164,127,0,24,26
2024-04-22,SKU0164,99,0,24,26
2024-04-29,SKU0164,75,0,24,26
2024-05-06,SKU0164,54,0,24,26
2024-05-13,SKU0164,34,0,24,26
2024-05-20,SKU0164,127,101,24,26
2024-05-27,SKU0164,122,0,24,26
2024-06-03,SKU0164,109,0,24,26
2024-06-10,SKU0164,102,28,24,26
2024-06-17,SKU0164,73,0,24,26
2024-06-24,SKU0164,54,0,24,26
2024-07-01,SKU0164,49,0,24,26
2024-07-08,SKU0164,41,0,24,26
2024-07-15,SKU0164,14,0,24,26
2024-07-22,SKU0164,234,234,24,26
2024-07-29,SKU0164,202,7,24,26
2024-08-05,SKU0164,189,0,24,26
2024-08-12,SKU0164,171,0,24,26
2024-08-19,SKU0164,162,0,24,26
2024-08-26,SKU0164,140,0,24,26
2024-09-02,SKU0164,116,0,24,26
2024-09-09,SKU0164,83,0,24,26
2024-09-16,SKU0164,50,0,24,26
2024-09-23,SKU0164,40,28,24,26
2024-09-30,SKU0164,8,0,24,26
2024-10-07,SKU0164,85,85,24,26
2024-10-14,SKU0164,63,0,24,26
2024-10-21,SKU0164,39,0,24,26
2024-10-28,SKU0164,233,208,24,26
2024-11-04,SKU0164,225,0,24,26
2024-11-11,SKU0164,200,29,24,26
2024-11-18,SKU0164,189,0,24,26
2024-11-25,SKU0164,181,19,24,26
2024-12-02,SKU0164,158,0,24,26
2024-12-09,SKU0164,136,0,24,26
2024-12-16,SKU0164,119,5,24,26
2024-12-23,SKU0164,105,0,24,26
2024-12-30,SKU0164,72,0,24,26
2025-01-06,SKU0164,65,0,24,26
2025-01-13,SKU0164,32,0,24,26
2025-01-20,SKU0164,20,0,24,26
2025-01-27,SKU0164,168,154,24,26
2025-02-03,SKU0164,135,0,24,26
2025-02-10,SKU0164,109,0,24,26
2025-02-17,SKU0164,83,0,24,26
2025-02-24,SKU0164,76,0,24,26
2025-03-03,SKU0164,56,0,24,26
2025-03-10,SKU0164,28,0,24,26
2025-03-17,SKU0164,150,150,24,26
2025-03-24,SKU0164,133,0,24,26
2025-03-31,SKU0164,121,0,24,26
2025-04-07,SKU0164,97,0,24,26
2025-04-14,SKU0164,78,0,24,26
2025-04-21,SKU0164,72,0,24,26
2025-04-28,SKU0164,54,0,24,26
2025-05-05,SKU0164,35,0,24,26
2025-05-12,SKU0164,152,134,24,26
2025-05-19,SKU0164,127,0,24,26
2025-05-26,SKU0164,105,0,24,26
2025-06-02,SKU0164,92,0,24,26
2025-06-09,SKU0164,65,0,24,26
2025-06-16,SKU0164,53,0,24,26
2025-06-23,SKU0164,25,0,24,26
2025-06-30,SKU0164,254,242,24,26
2025-07-07,SKU0164,225,0,24,26
2025-07-14,SKU0164,197,0,24,26
2025-07-21,SKU0164,177,0,24,26
2025-07-28,SKU0164,162,0,24,26
2025-08-04,SKU0164,154,0,24,26
2025-08-11,SKU0164,140,0,24,26
2025-08-18,SKU0164,111,5,24,26
2025-08-25,SKU0164,97,0,24,26
2025-09-01,SKU0164,87,0,24,26
2025-09-08,SKU0164,61,6,24,26
2025-09-15,SKU0164,28,0,24,26
2025-09-22,SKU0164,0,0,24,26
2025-09-29,SKU0164,0,0,24,26
2025-10-06,SKU0164,227,227,24,26
2025-10-13,SKU0164,204,0,24,26
2025-10-20,SKU0164,197,0,24,26
2025-10-27,SKU0164,183,0,24,26
2025-11-03,SKU0164,151,0,24,26
2025-11-10,SKU0164,135,0,24,26
2025-11-17,SKU0164,119,26,24,26
2025-11-24,SKU0164,107,16,24,26
2025-12-01,SKU0164,94,0,24,26
2025-12-08,SKU0164,62,0,24,26
2025-12-15,SKU0164,32,0,24,26
2025-12-22,SKU0164,234,226,24,26
2025-12-29,SKU0164,220,0,24,26
2024-01-01,SKU0165,227,0,23,15
2024-01-08,SKU0165,201,0,23,15
2024-01-15,SKU0165,186,0,23,15
2024-01-22,SKU0165,155,0,23,15
2024-01-29,SKU0165,147,0,23,15
2024-02-05,SKU0165,141,0,23,15
2024-02-12,SKU0165,121,0,23,15
2024-02-19,SKU0165,97,0,23,15
2024-02-26,SKU0165,65,0,23,15
2024-03-04,SKU0165,53,0,23,15
2024-03-11,SKU0165,36,0,23,15
2024-03-18,SKU0165,253,238,23,15
2024-03-25,SKU0165,247,0,23,15
2024-04-01,SKU0165,240,0,23,15
2024-04-08,SKU0165,235,19,23,15
2024-04-15,SKU0165,220,0,23,15
2024-04-22,SKU0165,190,0,23,15
2024-04-29,SKU0165,183,0,23,15
2024-05-06,SKU0165,160,0,23,15
2024-05-13,SKU0165,130,0,23,15
2024-05-20,SKU0165,104,0,23,15
2024-05-27,SKU0165,79,0,23,15
2024-06-03,SKU0165,71,0,23,15
2024-06-10,SKU0165,57,0,23,15
2024-06-17,SKU0165,33,0,23,15
2024-06-24,SKU0165,9,0,23,15
2024-07-01,SKU0165,106,106,23,15
2024-07-08,SKU0165,96,16,23,15
2024-07-15,SKU0165,87,0,23,15
2024-07-22,SKU0165,55,25,23,15
2024-07-29,SKU0165,31,20,23,15
2024-08-05,SKU0165,259,249,23,15
2024-08-12,SKU0165,250,0,23,15
2024-08-19,SKU0165,229,0,23,15
2024-08-26,SKU0165,213,0,23,15
2024-09-02,SKU0165,187,0,23,15
2024-09-09,SKU0165,166,8,23,15
2024-09-16,SKU0165,140,0,23,15
2024-09-23,SKU0165,129,0,23,15
2024-09-30,SKU0165,97,0,23,15
2024-10-07,SKU0165,92,0,23,15
2024-10-14,SKU0165,86,0,23,15
2024-10-21,SKU0165,53,0,23,15
2024-10-28,SKU0165,23,9,23,15
2024-11-04,SKU0165,0,2,23,15
2024-11-11,SKU0165,238,238,23,15
2024-11-18,SKU0165,216,0,23,15
2024-11-25,SKU0165,209,7,23,15
2024-12-02,SKU0165,176,0,23,15
2024-12-09,SKU0165,165,0,23,15
2024-12-16,SKU0165,148,0,23,15
2024-12-23,SKU0165,123,0,23,15
2024-12-30,SKU0165,102,0,23,15
2025-01-06,SKU0165,72,0,23,15
2025-01-13,SKU0165,38,20,23,15
2025-01-20,SKU0165,33,0,23,15
2025-01-27,SKU0165,20,0,23,15
2025-02-03,SKU0165,118,118,23,15
2025-02-10,SKU0165,92,9,23,15
2025-02-17,SKU0165,61,0,23,15
2025-02-24,SKU0165,50,0,23,15
2025-03-03,SKU0165,40,26,23,15
2025-03-10,SKU0165,24,0,23,15
2025-03-17,SKU0165,9,0,23,15
2025-03-24,SKU0165,197,197,23,15
2025-03-31,SKU0165,177,0,23,15
2025-04-07,SKU0165,151,0,23,15
2025-04-14,SKU0165,141,27,23,15
2025-04-21,SKU0165,134,0,23,15
2025-04-28,SKU0165,107,19,23,15
2025-05-05,SKU0165,74,0,23,15
2025-05-12,SKU0165,69,0,23,15
2025-05-19,SKU0165,55,0,23,15
2025-05-26,SKU0165,46,0,23,15
2025-06-02,SKU0165,112,100,23,15
2025-06-09,SKU0165,107,0,23,15
2025-06-16,SKU0165,92,0,23,15
2025-06-23,SKU0165,59,0,23,15
2025-06-30,SKU0165,44,0,23,15
2025-07-07,SKU0165,18,0,23,15
2025-07-14,SKU0165,2,0,23,15
2025-07-21,SKU0165,0,18,23,15
2025-07-28,SKU0165,139,139,23,15
2025-08-04,SKU0165,129,29,23,15
2025-08-11,SKU0165,113,0,23,15
2025-08-18,SKU0165,105,8,23,15
2025-08-25,SKU0165,80,0,23,15
2025-09-01,SKU0165,48,0,23,15
2025-09-08,SKU0165,18,0,23,15
2025-09-15,SKU0165,223,223,23,15
2025-09-22,SKU0165,204,0,23,15
2025-09-29,SKU0165,182,0,23,15
2025-10-06,SKU0165,164,0,23,15
2025-10-13,SKU0165,158,0,23,15
2025-10-20,SKU0165,133,0,23,15
2025-10-27,SKU0165,109,0,23,15
2025-11-03,SKU0165,75,9,23,15
2025-11-10,SKU0165,41,0,23,15
2025-11-17,SKU0165,31,0,23,15
2025-11-24,SKU0165,8,0,23,15
2025-12-01,SKU0165,0,0,23,15
2025-12-08,SKU0165,237,237,23,15
2025-12-15,SKU0165,203,26,23,15
2025-12-22,SKU0165,184,0,23,15
2025-12-29,SKU0165,151,0,23,15
2024-01-01,SKU0166,236,0,26,43
2024-01-08,SKU0166,229,3,26,43
2024-01-15,SKU0166,195,26,26,43
2024-01-22,SKU0166,161,18,26,43
2024-01-29,SKU0166,131,0,26,43
2024-02-05,SKU0166,98,0,26,43
2024-02-12,SKU0166,69,0,26,43
2024-02-19,SKU0166,49,0,26,43
2024-02-26,SKU0166,23,0,26,43
2024-03-04,SKU0166,123,114,26,43
2024-03-11,SKU0166,90,0,26,43
2024-03-18,SKU0166,70,0,26,43
2024-03-25,SKU0166,46,0,26,43
2024-04-01,SKU0166,159,127,26,43
2024-04-08,SKU0166,145,0,26,43
2024-04-15,SKU0166,137,0,26,43
2024-04-22,SKU0166,128,15,26,43
2024-04-29,SKU0166,123,5,26,43
2024-05-06,SKU0166,115,0,26,43
2024-05-13,SKU0166,92,27,26,43
2024-05-20,SKU0166,75,0,26,43
2024-05-27,SKU0166,44,1,26,43
2024-06-03,SKU0166,204,173,26,43
2024-06-10,SKU0166,176,0,26,43
2024-06-17,SKU0166,169,9,26,43
2024-06-24,SKU0166,147,0,26,43
2024-07-01,SKU0166,137,16,26,43
2024-07-08,SKU0166,116,0,26,43
2024-07-15,SKU0166,109,20,26,43
2024-07-22,SKU0166,102,0,26,43
2024-07-29,SKU0166,84,0,26,43
2024-08-05,SKU0166,57,0,26,43
2024-08-12,SKU0166,169,131,26,43
2024-08-19,SKU0166,144,0,26,43
2024-08-26,SKU0166,132,0,26,43
2024-09-02,SKU0166,106,0,26,43
2024-09-09,SKU0166,80,0,26,43
2024-09-16,SKU0166,49,16,26,43
2024-09-23,SKU0166,17,0,26,43
2024-09-30,SKU0166,0,14,26,43
2024-10-07,SKU0166,180,180,26,43
2024-10-14,SKU0166,167,0,26,43
2024-10-21,SKU0166,152,4,26,43
2024-10-28,SKU0166,137,0,26,43
2024-11-04,SKU0166,104,0,26,43
2024-11-11,SKU0166,81,0,26,43
2024-11-18,SKU0166,47,0,26,43
2024-11-25,SKU0166,155,113,26,43
2024-12-02,SKU0166,149,0,26,43
2024-12-09,SKU0166,119,0,26,43
2024-12-16,SKU0166,105,0,26,43
2024-12-23,SKU0166,84,0,26,43
2024-12-30,SKU0166,68,0,26,43
2025-01-06,SKU0166,205,164,26,43
2025-01-13,SKU0166,182,0,26,43
2025-01-20,SKU0166,151,0,26,43
2025-01-27,SKU0166,132,0,26,43
2025-02-03,SKU0166,117,0,26,43
2025-02-10,SKU0166,84,0,26,43
2025-02-17,SKU0166,63,0,26,43
2025-02-24,SKU0166,33,0,26,43
2025-03-03,SKU0166,196,170,26,43
2025-03-10,SKU0166,179,0,26,43
2025-03-17,SKU0166,168,10,26,43
2025-03-24,SKU0166,141,13,26,43
2025-03-31,SKU0166,119,7,26,43
2025-04-07,SKU0166,113,0,26,43
2025-04-14,SKU0166,84,0,26,43
2025-04-21,SKU0166,53,0,26,43
2025-04-28,SKU0166,119,81,26,43
2025-05-05,SKU0166,94,0,26,43
2025-05-12,SKU0166,85,15,26,43
2025-05-19,SKU0166,79,0,26,43
2025-05-26,SKU0166,47,0,26,43
2025-06-02,SKU0166,23,0,26,43
2025-06-09,SKU0166,147,137,26,43
2025-06-16,SKU0166,140,0,26,43
2025-06-23,SKU0166,127,0,26,43
2025-06-30,SKU0166,105,0,26,43
2025-07-07,SKU0166,96,0,26,43
2025-07-14,SKU0166,82,0,26,43
2025-07-21,SKU0166,65,0,26,43
2025-07-28,SKU0166,158,124,26,43
2025-08-04,SKU0166,129,0,26,43
2025-08-11,SKU0166,124,0,26,43
2025-08-18,SKU0166,108,0,26,43
2025-08-25,SKU0166,75,27,26,43
2025-09-01,SKU0166,44,0,26,43
2025-09-08,SKU0166,39,0,26,43
2025-09-15,SKU0166,29,0,26,43
2025-09-22,SKU0166,21,0,26,43
2025-09-29,SKU0166,10,5,26,43
2025-10-06,SKU0166,0,0,26,43
2025-10-13,SKU0166,0,0,26,43
2025-10-20,SKU0166,122,122,26,43
2025-10-27,SKU0166,108,0,26,43
2025-11-03,SKU0166,100,0,26,43
2025-11-10,SKU0166,79,0,26,43
2025-11-17,SKU0166,74,14,26,43
2025-11-24,SKU0166,150,108,26,43
2025-12-01,SKU0166,132,0,26,43
2025-12-08,SKU0166,109,0,26,43
2025-12-15,SKU0166,79,0,26,43
2025-12-22,SKU0166,57,0,26,43
2025-12-29,SKU0166,44,0,26,43
2024-01-01,SKU0167,142,0,14,33
2024-01-08,SKU0167,124,0,14,33
2024-01-15,SKU0167,112,0,14,33
2024-01-22,SKU0167,104,0,14,33
2024-01-29,SKU0167,88,0,14,33
2024-02-05,SKU0167,80,0,14,33
2024-02-12,SKU0167,59,0,14,33
2024-02-19,SKU0167,38,20,14,33
2024-02-26,SKU0167,176,143,14,33
2024-03-04,SKU0167,148,0,14,33
2024-03-11,SKU0167,125,0,14,33
2024-03-18,SKU0167,116,0,14,33
2024-03-25,SKU0167,85,0,14,33
2024-04-01,SKU0167,69,0,14,33
2024-04-08,SKU0167,40,13,14,33
2024-04-15,SKU0167,218,193,14,33
2024-04-22,SKU0167,200,0,14,33
2024-04-29,SKU0167,167,20,14,33
2024-05-06,SKU0167,146,0,14,33
2024-05-13,SKU0167,113,0,14,33
2024-05-20,SKU0167,95,0,14,33
2024-05-27,SKU0167,66,0,14,33
2024-06-03,SKU0167,55,13,14,33
2024-06-10,SKU0167,41,0,14,33
2024-06-17,SKU0167,33,21,14,33
2024-06-24,SKU0167,252,224,14,33
2024-07-01,SKU0167,227,0,14,33
2024-07-08,SKU0167,206,0,14,33
2024-07-15,SKU0167,174,0,14,33
2024-07-22,SKU0167,153,0,14,33
2024-07-29,SKU0167,127,0,14,33
2024-08-05,SKU0167,110,0,14,33
2024-08-12,SKU0167,99,26,14,33
2024-08-19,SKU0167,71,0,14,33
2024-08-26,SKU0167,46,0,14,33
2024-09-02,SKU0167,38,0,14,33
2024-09-09,SKU0167,114,82,14,33
2024-09-16,SKU0167,106,0,14,33
2024-09-23,SKU0167,86,0,14,33
2024-09-30,SKU0167,58,28,14,33
2024-10-07,SKU0167,194,167,14,33
2024-10-14,SKU0167,174,24,14,33
2024-10-21,SKU0167,148,0,14,33
2024-10-28,SKU0167,115,0,14,33
2024-11-04,SKU0167,92,0,14,33
2024-11-11,SKU0167,72,12,14,33
2024-11-18,SKU0167,40,0,14,33
2024-11-25,SKU0167,122,102,14,33
2024-12-02,SKU0167,104,0,14,33
2024-12-09,SKU0167,90,0,14,33
2024-12-16,SKU0167,63,19,14,33
2024-12-23,SKU0167,41,27,14,33
2024-12-30,SKU0167,31,0,14,33
2025-01-06,SKU0167,203,186,14,33
2025-01-13,SKU0167,173,12,14,33
2025-01-20,SKU0167,166,27,14,33
2025-01-27,SKU0167,154,0,14,33
2025-02-03,SKU0167,123,0,14,33
2025-02-10,SKU0167,103,0,14,33
2025-02-17,SKU0167,82,9,14,33
2025-02-24,SKU0167,63,0,14,33
2025-03-03,SKU0167,47,0,14,33
2025-03-10,SKU0167,30,0,14,33
2025-03-17,SKU0167,0,0,14,33
2025-03-24,SKU0167,233,233,14,33
2025-03-31,SKU0167,222,11,14,33
2025-04-07,SKU0167,191,0,14,33
2025-04-14,SKU0167,162,0,14,33
2025-04-21,SKU0167,138,0,14,33
2025-04-28,SKU0167,104,0,14,33
2025-05-05,SKU0167,90,0,14,33
2025-05-12,SKU0167,80,0,14,33
2025-05-19,SKU0167,58,0,14,33
2025-05-26,SKU0167,44,0,14,33
2025-06-02,SKU0167,37,8,14,33
2025-06-09,SKU0167,31,0,14,33
2025-06-16,SKU0167,260,240,14,33
2025-06-23,SKU0167,243,0,14,33
2025-06-30,SKU0167,225,0,14,33
2025-07-07,SKU0167,198,0,14,33
2025-07-14,SKU0167,187,0,14,33
2025-07-21,SKU0167,160,0,14,33
2025-07-28,SKU0167,132,20,14,33
2025-08-04,SKU0167,122,0,14,33
2025-08-11,SKU0167,105,25,14,33
2025-08-18,SKU0167,91,0,14,33
2025-08-25,SKU0167,60,27,14,33
2025-09-01,SKU0167,51,0,14,33
2025-09-08,SKU0167,20,0,14,33
2025-09-15,SKU0167,2,0,14,33
2025-09-22,SKU0167,0,0,14,33
2025-09-29,SKU0167,158,158,14,33
2025-10-06,SKU0167,134,0,14,33
2025-10-13,SKU0167,123,21,14,33
2025-10-20,SKU0167,90,0,14,33
2025-10-27,SKU0167,83,0,14,33
2025-11-03,SKU0167,76,13,14,33
2025-11-10,SKU0167,67,0,14,33
2025-11-17,SKU0167,34,0,14,33
2025-11-24,SKU0167,159,138,14,33
2025-12-01,SKU0167,133,0,14,33
2025-12-08,SKU0167,109,4,14,33
2025-12-15,SKU0167,93,0,14,33
2025-12-22,SKU0167,63,6,14,33
2025-12-29,SKU0167,38,0,14,33
2024-01-01,SKU0168,270,0,8,40
2024-01-08,SKU0168,264,0,8,40
2024-01-15,SKU0168,248,17,8,40
2024-01-22,SKU0168,241,0,8,40
2024-01-29,SKU0168,217,0,8,40
2024-02-05,SKU0168,198,0,8,40
2024-02-12,SKU0168,167,4,8,40
2024-02-19,SKU0168,143,0,8,40
2024-02-26,SKU0168,132,0,8,40
2024-03-04,SKU0168,104,0,8,40
2024-03-11,SKU0168,75,0,8,40
2024-03-18,SKU0168,66,0,8,40
2024-03-25,SKU0168,44,0,8,40
2024-04-01,SKU0168,152,120,8,40
2024-04-08,SKU0168,120,0,8,40
2024-04-15,SKU0168,86,0,8,40
2024-04-22,SKU0168,77,0,8,40
2024-04-29,SKU0168,44,0,8,40
2024-05-06,SKU0168,21,0,8,40
2024-05-13,SKU0168,13,0,8,40
2024-05-20,SKU0168,236,236,8,40
2024-05-27,SKU0168,231,0,8,40
2024-06-03,SKU0168,208,0,8,40
2024-06-10,SKU0168,194,0,8,40
2024-06-17,SKU0168,171,0,8,40
2024-06-24,SKU0168,142,0,8,40
2024-07-01,SKU0168,130,0,8,40
2024-07-08,SKU0168,113,0,8,40
2024-07-15,SKU0168,104,0,8,40
2024-07-22,SKU0168,78,24,8,40
2024-07-29,SKU0168,61,0,8,40
2024-08-05,SKU0168,44,0,8,40
2024-08-12,SKU0168,11,0,8,40
2024-08-19,SKU0168,237,237,8,40
2024-08-26,SKU0168,227,0,8,40
2024-09-02,SKU0168,219,0,8,40
2024-09-09,SKU0168,198,0,8,40
2024-09-16,SKU0168,172,0,8,40
2024-09-23,SKU0168,150,2,8,40
2024-09-30,SKU0168,122,0,8,40
2024-10-07,SKU0168,117,0,8,40
2024-10-14,SKU0168,105,0,8,40
2024-10-21,SKU0168,81,0,8,40
2024-10-28,SKU0168,56,0,8,40
2024-11-04,SKU0168,27,0,8,40
2024-11-11,SKU0168,150,139,8,40
2024-11-18,SKU0168,131,0,8,40
2024-11-25,SKU0168,100,0,8,40
2024-12-02,SKU0168,69,0,8,40
2024-12-09,SKU0168,52,0,8,40
2024-12-16,SKU0168,34,0,8,40
2024-12-23,SKU0168,161,141,8,40
2024-12-30,SKU0168,154,0,8,40
2025-01-06,SKU0168,143,0,8,40
2025-01-13,SKU0168,112,10,8,40
2025-01-20,SKU0168,97,6,8,40
2025-01-27,SKU0168,87,0,8,40
2025-02-03,SKU0168,60,0,8,40
2025-02-10,SKU0168,42,0,8,40
2025-02-17,SKU0168,26,0,8,40
2025-02-24,SKU0168,0,0,8,40
2025-03-03,SKU0168,229,229,8,40
2025-03-10,SKU0168,209,22,8,40
2025-03-17,SKU0168,180,0,8,40
2025-03-24,SKU0168,150,29,8,40
2025-03-31,SKU0168,121,0,8,40
2025-04-07,SKU0168,101,0,8,40
2025-04-14,SKU0168,92,0,8,40
2025-04-21,SKU0168,62,0,8,40
2025-04-28,SKU0168,55,0,8,40
2025-05-05,SKU0168,21,0,8,40
2025-05-12,SKU0168,94,92,8,40
2025-05-19,SKU0168,63,0,8,40
2025-05-26,SKU0168,56,0,8,40
2025-06-02,SKU0168,218,190,8,40
2025-06-09,SKU0168,186,0,8,40
2025-06-16,SKU0168,158,0,8,40
2025-06-23,SKU0168,126,0,8,40
2025-06-30,SKU0168,103,0,8,40
2025-07-07,SKU0168,78,0,8,40
2025-07-14,SKU0168,49,0,8,40
2025-07-21,SKU0168,16,0,8,40
2025-07-28,SKU0168,0,0,8,40
2025-08-04,SKU0168,82,82,8,40
2025-08-11,SKU0168,56,6,8,40
2025-08-18,SKU0168,31,0,8,40
2025-08-25,SKU0168,242,223,8,40
2025-09-01,SKU0168,223,0,8,40
2025-09-08,SKU0168,208,0,8,40
2025-09-15,SKU0168,177,0,8,40
2025-09-22,SKU0168,169,0,8,40
2025-09-29,SKU0168,156,0,8,40
2025-10-06,SKU0168,139,0,8,40
2025-10-13,SKU0168,131,0,8,40
2025-10-20,SKU0168,106,0,8,40
2025-10-27,SKU0168,80,0,8,40
2025-11-03,SKU0168,52,0,8,40
2025-11-10,SKU0168,41,0,8,40
2025-11-17,SKU0168,184,166,8,40
2025-11-24,SKU0168,155,0,8,40
2025-12-01,SKU0168,132,23,8,40
2025-12-08,SKU0168,112,0,8,40
2025-12-15,SKU0168,100,0,8,40
2025-12-22,SKU0168,89,0,8,40
2025-12-29,SKU0168,78,0,8,40
2024-01-01,SKU0169,124,18,24,19
2024-01-08,SKU0169,91,14,24,19
2024-01-15,SKU0169,84,0,24,19
2024-01-22,SKU0169,59,25,24,19
2024-01-29,SKU0169,31,0,24,19
2024-02-05,SKU0169,5,0,24,19
2024-02-12,SKU0169,108,108,24,19
2024-02-19,SKU0169,83,0,24,19
2024-02-26,SKU0169,61,0,24,19
2024-03-04,SKU0169,56,0,24,19
2024-03-11,SKU0169,28,0,24,19
2024-03-18,SKU0169,173,173,24,19
2024-03-25,SKU0169,165,0,24,19
2024-04-01,SKU0169,158,0,24,19
2024-04-08,SKU0169,147,21,24,19
2024-04-15,SKU0169,142,0,24,19
2024-04-22,SKU0169,116,0,24,19
2024-04-29,SKU0169,97,0,24,19
2024-05-06,SKU0169,68,16,24,19
2024-05-13,SKU0169,42,0,24,19
2024-05-20,SKU0169,19,0,24,19
2024-05-27,SKU0169,247,247,24,19
2024-06-03,SKU0169,242,0,24,19
2024-06-10,SKU0169,226,0,24,19
2024-06-17,SKU0169,197,13,24,19
2024-06-24,SKU0169,172,0,24,19
2024-07-01,SKU0169,160,0,24,19
2024-07-08,SKU0169,131,0,24,19
2024-07-15,SKU0169,125,0,24,19
2024-07-22,SKU0169,93,0,24,19
2024-07-29,SKU0169,88,0,24,19
2024-08-05,SKU0169,63,0,24,19
2024-08-12,SKU0169,40,0,24,19
2024-08-19,SKU0169,31,0,24,19
2024-08-26,SKU0169,160,151,24,19
2024-09-02,SKU0169,146,0,24,19
2024-09-09,SKU0169,119,0,24,19
2024-09-16,SKU0169,89,16,24,19
2024-09-23,SKU0169,71,25,24,19
2024-09-30,SKU0169,48,0,24,19
2024-10-07,SKU0169,42,0,24,19
2024-10-14,SKU0169,119,109,24,19
2024-10-21,SKU0169,93,0,24,19
2024-10-28,SKU0169,59,2,24,19
2024-11-04,SKU0169,40,0,24,19
2024-11-11,SKU0169,135,117,24,19
2024-11-18,SKU0169,108,22,24,19
2024-11-25,SKU0169,93,0,24,19
2024-12-02,SKU0169,71,0,24,19
2024-12-09,SKU0169,42,0,24,19
2024-12-16,SKU0169,21,13,24,19
2024-12-23,SKU0169,4,0,24,19
2024-12-30,SKU0169,195,195,24,19
2025-01-06,SKU0169,183,6,24,19
2025-01-13,SKU0169,156,0,24,19
2025-01-20,SKU0169,140,0,24,19
2025-01-27,SKU0169,107,0,24,19
2025-02-03,SKU0169,86,3,24,19
2025-02-10,SKU0169,61,8,24,19
2025-02-17,SKU0169,28,0,24,19
2025-02-24,SKU0169,208,208,24,19
2025-03-03,SKU0169,188,0,24,19
2025-03-10,SKU0169,182,18,24,19
2025-03-17,SKU0169,156,10,24,19
2025-03-24,SKU0169,149,0,24,19
2025-03-31,SKU0169,117,0,24,19
2025-04-07,SKU0169,109,0,24,19
2025-04-14,SKU0169,77,7,24,19
2025-04-21,SKU0169,62,0,24,19
2025-04-28,SKU0169,50,14,24,19
2025-05-05,SKU0169,40,0,24,19
2025-05-12,SKU0169,33,0,24,19
2025-05-19,SKU0169,4,0,24,19
2025-05-26,SKU0169,154,154,24,19
2025-06-02,SKU0169,139,0,24,19
2025-06-09,SKU0169,126,0,24,19
2025-06-16,SKU0169,102,0,24,19
2025-06-23,SKU0169,80,0,24,19
2025-06-30,SKU0169,63,0,24,19
2025-07-07,SKU0169,55,0,24,19
2025-07-14,SKU0169,36,1,24,19
2025-07-21,SKU0169,23,20,24,19
2025-07-28,SKU0169,238,238,24,19
2025-08-04,SKU0169,213,20,24,19
2025-08-11,SKU0169,198,5,24,19
2025-08-18,SKU0169,191,0,24,19
2025-08-25,SKU0169,173,3,24,19
2025-09-01,SKU0169,142,0,24,19
2025-09-08,SKU0169,126,0,24,19
2025-09-15,SKU0169,109,0,24,19
2025-09-22,SKU0169,75,0,24,19
2025-09-29,SKU0169,59,0,24,19
2025-10-06,SKU0169,40,0,24,19
2025-10-13,SKU0169,93,83,24,19
2025-10-20,SKU0169,88,0,24,19
2025-10-27,SKU0169,79,0,24,19
2025-11-03,SKU0169,55,0,24,19
2025-11-10,SKU0169,24,0,24,19
2025-11-17,SKU0169,136,118,24,19
2025-11-24,SKU0169,114,0,24,19
2025-12-01,SKU0169,90,0,24,19
2025-12-08,SKU0169,64,28,24,19
2025-12-15,SKU0169,58,0,24,19
2025-12-22,SKU0169,48,0,24,19
2025-12-29,SKU0169,42,0,24,19
2024-01-01,SKU0170,84,17,25,27
2024-01-08,SKU0170,53,0,25,27
2024-01-15,SKU0170,172,148,25,27
2024-01-22,SKU0170,160,0,25,27
2024-01-29,SKU0170,134,0,25,27
2024-02-05,SKU0170,114,0,25,27
2024-02-12,SKU0170,92,27,25,27
2024-02-19,SKU0170,75,0,25,27
2024-02-26,SKU0170,45,0,25,27
2024-03-04,SKU0170,265,244,25,27
2024-03-11,SKU0170,243,20,25,27
2024-03-18,SKU0170,211,0,25,27
2024-03-25,SKU0170,198,0,25,27
2024-04-01,SKU0170,191,0,25,27
2024-04-08,SKU0170,158,0,25,27
2024-04-15,SKU0170,127,0,25,27
2024-04-22,SKU0170,99,12,25,27
2024-04-29,SKU0170,80,0,25,27
2024-05-06,SKU0170,62,0,25,27
2024-05-13,SKU0170,34,0,25,27
2024-05-20,SKU0170,250,242,25,27
2024-05-27,SKU0170,245,0,25,27
2024-06-03,SKU0170,217,0,25,27
2024-06-10,SKU0170,211,0,25,27
2024-06-17,SKU0170,192,0,25,27
2024-06-24,SKU0170,178,0,25,27
2024-07-01,SKU0170,151,0,25,27
2024-07-08,SKU0170,120,0,25,27
2024-07-15,SKU0170,90,0,25,27
2024-07-22,SKU0170,59,0,25,27
2024-07-29,SKU0170,32,6,25,27
2024-08-05,SKU0170,188,183,25,27
2024-08-12,SKU0170,158,25,25,27
2024-08-19,SKU0170,125,0,25,27
2024-08-26,SKU0170,99,0,25,27
2024-09-02,SKU0170,91,0,25,27
2024-09-09,SKU0170,60,0,25,27
2024-09-16,SKU0170,32,0,25,27
2024-09-23,SKU0170,9,0,25,27
2024-09-30,SKU0170,2,18,25,27
2024-10-07,SKU0170,131,131,25,27
2024-10-14,SKU0170,98,29,25,27
2024-10-21,SKU0170,91,7,25,27
2024-10-28,SKU0170,64,0,25,27
2024-11-04,SKU0170,43,0,25,27
2024-11-11,SKU0170,17,0,25,27
2024-11-18,SKU0170,0,0,25,27
2024-11-25,SKU0170,191,191,25,27
2024-12-02,SKU0170,175,0,25,27
2024-12-09,SKU0170,166,0,25,27
2024-12-16,SKU0170,160,0,25,27
2024-12-23,SKU0170,152,0,25,27
2024-12-30,SKU0170,125,0,25,27
2025-01-06,SKU0170,109,0,25,27
2025-01-13,SKU0170,95,0,25,27
2025-01-20,SKU0170,63,0,25,27
2025-01-27,SKU0170,38,0,25,27
2025-02-03,SKU0170,183,174,25,27
2025-02-10,SKU0170,153,0,25,27
2025-02-17,SKU0170,127,0,25,27
2025-02-24,SKU0170,115,0,25,27
2025-03-03,SKU0170,95,0,25,27
2025-03-10,SKU0170,74,0,25,27
2025-03-17,SKU0170,56,23,25,27
2025-03-24,SKU0170,45,0,25,27
2025-03-31,SKU0170,33,0,25,27
2025-04-07,SKU0170,104,93,25,27
2025-04-14,SKU0170,73,0,25,27
2025-04-21,SKU0170,47,0,25,27
2025-04-28,SKU0170,226,207,25,27
2025-05-05,SKU0170,221,0,25,27
2025-05-12,SKU0170,197,0,25,27
2025-05-19,SKU0170,188,0,25,27
2025-05-26,SKU0170,159,0,25,27
2025-06-02,SKU0170,128,0,25,27
2025-06-09,SKU0170,117,0,25,27
2025-06-16,SKU0170,90,0,25,27
2025-06-23,SKU0170,56,16,25,27
2025-06-30,SKU0170,46,0,25,27
2025-07-07,SKU0170,37,0,25,27
2025-07-14,SKU0170,151,141,25,27
2025-07-21,SKU0170,139,0,25,27
2025-07-28,SKU0170,122,23,25,27
2025-08-04,SKU0170,88,0,25,27
2025-08-11,SKU0170,82,0,25,27
2025-08-18,SKU0170,67,0,25,27
2025-08-25,SKU0170,37,0,25,27
2025-09-01,SKU0170,222,218,25,27
2025-09-08,SKU0170,188,0,25,27
2025-09-15,SKU0170,157,0,25,27
2025-09-22,SKU0170,132,0,25,27
2025-09-29,SKU0170,125,0,25,27
2025-10-06,SKU0170,104,0,25,27
2025-10-13,SKU0170,91,0,25,27
2025-10-20,SKU0170,75,0,25,27
2025-10-27,SKU0170,58,0,25,27
2025-11-03,SKU0170,34,0,25,27
2025-11-10,SKU0170,158,134,25,27
2025-11-17,SKU0170,125,16,25,27
2025-11-24,SKU0170,99,0,25,27
2025-12-01,SKU0170,77,0,25,27
2025-12-08,SKU0170,52,0,25,27
2025-12-15,SKU0170,42,5,25,27
2025-12-22,SKU0170,257,238,25,27
2025-12-29,SKU0170,225,0,25,27
2024-01-01,SKU0171,196,0,24,24
2024-01-08,SKU0171,171,0,24,24
2024-01-15,SKU0171,140,0,24,24
2024-01-22,SKU0171,130,0,24,24
2024-01-29,SKU0171,104,0,24,24
2024-02-05,SKU0171,87,20,24,24
2024-02-12,SKU0171,74,0,24,24
2024-02-19,SKU0171,64,0,24,24
2024-02-26,SKU0171,44,0,24,24
2024-03-04,SKU0171,215,200,24,24
2024-03-11,SKU0171,208,0,24,24
2024-03-18,SKU0171,174,0,24,24
2024-03-25,SKU0171,158,0,24,24
2024-04-01,SKU0171,153,0,24,24
2024-04-08,SKU0171,122,0,24,24
2024-04-15,SKU0171,97,0,24,24
2024-04-22,SKU0171,77,11,24,24
2024-04-29,SKU0171,58,0,24,24
2024-05-06,SKU0171,24,0,24,24
2024-05-13,SKU0171,221,202,24,24
2024-05-20,SKU0171,195,15,24,24
2024-05-27,SKU0171,175,0,24,24
2024-06-03,SKU0171,156,0,24,24
2024-06-10,SKU0171,137,0,24,24
2024-06-17,SKU0171,104,0,24,24
2024-06-24,SKU0171,93,0,24,24
2024-07-01,SKU0171,61,0,24,24
2024-07-08,SKU0171,52,0,24,24
2024-07-15,SKU0171,39,0,24,24
2024-07-22,SKU0171,20,0,24,24
2024-07-29,SKU0171,0,0,24,24
2024-08-05,SKU0171,0,0,24,24
2024-08-12,SKU0171,0,0,24,24
2024-08-19,SKU0171,90,90,24,24
2024-08-26,SKU0171,57,0,24,24
2024-09-02,SKU0171,34,2,24,24
2024-09-09,SKU0171,196,174,24,24
2024-09-16,SKU0171,174,0,24,24
2024-09-23,SKU0171,165,0,24,24
2024-09-30,SKU0171,156,0,24,24
2024-10-07,SKU0171,147,0,24,24
2024-10-14,SKU0171,116,0,24,24
2024-10-21,SKU0171,89,0,24,24
2024-10-28,SKU0171,61,0,24,24
2024-11-04,SKU0171,27,0,24,24
2024-11-11,SKU0171,98,84,24,24
2024-11-18,SKU0171,82,0,24,24
2024-11-25,SKU0171,52,0,24,24
2024-12-02,SKU0171,47,0,24,24
2024-12-09,SKU0171,98,85,24,24
2024-12-16,SKU0171,92,29,24,24
2024-12-23,SKU0171,81,19,24,24
2024-12-30,SKU0171,63,0,24,24
2025-01-06,SKU0171,52,0,24,24
2025-01-13,SKU0171,47,0,24,24
2025-01-20,SKU0171,122,105,24,24
2025-01-27,SKU0171,112,0,24,24
2025-02-03,SKU0171,93,0,24,24
2025-02-10,SKU0171,62,0,24,24
2025-02-17,SKU0171,56,0,24,24
2025-02-24,SKU0171,45,0,24,24
2025-03-03,SKU0171,32,0,24,24
2025-03-10,SKU0171,0,0,24,24
2025-03-17,SKU0171,0,0,24,24
2025-03-24,SKU0171,0,6,24,24
2025-03-31,SKU0171,120,120,24,24
2025-04-07,SKU0171,107,0,24,24
2025-04-14,SKU0171,76,0,24,24
2025-04-21,SKU0171,70,0,24,24
2025-04-28,SKU0171,51,0,24,24
2025-05-05,SKU0171,108,91,24,24
2025-05-12,SKU0171,103,0,24,24
2025-05-19,SKU0171,86,0,24,24
2025-05-26,SKU0171,70,0,24,24
2025-06-02,SKU0171,43,0,24,24
2025-06-09,SKU0171,219,205,24,24
2025-06-16,SKU0171,192,23,24,24
2025-06-23,SKU0171,181,0,24,24
2025-06-30,SKU0171,164,0,24,24
2025-07-07,SKU0171,143,0,24,24
2025-07-14,SKU0171,118,0,24,24
2025-07-21,SKU0171,84,0,24,24
2025-07-28,SKU0171,63,0,24,24
2025-08-04,SKU0171,42,0,24,24
2025-08-11,SKU0171,15,16,24,24
2025-08-18,SKU0171,225,225,24,24
2025-08-25,SKU0171,201,0,24,24
2025-09-01,SKU0171,173,0,24,24
2025-09-08,SKU0171,160,15,24,24
2025-09-15,SKU0171,126,0,24,24
2025-09-22,SKU0171,114,23,24,24
2025-09-29,SKU0171,96,5,24,24
2025-10-06,SKU0171,85,24,24,24
2025-10-13,SKU0171,74,0,24,24
2025-10-20,SKU0171,42,0,24,24
2025-10-27,SKU0171,29,0,24,24
2025-11-03,SKU0171,212,200,24,24
2025-11-10,SKU0171,194,0,24,24
2025-11-17,SKU0171,177,0,24,24
2025-11-24,SKU0171,169,26,24,24
2025-12-01,SKU0171,156,0,24,24
2025-12-08,SKU0171,137,0,24,24
2025-12-15,SKU0171,118,0,24,24
2025-12-22,SKU0171,113,0,24,24
2025-12-29,SKU0171,103,11,24,24
2024-01-01,SKU0172,60,0,19,36
2024-01-08,SKU0172,213,182,19,36
2024-01-15,SKU0172,208,0,19,36
2024-01-22,SKU0172,177,0,19,36
2024-01-29,SKU0172,166,11,19,36
2024-02-05,SKU0172,159,1,19,36
2024-02-12,SKU0172,151,0,19,36
2024-02-19,SKU0172,143,0,19,36
2024-02-26,SKU0172,127,22,19,36
2024-03-04,SKU0172,110,0,19,36
2024-03-11,SKU0172,93,6,19,36
2024-03-18,SKU0172,63,0,19,36
2024-03-25,SKU0172,181,147,19,36
2024-04-01,SKU0172,167,0,19,36
2024-04-08,SKU0172,151,0,19,36
2024-04-15,SKU0172,130,0,19,36
2024-04-22,SKU0172,120,0,19,36
2024-04-29,SKU0172,102,29,19,36
2024-05-06,SKU0172,87,0,19,36
2024-05-13,SKU0172,81,0,19,36
2024-05-20,SKU0172,55,0,19,36
2024-05-27,SKU0172,45,0,19,36
2024-06-03,SKU0172,220,184,19,36
2024-06-10,SKU0172,187,0,19,36
2024-06-17,SKU0172,175,0,19,36
2024-06-24,SKU0172,141,0,19,36
2024-07-01,SKU0172,125,0,19,36
2024-07-08,SKU0172,95,29,19,36
2024-07-15,SKU0172,86,0,19,36
2024-07-22,SKU0172,65,0,19,36
2024-07-29,SKU0172,35,0,19,36
2024-08-05,SKU0172,116,113,19,36
2024-08-12,SKU0172,95,0,19,36
2024-08-19,SKU0172,74,0,19,36
2024-08-26,SKU0172,49,0,19,36
2024-09-02,SKU0172,15,0,19,36
2024-09-09,SKU0172,0,0,19,36
2024-09-16,SKU0172,155,155,19,36
2024-09-23,SKU0172,132,0,19,36
2024-09-30,SKU0172,111,7,19,36
2024-10-07,SKU0172,79,0,19,36
2024-10-14,SKU0172,55,10,19,36
2024-10-21,SKU0172,121,97,19,36
2024-10-28,SKU0172,105,3,19,36
2024-11-04,SKU0172,82,0,19,36
2024-11-11,SKU0172,49,0,19,36
2024-11-18,SKU0172,23,0,19,36
2024-11-25,SKU0172,210,208,19,36
2024-12-02,SKU0172,185,0,19,36
2024-12-09,SKU0172,158,0,19,36
2024-12-16,SKU0172,125,0,19,36
2024-12-23,SKU0172,112,0,19,36
2024-12-30,SKU0172,92,0,19,36
2025-01-06,SKU0172,72,0,19,36
2025-01-13,SKU0172,54,15,19,36
2025-01-20,SKU0172,46,0,19,36
2025-01-27,SKU0172,29,0,19,36
2025-02-03,SKU0172,0,0,19,36
2025-02-10,SKU0172,158,158,19,36
2025-02-17,SKU0172,129,0,19,36
2025-02-24,SKU0172,117,0,19,36
2025-03-03,SKU0172,112,29,19,36
2025-03-10,SKU0172,83,0,19,36
2025-03-17,SKU0172,76,0,19,36
2025-03-24,SKU0172,50,0,19,36
2025-03-31,SKU0172,189,173,19,36
2025-04-07,SKU0172,165,0,19,36
2025-04-14,SKU0172,145,0,19,36
2025-04-21,SKU0172,134,0,19,36
2025-04-28,SKU0172,103,0,19,36
2025-05-05,SKU0172,79,0,19,36
2025-05-12,SKU0172,69,0,19,36
2025-05-19,SKU0172,46,0,19,36
2025-05-26,SKU0172,194,162,19,36
2025-06-02,SKU0172,179,0,19,36
2025-06-09,SKU0172,163,0,19,36
2025-06-16,SKU0172,139,0,19,36
2025-06-23,SKU0172,120,0,19,36
2025-06-30,SKU0172,100,0,19,36
2025-07-07,SKU0172,67,0,19,36
2025-07-14,SKU0172,49,0,19,36
2025-07-21,SKU0172,26,0,19,36
2025-07-28,SKU0172,161,144,19,36
2025-08-04,SKU0172,136,0,19,36
2025-08-11,SKU0172,114,0,19,36
2025-08-18,SKU0172,80,0,19,36
2025-08-25,SKU0172,75,0,19,36
2025-09-01,SKU0172,63,0,19,36
2025-09-08,SKU0172,41,0,19,36
2025-09-15,SKU0172,235,205,19,36
2025-09-22,SKU0172,206,0,19,36
2025-09-29,SKU0172,192,0,19,36
2025-10-06,SKU0172,176,0,19,36
2025-10-13,SKU0172,157,0,19,36
2025-10-20,SKU0172,130,0,19,36
2025-10-27,SKU0172,114,1,19,36
2025-11-03,SKU0172,105,0,19,36
2025-11-10,SKU0172,95,7,19,36
2025-11-17,SKU0172,64,0,19,36
2025-11-24,SKU0172,57,0,19,36
2025-12-01,SKU0172,47,0,19,36
2025-12-08,SKU0172,32,0,19,36
2025-12-15,SKU0172,102,102,19,36
2025-12-22,SKU0172,84,0,19,36
2025-12-29,SKU0172,53,0,19,36
2024-01-01,SKU0173,215,0,15,30
2024-01-08,SKU0173,185,0,15,30
2024-01-15,SKU0173,174,0,15,30
2024-01-22,SKU0173,156,14,15,30
2024-01-29,SKU0173,146,0,15,30
2024-02-05,SKU0173,122,0,15,30
2024-02-12,SKU0173,107,0,15,30
2024-02-19,SKU0173,73,0,15,30
2024-02-26,SKU0173,55,0,15,30
2024-03-04,SKU0173,29,0,15,30
2024-03-11,SKU0173,3,0,15,30
2024-03-18,SKU0173,149,149,15,30
2024-03-25,SKU0173,123,0,15,30
2024-04-01,SKU0173,101,6,15,30
2024-04-08,SKU0173,95,0,15,30
2024-04-15,SKU0173,71,0,15,30
2024-04-22,SKU0173,54,0,15,30
2024-04-29,SKU0173,33,0,15,30
2024-05-06,SKU0173,113,91,15,30
2024-05-13,SKU0173,85,0,15,30
2024-05-20,SKU0173,62,0,15,30
2024-05-27,SKU0173,28,0,15,30
2024-06-03,SKU0173,267,246,15,30
2024-06-10,SKU0173,241,0,15,30
2024-06-17,SKU0173,230,0,15,30
2024-06-24,SKU0173,214,0,15,30
2024-07-01,SKU0173,189,6,15,30
2024-07-08,SKU0173,175,0,15,30
2024-07-15,SKU0173,170,7,15,30
2024-07-22,SKU0173,145,0,15,30
2024-07-29,SKU0173,134,0,15,30
2024-08-05,SKU0173,104,13,15,30
2024-08-12,SKU0173,86,1,15,30
2024-08-19,SKU0173,70,0,15,30
2024-08-26,SKU0173,49,0,15,30
2024-09-02,SKU0173,213,188,15,30
2024-09-09,SKU0173,183,0,15,30
2024-09-16,SKU0173,173,0,15,30
2024-09-23,SKU0173,149,0,15,30
2024-09-30,SKU0173,135,0,15,30
2024-10-07,SKU0173,127,0,15,30
2024-10-14,SKU0173,121,0,15,30
2024-10-21,SKU0173,96,0,15,30
2024-10-28,SKU0173,78,0,15,30
2024-11-04,SKU0173,51,0,15,30
2024-11-11,SKU0173,35,0,15,30
2024-11-18,SKU0173,12,0,15,30
2024-11-25,SKU0173,0,15,15,30
2024-12-02,SKU0173,190,190,15,30
2024-12-09,SKU0173,177,0,15,30
2024-12-16,SKU0173,151,0,15,30
2024-12-23,SKU0173,124,0,15,30
2024-12-30,SKU0173,117,13,15,30
2025-01-06,SKU0173,86,11,15,30
2025-01-13,SKU0173,67,2,15,30
2025-01-20,SKU0173,39,0,15,30
2025-01-27,SKU0173,192,180,15,30
2025-02-03,SKU0173,173,10,15,30
2025-02-10,SKU0173,168,16,15,30
2025-02-17,SKU0173,139,0,15,30
2025-02-24,SKU0173,105,0,15,30
2025-03-03,SKU0173,84,0,15,30
2025-03-10,SKU0173,71,0,15,30
2025-03-17,SKU0173,51,0,15,30
2025-03-24,SKU0173,24,3,15,30
2025-03-31,SKU0173,247,247,15,30
2025-04-07,SKU0173,216,0,15,30
2025-04-14,SKU0173,197,0,15,30
2025-04-21,SKU0173,184,0,15,30
2025-04-28,SKU0173,168,0,15,30
2025-05-05,SKU0173,162,0,15,30
2025-05-12,SKU0173,139,0,15,30
2025-05-19,SKU0173,124,0,15,30
2025-05-26,SKU0173,108,0,15,30
2025-06-02,SKU0173,76,0,15,30
2025-06-09,SKU0173,54,0,15,30
2025-06-16,SKU0173,46,14,15,30
2025-06-23,SKU0173,28,0,15,30
2025-06-30,SKU0173,0,0,15,30
2025-07-07,SKU0173,0,0,15,30
2025-07-14,SKU0173,0,0,15,30
2025-07-21,SKU0173,0,0,15,30
2025-07-28,SKU0173,96,96,15,30
2025-08-04,SKU0173,76,11,15,30
2025-08-11,SKU0173,60,0,15,30
2025-08-18,SKU0173,39,0,15,30
2025-08-25,SKU0173,228,218,15,30
2025-09-01,SKU0173,198,0,15,30
2025-09-08,SKU0173,165,0,15,30
2025-09-15,SKU0173,147,0,15,30
2025-09-22,SKU0173,139,28,15,30
2025-09-29,SKU0173,109,13,15,30
2025-10-06,SKU0173,100,0,15,30
2025-10-13,SKU0173,74,0,15,30
2025-10-20,SKU0173,47,0,15,30
2025-10-27,SKU0173,222,203,15,30
2025-11-03,SKU0173,197,0,15,30
2025-11-10,SKU0173,163,0,15,30
2025-11-17,SKU0173,139,0,15,30
2025-11-24,SKU0173,111,0,15,30
2025-12-01,SKU0173,95,0,15,30
2025-12-08,SKU0173,70,0,15,30
2025-12-15,SKU0173,37,0,15,30
2025-12-22,SKU0173,127,120,15,30
2025-12-29,SKU0173,106,0,15,30
2024-01-01,SKU0174,179,0,11,55
2024-01-08,SKU0174,148,0,11,55
2024-01-15,SKU0174,122,0,11,55
2024-01-22,SKU0174,99,0,11,55
2024-01-29,SKU0174,79,14,11,55
2024-02-05,SKU0174,269,219,11,55
2024-02-12,SKU0174,247,0,11,55
2024-02-19,SKU0174,241,0,11,55
2024-02-26,SKU0174,222,0,11,55
2024-03-04,SKU0174,191,0,11,55
2024-03-11,SKU0174,170,0,11,55
2024-03-18,SKU0174,141,0,11,55
2024-03-25,SKU0174,129,0,11,55
2024-04-01,SKU0174,121,0,11,55
2024-04-08,SKU0174,101,0,11,55
2024-04-15,SKU0174,96,0,11,55
2024-04-22,SKU0174,80,0,11,55
2024-04-29,SKU0174,69,0,11,55
2024-05-06,SKU0174,201,161,11,55
2024-05-13,SKU0174,174,16,11,55
2024-05-20,SKU0174,140,0,11,55
2024-05-27,SKU0174,112,0,11,55
2024-06-03,SKU0174,104,0,11,55
2024-06-10,SKU0174,95,0,11,55
2024-06-17,SKU0174,88,0,11,55
2024-06-24,SKU0174,63,10,11,55
2024-07-01,SKU0174,53,0,11,55
2024-07-08,SKU0174,46,0,11,55
2024-07-15,SKU0174,124,90,11,55
2024-07-22,SKU0174,114,0,11,55
2024-07-29,SKU0174,102,27,11,55
2024-08-05,SKU0174,85,0,11,55
2024-08-12,SKU0174,66,0,11,55
2024-08-19,SKU0174,57,0,11,55
2024-08-26,SKU0174,32,0,11,55
2024-09-02,SKU0174,102,90,11,55
2024-09-09,SKU0174,81,9,11,55
2024-09-16,SKU0174,62,0,11,55
2024-09-23,SKU0174,224,179,11,55
2024-09-30,SKU0174,196,0,11,55
2024-10-07,SKU0174,172,16,11,55
2024-10-14,SKU0174,158,16,11,55
2024-10-21,SKU0174,125,0,11,55
2024-10-28,SKU0174,115,0,11,55
2024-11-04,SKU0174,107,0,11,55
2024-11-11,SKU0174,85,0,11,55
2024-11-18,SKU0174,79,0,11,55
2024-11-25,SKU0174,56,0,11,55
2024-12-02,SKU0174,274,223,11,55
2024-12-09,SKU0174,269,0,11,55
2024-12-16,SKU0174,244,0,11,55
2024-12-23,SKU0174,235,0,11,55
2024-12-30,SKU0174,210,0,11,55
2025-01-06,SKU0174,200,0,11,55
2025-01-13,SKU0174,179,0,11,55
2025-01-20,SKU0174,162,0,11,55
2025-01-27,SKU0174,150,5,11,55
2025-02-03,SKU0174,117,26,11,55
2025-02-10,SKU0174,108,0,11,55
2025-02-17,SKU0174,78,0,11,55
2025-02-24,SKU0174,58,0,11,55
2025-03-03,SKU0174,133,82,11,55
2025-03-10,SKU0174,127,0,11,55
2025-03-17,SKU0174,113,0,11,55
2025-03-24,SKU0174,103,0,11,55
2025-03-31,SKU0174,85,0,11,55
2025-04-07,SKU0174,78,0,11,55
2025-04-14,SKU0174,199,151,11,55
2025-04-21,SKU0174,192,0,11,55
2025-04-28,SKU0174,166,0,11,55
2025-05-05,SKU0174,139,0,11,55
2025-05-12,SKU0174,126,9,11,55
2025-05-19,SKU0174,104,10,11,55
2025-05-26,SKU0174,78,1,11,55
2025-06-02,SKU0174,72,0,11,55
2025-06-09,SKU0174,64,0,11,55
2025-06-16,SKU0174,46,0,11,55
2025-06-23,SKU0174,155,139,11,55
2025-06-30,SKU0174,124,0,11,55
2025-07-07,SKU0174,94,19,11,55
2025-07-14,SKU0174,87,0,11,55
2025-07-21,SKU0174,80,0,11,55
2025-07-28,SKU0174,65,0,11,55
2025-08-04,SKU0174,274,243,11,55
2025-08-11,SKU0174,257,22,11,55
2025-08-18,SKU0174,226,0,11,55
2025-08-25,SKU0174,203,11,11,55
2025-09-01,SKU0174,182,0,11,55
2025-09-08,SKU0174,158,0,11,55
2025-09-15,SKU0174,139,0,11,55
2025-09-22,SKU0174,124,0,11,55
2025-09-29,SKU0174,97,0,11,55
2025-10-06,SKU0174,71,18,11,55
2025-10-13,SKU0174,280,226,11,55
2025-10-20,SKU0174,250,0,11,55
2025-10-27,SKU0174,245,26,11,55
2025-11-03,SKU0174,238,14,11,55
2025-11-10,SKU0174,207,2,11,55
2025-11-17,SKU0174,191,0,11,55
2025-11-24,SKU0174,173,0,11,55
2025-12-01,SKU0174,158,0,11,55
2025-12-08,SKU0174,130,0,11,55
2025-12-15,SKU0174,102,0,11,55
2025-12-22,SKU0174,75,9,11,55
2025-12-29,SKU0174,59,0,11,55
2024-01-01,SKU0175,166,0,23,43
2024-01-08,SKU0175,160,0,23,43
2024-01-15,SKU0175,138,0,23,43
2024-01-22,SKU0175,120,0,23,43
2024-01-29,SKU0175,115,0,23,43
2024-02-05,SKU0175,107,0,23,43
2024-02-12,SKU0175,95,0,23,43
2024-02-19,SKU0175,74,0,23,43
2024-02-26,SKU0175,64,0,23,43
2024-03-04,SKU0175,196,158,23,43
2024-03-11,SKU0175,164,0,23,43
2024-03-18,SKU0175,150,0,23,43
2024-03-25,SKU0175,141,0,23,43
2024-04-01,SKU0175,120,0,23,43
2024-04-08,SKU0175,111,0,23,43
2024-04-15,SKU0175,106,0,23,43
2024-04-22,SKU0175,96,0,23,43
2024-04-29,SKU0175,87,8,23,43
2024-05-06,SKU0175,60,0,23,43
2024-05-13,SKU0175,44,0,23,43
2024-05-20,SKU0175,189,158,23,43
2024-05-27,SKU0175,159,0,23,43
2024-06-03,SKU0175,147,0,23,43
2024-06-10,SKU0175,120,0,23,43
2024-06-17,SKU0175,91,0,23,43
2024-06-24,SKU0175,86,0,23,43
2024-07-01,SKU0175,57,0,23,43
2024-07-08,SKU0175,43,16,23,43
2024-07-15,SKU0175,26,0,23,43
2024-07-22,SKU0175,170,170,23,43
2024-07-29,SKU0175,153,0,23,43
2024-08-05,SKU0175,141,27,23,43
2024-08-12,SKU0175,130,0,23,43
2024-08-19,SKU0175,116,27,23,43
2024-08-26,SKU0175,106,18,23,43
2024-09-02,SKU0175,88,0,23,43
2024-09-09,SKU0175,65,0,23,43
2024-09-16,SKU0175,40,29,23,43
2024-09-23,SKU0175,261,249,23,43
2024-09-30,SKU0175,244,0,23,43
2024-10-07,SKU0175,219,0,23,43
2024-10-14,SKU0175,196,0,23,43
2024-10-21,SKU0175,180,0,23,43
2024-10-28,SKU0175,175,0,23,43
2024-11-04,SKU0175,157,0,23,43
2024-11-11,SKU0175,131,0,23,43
2024-11-18,SKU0175,120,2,23,43
2024-11-25,SKU0175,91,0,23,43
2024-12-02,SKU0175,78,0,23,43
2024-12-09,SKU0175,61,0,23,43
2024-12-16,SKU0175,240,197,23,43
2024-12-23,SKU0175,223,0,23,43
2024-12-30,SKU0175,208,0,23,43
2025-01-06,SKU0175,196,0,23,43
2025-01-13,SKU0175,172,0,23,43
2025-01-20,SKU0175,159,0,23,43
2025-01-27,SKU0175,140,17,23,43
2025-02-03,SKU0175,135,0,23,43
2025-02-10,SKU0175,117,0,23,43
2025-02-17,SKU0175,97,0,23,43
2025-02-24,SKU0175,88,0,23,43
2025-03-03,SKU0175,77,0,23,43
2025-03-10,SKU0175,72,0,23,43
2025-03-17,SKU0175,42,0,23,43
2025-03-24,SKU0175,18,0,23,43
2025-03-31,SKU0175,0,27,23,43
2025-04-07,SKU0175,97,97,23,43
2025-04-14,SKU0175,73,0,23,43
2025-04-21,SKU0175,50,0,23,43
2025-04-28,SKU0175,39,0,23,43
2025-05-05,SKU0175,94,81,23,43
2025-05-12,SKU0175,85,0,23,43
2025-05-19,SKU0175,59,0,23,43
2025-05-26,SKU0175,34,0,23,43
2025-06-02,SKU0175,208,198,23,43
2025-06-09,SKU0175,203,0,23,43
2025-06-16,SKU0175,195,0,23,43
2025-06-23,SKU0175,166,0,23,43
2025-06-30,SKU0175,143,0,23,43
2025-07-07,SKU0175,132,0,23,43
2025-07-14,SKU0175,98,0,23,43
2025-07-21,SKU0175,69,9,23,43
2025-07-28,SKU0175,62,26,23,43
2025-08-04,SKU0175,113,81,23,43
2025-08-11,SKU0175,92,4,23,43
2025-08-18,SKU0175,73,0,23,43
2025-08-25,SKU0175,45,0,23,43
2025-09-01,SKU0175,141,117,23,43
2025-09-08,SKU0175,135,0,23,43
2025-09-15,SKU0175,114,0,23,43
2025-09-22,SKU0175,91,0,23,43
2025-09-29,SKU0175,63,0,23,43
2025-10-06,SKU0175,266,224,23,43
2025-10-13,SKU0175,256,0,23,43
2025-10-20,SKU0175,227,0,23,43
2025-10-27,SKU0175,196,0,23,43
2025-11-03,SKU0175,175,24,23,43
2025-11-10,SKU0175,160,0,23,43
2025-11-17,SKU0175,136,0,23,43
2025-11-24,SKU0175,117,0,23,43
2025-12-01,SKU0175,107,0,23,43
2025-12-08,SKU0175,74,0,23,43
2025-12-15,SKU0175,188,145,23,43
2025-12-22,SKU0175,177,0,23,43
2025-12-29,SKU0175,160,21,23,43
2024-01-01,SKU0176,254,0,10,15
2024-01-08,SKU0176,224,0,10,15
2024-01-15,SKU0176,199,0,10,15
2024-01-22,SKU0176,179,0,10,15
2024-01-29,SKU0176,165,11,10,15
2024-02-05,SKU0176,157,0,10,15
2024-02-12,SKU0176,144,0,10,15
2024-02-19,SKU0176,121,0,10,15
2024-02-26,SKU0176,97,0,10,15
2024-03-04,SKU0176,69,0,10,15
2024-03-11,SKU0176,54,6,10,15
2024-03-18,SKU0176,45,0,10,15
2024-03-25,SKU0176,25,0,10,15
2024-04-01,SKU0176,0,0,10,15
2024-04-08,SKU0176,0,0,10,15
2024-04-15,SKU0176,233,233,10,15
2024-04-22,SKU0176,199,0,10,15
2024-04-29,SKU0176,188,0,10,15
2024-05-06,SKU0176,176,0,10,15
2024-05-13,SKU0176,169,0,10,15
2024-05-20,SKU0176,137,0,10,15
2024-05-27,SKU0176,116,0,10,15
2024-06-03,SKU0176,102,0,10,15
2024-06-10,SKU0176,85,0,10,15
2024-06-17,SKU0176,80,0,10,15
2024-06-24,SKU0176,56,0,10,15
2024-07-01,SKU0176,28,0,10,15
2024-07-08,SKU0176,4,0,10,15
2024-07-15,SKU0176,240,240,10,15
2024-07-22,SKU0176,230,18,10,15
2024-07-29,SKU0176,198,0,10,15
2024-08-05,SKU0176,169,10,10,15
2024-08-12,SKU0176,144,0,10,15
2024-08-19,SKU0176,124,0,10,15
2024-08-26,SKU0176,107,0,10,15
2024-09-02,SKU0176,77,0,10,15
2024-09-09,SKU0176,44,0,10,15
2024-09-16,SKU0176,11,0,10,15
2024-09-23,SKU0176,0,0,10,15
2024-09-30,SKU0176,0,0,10,15
2024-10-07,SKU0176,177,177,10,15
2024-10-14,SKU0176,152,0,10,15
2024-10-21,SKU0176,140,22,10,15
2024-10-28,SKU0176,122,21,10,15
2024-11-04,SKU0176,97,0,10,15
2024-11-11,SKU0176,78,0,10,15
2024-11-18,SKU0176,57,0,10,15
2024-11-25,SKU0176,43,0,10,15
2024-12-02,SKU0176,212,202,10,15
2024-12-09,SKU0176,186,22,10,15
2024-12-16,SKU0176,177,0,10,15
2024-12-23,SKU0176,159,0,10,15
2024-12-30,SKU0176,141,0,10,15
2025-01-06,SKU0176,122,0,10,15
2025-01-13,SKU0176,98,4,10,15
2025-01-20,SKU0176,83,24,10,15
2025-01-27,SKU0176,73,0,10,15
2025-02-03,SKU0176,57,0,10,15
2025-02-10,SKU0176,51,0,10,15
2025-02-17,SKU0176,44,0,10,15
2025-02-24,SKU0176,31,0,10,15
2025-03-03,SKU0176,211,199,10,15
2025-03-10,SKU0176,206,0,10,15
2025-03-17,SKU0176,181,0,10,15
2025-03-24,SKU0176,163,0,10,15
2025-03-31,SKU0176,137,0,10,15
2025-04-07,SKU0176,116,0,10,15
2025-04-14,SKU0176,109,0,10,15
2025-04-21,SKU0176,97,20,10,15
2025-04-28,SKU0176,68,0,10,15
2025-05-05,SKU0176,59,0,10,15
2025-05-12,SKU0176,52,0,10,15
2025-05-19,SKU0176,18,0,10,15
2025-05-26,SKU0176,0,0,10,15
2025-06-02,SKU0176,0,0,10,15
2025-06-09,SKU0176,116,116,10,15
2025-06-16,SKU0176,95,0,10,15
2025-06-23,SKU0176,82,0,10,15
2025-06-30,SKU0176,50,0,10,15
2025-07-07,SKU0176,19,0,10,15
2025-07-14,SKU0176,170,169,10,15
2025-07-21,SKU0176,136,0,10,15
2025-07-28,SKU0176,115,0,10,15
2025-08-04,SKU0176,90,0,10,15
2025-08-11,SKU0176,77,9,10,15
2025-08-18,SKU0176,58,0,10,15
2025-08-25,SKU0176,32,0,10,15
2025-09-01,SKU0176,92,92,10,15
2025-09-08,SKU0176,58,0,10,15
2025-09-15,SKU0176,35,0,10,15
2025-09-22,SKU0176,26,0,10,15
2025-09-29,SKU0176,159,148,10,15
2025-10-06,SKU0176,152,8,10,15
2025-10-13,SKU0176,134,0,10,15
2025-10-20,SKU0176,105,0,10,15
2025-10-27,SKU0176,89,0,10,15
2025-11-03,SKU0176,55,0,10,15
2025-11-10,SKU0176,28,0,10,15
2025-11-17,SKU0176,0,0,10,15
2025-11-24,SKU0176,90,90,10,15
2025-12-01,SKU0176,75,0,10,15
2025-12-08,SKU0176,57,0,10,15
2025-12-15,SKU0176,43,0,10,15
2025-12-22,SKU0176,37,0,10,15
2025-12-29,SKU0176,5,0,10,15
2024-01-01,SKU0177,116,0,29,36
2024-01-08,SKU0177,104,0,29,36
2024-01-15,SKU0177,95,0,29,36
2024-01-22,SKU0177,88,0,29,36
2024-01-29,SKU0177,61,0,29,36
2024-02-05,SKU0177,151,123,29,36
2024-02-12,SKU0177,144,13,29,36
2024-02-19,SKU0177,134,0,29,36
2024-02-26,SKU0177,124,28,29,36
2024-03-04,SKU0177,109,0,29,36
2024-03-11,SKU0177,88,14,29,36
2024-03-18,SKU0177,82,0,29,36
2024-03-25,SKU0177,70,0,29,36
2024-04-01,SKU0177,59,0,29,36
2024-04-08,SKU0177,54,17,29,36
2024-04-15,SKU0177,225,196,29,36
2024-04-22,SKU0177,206,13,29,36
2024-04-29,SKU0177,196,0,29,36
2024-05-06,SKU0177,168,0,29,36
2024-05-13,SKU0177,138,0,29,36
2024-05-20,SKU0177,115,0,29,36
2024-05-27,SKU0177,109,29,29,36
2024-06-03,SKU0177,102,0,29,36
2024-06-10,SKU0177,83,0,29,36
2024-06-17,SKU0177,68,0,29,36
2024-06-24,SKU0177,62,0,29,36
2024-07-01,SKU0177,43,0,29,36
2024-07-08,SKU0177,178,151,29,36
2024-07-15,SKU0177,146,0,29,36
2024-07-22,SKU0177,138,11,29,36
2024-07-29,SKU0177,112,0,29,36
2024-08-05,SKU0177,92,10,29,36
2024-08-12,SKU0177,60,0,29,36
2024-08-19,SKU0177,48,0,29,36
2024-08-26,SKU0177,176,161,29,36
2024-09-02,SKU0177,164,0,29,36
2024-09-09,SKU0177,132,4,29,36
2024-09-16,SKU0177,120,20,29,36
2024-09-23,SKU0177,109,0,29,36
2024-09-30,SKU0177,100,0,29,36
2024-10-07,SKU0177,93,0,29,36
2024-10-14,SKU0177,65,0,29,36
2024-10-21,SKU0177,42,0,29,36
2024-10-28,SKU0177,265,245,29,36
2024-11-04,SKU0177,256,0,29,36
2024-11-11,SKU0177,239,0,29,36
2024-11-18,SKU0177,232,0,29,36
2024-11-25,SKU0177,225,0,29,36
2024-12-02,SKU0177,194,0,29,36
2024-12-09,SKU0177,162,0,29,36
2024-12-16,SKU0177,133,1,29,36
2024-12-23,SKU0177,118,0,29,36
2024-12-30,SKU0177,96,0,29,36
2025-01-06,SKU0177,62,0,29,36
2025-01-13,SKU0177,49,0,29,36
2025-01-20,SKU0177,235,210,29,36
2025-01-27,SKU0177,217,20,29,36
2025-02-03,SKU0177,203,24,29,36
2025-02-10,SKU0177,196,0,29,36
2025-02-17,SKU0177,164,0,29,36
2025-02-24,SKU0177,140,0,29,36
2025-03-03,SKU0177,128,0,29,36
2025-03-10,SKU0177,101,0,29,36
2025-03-17,SKU0177,89,15,29,36
2025-03-24,SKU0177,76,0,29,36
2025-03-31,SKU0177,54,0,29,36
2025-04-07,SKU0177,257,225,29,36
2025-04-14,SKU0177,225,0,29,36
2025-04-21,SKU0177,205,0,29,36
2025-04-28,SKU0177,173,0,29,36
2025-05-05,SKU0177,151,5,29,36
2025-05-12,SKU0177,126,0,29,36
2025-05-19,SKU0177,115,2,29,36
2025-05-26,SKU0177,104,29,29,36
2025-06-02,SKU0177,90,0,29,36
2025-06-09,SKU0177,59,0,29,36
2025-06-16,SKU0177,38,0,29,36
2025-06-23,SKU0177,238,221,29,36
2025-06-30,SKU0177,223,0,29,36
2025-07-07,SKU0177,207,0,29,36
2025-07-14,SKU0177,181,0,29,36
2025-07-21,SKU0177,175,0,29,36
2025-07-28,SKU0177,159,0,29,36
2025-08-04,SKU0177,126,0,29,36
2025-08-11,SKU0177,115,0,29,36
2025-08-18,SKU0177,81,0,29,36
2025-08-25,SKU0177,47,0,29,36
2025-09-01,SKU0177,218,204,29,36
2025-09-08,SKU0177,194,0,29,36
2025-09-15,SKU0177,162,0,29,36
2025-09-22,SKU0177,143,0,29,36
2025-09-29,SKU0177,127,0,29,36
2025-10-06,SKU0177,102,0,29,36
2025-10-13,SKU0177,68,0,29,36
2025-10-20,SKU0177,37,0,29,36
2025-10-27,SKU0177,18,3,29,36
2025-11-03,SKU0177,0,0,29,36
2025-11-10,SKU0177,115,115,29,36
2025-11-17,SKU0177,88,0,29,36
2025-11-24,SKU0177,72,5,29,36
2025-12-01,SKU0177,38,0,29,36
2025-12-08,SKU0177,236,221,29,36
2025-12-15,SKU0177,225,18,29,36
2025-12-22,SKU0177,206,0,29,36
2025-12-29,SKU0177,191,0,29,36
2024-01-01,SKU0178,237,0,10,18
2024-01-08,SKU0178,212,0,10,18
2024-01-15,SKU0178,202,0,10,18
2024-01-22,SKU0178,183,0,10,18
2024-01-29,SKU0178,178,0,10,18
2024-02-05,SKU0178,149,0,10,18
2024-02-12,SKU0178,141,28,10,18
2024-02-19,SKU0178,119,0,10,18
2024-02-26,SKU0178,114,0,10,18
2024-03-04,SKU0178,96,3,10,18
2024-03-11,SKU0178,72,3,10,18
2024-03-18,SKU0178,41,13,10,18
2024-03-25,SKU0178,20,0,10,18
2024-04-01,SKU0178,0,0,10,18
2024-04-08,SKU0178,94,94,10,18
2024-04-15,SKU0178,81,0,10,18
2024-04-22,SKU0178,72,0,10,18
2024-04-29,SKU0178,55,0,10,18
2024-05-06,SKU0178,50,0,10,18
2024-05-13,SKU0178,19,7,10,18
2024-05-20,SKU0178,4,22,10,18
2024-05-27,SKU0178,184,184,10,18
2024-06-03,SKU0178,165,0,10,18
2024-06-10,SKU0178,142,0,10,18
2024-06-17,SKU0178,126,0,10,18
2024-06-24,SKU0178,114,0,10,18
2024-07-01,SKU0178,100,0,10,18
2024-07-08,SKU0178,69,0,10,18
2024-07-15,SKU0178,53,0,10,18
2024-07-22,SKU0178,27,0,10,18
2024-07-29,SKU0178,248,234,10,18
2024-08-05,SKU0178,242,2,10,18
2024-08-12,SKU0178,236,0,10,18
2024-08-19,SKU0178,210,0,10,18
2024-08-26,SKU0178,185,0,10,18
2024-09-02,SKU0178,169,0,10,18
2024-09-09,SKU0178,143,0,10,18
2024-09-16,SKU0178,133,0,10,18
2024-09-23,SKU0178,106,0,10,18
2024-09-30,SKU0178,75,0,10,18
2024-10-07,SKU0178,56,0,10,18
2024-10-14,SKU0178,48,0,10,18
2024-10-21,SKU0178,32,13,10,18
2024-10-28,SKU0178,21,0,10,18
2024-11-04,SKU0178,0,5,10,18
2024-11-11,SKU0178,88,88,10,18
2024-11-18,SKU0178,68,6,10,18
2024-11-25,SKU0178,35,0,10,18
2024-12-02,SKU0178,29,0,10,18
2024-12-09,SKU0178,190,174,10,18
2024-12-16,SKU0178,174,0,10,18
2024-12-23,SKU0178,145,0,10,18
2024-12-30,SKU0178,137,0,10,18
2025-01-06,SKU0178,113,0,10,18
2025-01-13,SKU0178,90,0,10,18
2025-01-20,SKU0178,70,0,10,18
2025-01-27,SKU0178,39,0,10,18
2025-02-03,SKU0178,30,26,10,18
2025-02-10,SKU0178,181,171,10,18
2025-02-17,SKU0178,155,0,10,18
2025-02-24,SKU0178,131,7,10,18
2025-03-03,SKU0178,97,0,10,18
2025-03-10,SKU0178,78,6,10,18
2025-03-17,SKU0178,52,17,10,18
2025-03-24,SKU0178,31,0,10,18
2025-03-31,SKU0178,21,17,10,18
2025-04-07,SKU0178,11,0,10,18
2025-04-14,SKU0178,110,110,10,18
2025-04-21,SKU0178,102,0,10,18
2025-04-28,SKU0178,77,0,10,18
2025-05-05,SKU0178,58,0,10,18
2025-05-12,SKU0178,29,0,10,18
2025-05-19,SKU0178,224,218,10,18
2025-05-26,SKU0178,190,15,10,18
2025-06-02,SKU0178,185,0,10,18
2025-06-09,SKU0178,174,10,10,18
2025-06-16,SKU0178,160,8,10,18
2025-06-23,SKU0178,138,0,10,18
2025-06-30,SKU0178,106,0,10,18
2025-07-07,SKU0178,90,0,10,18
2025-07-14,SKU0178,67,0,10,18
2025-07-21,SKU0178,35,6,10,18
2025-07-28,SKU0178,134,130,10,18
2025-08-04,SKU0178,115,7,10,18
2025-08-11,SKU0178,99,0,10,18
2025-08-18,SKU0178,94,0,10,18
2025-08-25,SKU0178,67,0,10,18
2025-09-01,SKU0178,33,10,10,18
2025-09-08,SKU0178,227,220,10,18
2025-09-15,SKU0178,208,24,10,18
2025-09-22,SKU0178,174,0,10,18
2025-09-29,SKU0178,161,0,10,18
2025-10-06,SKU0178,137,7,10,18
2025-10-13,SKU0178,119,0,10,18
2025-10-20,SKU0178,114,0,10,18
2025-10-27,SKU0178,104,4,10,18
2025-11-03,SKU0178,83,0,10,18
2025-11-10,SKU0178,70,0,10,18
2025-11-17,SKU0178,55,0,10,18
2025-11-24,SKU0178,47,0,10,18
2025-12-01,SKU0178,30,0,10,18
2025-12-08,SKU0178,254,242,10,18
2025-12-15,SKU0178,247,0,10,18
2025-12-22,SKU0178,232,0,10,18
2025-12-29,SKU0178,211,0,10,18
2024-01-01,SKU0179,186,0,27,40
2024-01-08,SKU0179,165,0,27,40
2024-01-15,SKU0179,160,0,27,40
2024-01-22,SKU0179,133,0,27,40
2024-01-29,SKU0179,119,0,27,40
2024-02-05,SKU0179,107,0,27,40
2024-02-12,SKU0179,92,0,27,40
2024-02-19,SKU0179,73,0,27,40
2024-02-26,SKU0179,44,0,27,40
2024-03-04,SKU0179,33,12,27,40
2024-03-11,SKU0179,14,0,27,40
2024-03-18,SKU0179,240,240,27,40
2024-03-25,SKU0179,227,0,27,40
2024-04-01,SKU0179,211,0,27,40
2024-04-08,SKU0179,177,0,27,40
2024-04-15,SKU0179,163,0,27,40
2024-04-22,SKU0179,148,0,27,40
2024-04-29,SKU0179,140,0,27,40
2024-05-06,SKU0179,132,2,27,40
2024-05-13,SKU0179,123,0,27,40
2024-05-20,SKU0179,109,0,27,40
2024-05-27,SKU0179,84,0,27,40
2024-06-03,SKU0179,78,0,27,40
2024-06-10,SKU0179,65,0,27,40
2024-06-17,SKU0179,177,139,27,40
2024-06-24,SKU0179,143,11,27,40
2024-07-01,SKU0179,117,0,27,40
2024-07-08,SKU0179,90,22,27,40
2024-07-15,SKU0179,61,6,27,40
2024-07-22,SKU0179,52,3,27,40
2024-07-29,SKU0179,117,89,27,40
2024-08-05,SKU0179,97,0,27,40
2024-08-12,SKU0179,90,0,27,40
2024-08-19,SKU0179,57,0,27,40
2024-08-26,SKU0179,52,0,27,40
2024-09-02,SKU0179,200,171,27,40
2024-09-09,SKU0179,193,0,27,40
2024-09-16,SKU0179,167,0,27,40
2024-09-23,SKU0179,150,0,27,40
2024-09-30,SKU0179,121,0,27,40
2024-10-07,SKU0179,113,0,27,40
2024-10-14,SKU0179,96,0,27,40
2024-10-21,SKU0179,71,20,27,40
2024-10-28,SKU0179,53,0,27,40
2024-11-04,SKU0179,46,0,27,40
2024-11-11,SKU0179,16,0,27,40
2024-11-18,SKU0179,2,0,27,40
2024-11-25,SKU0179,123,123,27,40
2024-12-02,SKU0179,118,0,27,40
2024-12-09,SKU0179,110,1,27,40
2024-12-16,SKU0179,83,0,27,40
2024-12-23,SKU0179,62,0,27,40
2024-12-30,SKU0179,51,0,27,40
2025-01-06,SKU0179,27,0,27,40
2025-01-13,SKU0179,211,211,27,40
2025-01-20,SKU0179,181,21,27,40
2025-01-27,SKU0179,153,10,27,40
2025-02-03,SKU0179,135,0,27,40
2025-02-10,SKU0179,116,23,27,40
2025-02-17,SKU0179,98,0,27,40
2025-02-24,SKU0179,69,0,27,40
2025-03-03,SKU0179,46,0,27,40
2025-03-10,SKU0179,13,0,27,40
2025-03-17,SKU0179,0,0,27,40
2025-03-24,SKU0179,207,207,27,40
2025-03-31,SKU0179,195,0,27,40
2025-04-07,SKU0179,177,0,27,40
2025-04-14,SKU0179,143,0,27,40
2025-04-21,SKU0179,122,0,27,40
2025-04-28,SKU0179,109,0,27,40
2025-05-05,SKU0179,100,0,27,40
2025-05-12,SKU0179,67,0,27,40
2025-05-19,SKU0179,35,0,27,40
2025-05-26,SKU0179,234,229,27,40
2025-06-02,SKU0179,229,16,27,40
2025-06-09,SKU0179,222,0,27,40
2025-06-16,SKU0179,210,0,27,40
2025-06-23,SKU0179,204,0,27,40
2025-06-30,SKU0179,190,0,27,40
2025-07-07,SKU0179,181,0,27,40
2025-07-14,SKU0179,147,0,27,40
2025-07-21,SKU0179,140,0,27,40
2025-07-28,SKU0179,122,0,27,40
2025-08-04,SKU0179,96,0,27,40
2025-08-11,SKU0179,82,21,27,40
2025-08-18,SKU0179,56,0,27,40
2025-08-25,SKU0179,45,0,27,40
2025-09-01,SKU0179,248,221,27,40
2025-09-08,SKU0179,232,0,27,40
2025-09-15,SKU0179,198,0,27,40
2025-09-22,SKU0179,190,15,27,40
2025-09-29,SKU0179,181,0,27,40
2025-10-06,SKU0179,166,0,27,40
2025-10-13,SKU0179,139,0,27,40
2025-10-20,SKU0179,108,19,27,40
2025-10-27,SKU0179,93,0,27,40
2025-11-03,SKU0179,87,6,27,40
2025-11-10,SKU0179,70,0,27,40
2025-11-17,SKU0179,39,22,27,40
2025-11-24,SKU0179,15,4,27,40
2025-12-01,SKU0179,153,153,27,40
2025-12-08,SKU0179,137,0,27,40
2025-12-15,SKU0179,105,28,27,40
2025-12-22,SKU0179,88,20,27,40
2025-12-29,SKU0179,54,1,27,40
2024-01-01,SKU0180,58,0,21,23
2024-01-08,SKU0180,48,0,21,23
2024-01-15,SKU0180,209,194,21,23
2024-01-22,SKU0180,198,0,21,23
2024-01-29,SKU0180,190,9,21,23
2024-02-05,SKU0180,157,0,21,23
2024-02-12,SKU0180,152,0,21,23
2024-02-19,SKU0180,120,0,21,23
2024-02-26,SKU0180,96,0,21,23
2024-03-04,SKU0180,85,0,21,23
2024-03-11,SKU0180,55,0,21,23
2024-03-18,SKU0180,44,0,21,23
2024-03-25,SKU0180,33,0,21,23
2024-04-01,SKU0180,19,0,21,23
2024-04-08,SKU0180,7,24,21,23
2024-04-15,SKU0180,0,0,21,23
2024-04-22,SKU0180,0,0,21,23
2024-04-29,SKU0180,97,97,21,23
2024-05-06,SKU0180,85,0,21,23
2024-05-13,SKU0180,68,0,21,23
2024-05-20,SKU0180,56,0,21,23
2024-05-27,SKU0180,51,0,21,23
2024-06-03,SKU0180,25,0,21,23
2024-06-10,SKU0180,114,114,21,23
2024-06-17,SKU0180,105,0,21,23
2024-06-24,SKU0180,95,11,21,23
2024-07-01,SKU0180,65,0,21,23
2024-07-08,SKU0180,35,0,21,23
2024-07-15,SKU0180,6,0,21,23
2024-07-22,SKU0180,0,8,21,23
2024-07-29,SKU0180,0,0,21,23
2024-08-05,SKU0180,238,238,21,23
2024-08-12,SKU0180,207,17,21,23
2024-08-19,SKU0180,176,0,21,23
2024-08-26,SKU0180,150,4,21,23
2024-09-02,SKU0180,116,28,21,23
2024-09-09,SKU0180,85,0,21,23
2024-09-16,SKU0180,51,0,21,23
2024-09-23,SKU0180,40,0,21,23
2024-09-30,SKU0180,231,215,21,23
2024-10-07,SKU0180,207,0,21,23
2024-10-14,SKU0180,192,0,21,23
2024-10-21,SKU0180,186,0,21,23
2024-10-28,SKU0180,162,0,21,23
2024-11-04,SKU0180,137,0,21,23
2024-11-11,SKU0180,107,0,21,23
2024-11-18,SKU0180,96,0,21,23
2024-11-25,SKU0180,74,0,21,23
2024-12-02,SKU0180,42,0,21,23
2024-12-09,SKU0180,178,158,21,23
2024-12-16,SKU0180,149,0,21,23
2024-12-23,SKU0180,135,0,21,23
2024-12-30,SKU0180,125,0,21,23
2025-01-06,SKU0180,118,25,21,23
2025-01-13,SKU0180,104,0,21,23
2025-01-20,SKU0180,77,3,21,23
2025-01-27,SKU0180,53,0,21,23
2025-02-03,SKU0180,42,0,21,23
2025-02-10,SKU0180,29,0,21,23
2025-02-17,SKU0180,251,234,21,23
2025-02-24,SKU0180,227,25,21,23
2025-03-03,SKU0180,197,0,21,23
2025-03-10,SKU0180,183,20,21,23
2025-03-17,SKU0180,156,25,21,23
2025-03-24,SKU0180,138,0,21,23
2025-03-31,SKU0180,117,0,21,23
2025-04-07,SKU0180,84,0,21,23
2025-04-14,SKU0180,55,0,21,23
2025-04-21,SKU0180,44,0,21,23
2025-04-28,SKU0180,31,0,21,23
2025-05-05,SKU0180,7,0,21,23
2025-05-12,SKU0180,0,16,21,23
2025-05-19,SKU0180,0,0,21,23
2025-05-26,SKU0180,0,4,21,23
2025-06-02,SKU0180,0,0,21,23
2025-06-09,SKU0180,0,0,21,23
2025-06-16,SKU0180,0,0,21,23
2025-06-23,SKU0180,96,96,21,23
2025-06-30,SKU0180,71,0,21,23
2025-07-07,SKU0180,45,0,21,23
2025-07-14,SKU0180,33,0,21,23
2025-07-21,SKU0180,27,0,21,23
2025-07-28,SKU0180,15,0,21,23
2025-08-04,SKU0180,177,167,21,23
2025-08-11,SKU0180,146,0,21,23
2025-08-18,SKU0180,141,0,21,23
2025-08-25,SKU0180,127,0,21,23
2025-09-01,SKU0180,99,0,21,23
2025-09-08,SKU0180,78,25,21,23
2025-09-15,SKU0180,58,0,21,23
2025-09-22,SKU0180,26,0,21,23
2025-09-29,SKU0180,206,187,21,23
2025-10-06,SKU0180,180,0,21,23
2025-10-13,SKU0180,162,0,21,23
2025-10-20,SKU0180,129,0,21,23
2025-10-27,SKU0180,99,0,21,23
2025-11-03,SKU0180,72,0,21,23
2025-11-10,SKU0180,53,0,21,23
2025-11-17,SKU0180,35,0,21,23
2025-11-24,SKU0180,141,135,21,23
2025-12-01,SKU0180,117,0,21,23
2025-12-08,SKU0180,102,0,21,23
2025-12-15,SKU0180,92,0,21,23
2025-12-22,SKU0180,62,0,21,23
2025-12-29,SKU0180,55,0,21,23
2024-01-01,SKU0181,154,0,12,18
2024-01-08,SKU0181,140,0,12,18
2024-01-15,SKU0181,129,23,12,18
2024-01-22,SKU0181,104,0,12,18
2024-01-29,SKU0181,85,0,12,18
2024-02-05,SKU0181,63,0,12,18
2024-02-12,SKU0181,35,0,12,18
2024-02-19,SKU0181,15,0,12,18
2024-02-26,SKU0181,10,0,12,18
2024-03-04,SKU0181,114,110,12,18
2024-03-11,SKU0181,88,0,12,18
2024-03-18,SKU0181,63,0,12,18
2024-03-25,SKU0181,43,0,12,18
2024-04-01,SKU0181,108,99,12,18
2024-04-08,SKU0181,93,0,12,18
2024-04-15,SKU0181,77,0,12,18
2024-04-22,SKU0181,50,0,12,18
2024-04-29,SKU0181,45,0,12,18
2024-05-06,SKU0181,26,0,12,18
2024-05-13,SKU0181,1,0,12,18
2024-05-20,SKU0181,0,0,12,18
2024-05-27,SKU0181,243,243,12,18
2024-06-03,SKU0181,211,0,12,18
2024-06-10,SKU0181,189,0,12,18
2024-06-17,SKU0181,179,0,12,18
2024-06-24,SKU0181,154,0,12,18
2024-07-01,SKU0181,137,21,12,18
2024-07-08,SKU0181,121,0,12,18
2024-07-15,SKU0181,99,9,12,18
2024-07-22,SKU0181,85,0,12,18
2024-07-29,SKU0181,73,0,12,18
2024-08-05,SKU0181,61,0,12,18
2024-08-12,SKU0181,48,0,12,18
2024-08-19,SKU0181,17,0,12,18
2024-08-26,SKU0181,5,0,12,18
2024-09-02,SKU0181,133,133,12,18
2024-09-09,SKU0181,104,0,12,18
2024-09-16,SKU0181,71,0,12,18
2024-09-23,SKU0181,64,0,12,18
2024-09-30,SKU0181,46,0,12,18
2024-10-07,SKU0181,22,0,12,18
2024-10-14,SKU0181,4,0,12,18
2024-10-21,SKU0181,0,0,12,18
2024-10-28,SKU0181,152,152,12,18
2024-11-04,SKU0181,121,0,12,18
2024-11-11,SKU0181,101,3,12,18
2024-11-18,SKU0181,80,0,12,18
2024-11-25,SKU0181,61,0,12,18
2024-12-02,SKU0181,30,18,12,18
2024-12-09,SKU0181,17,0,12,18
2024-12-16,SKU0181,4,21,12,18
2024-12-23,SKU0181,0,0,12,18
2024-12-30,SKU0181,194,194,12,18
2025-01-06,SKU0181,163,0,12,18
2025-01-13,SKU0181,139,0,12,18
2025-01-20,SKU0181,105,0,12,18
2025-01-27,SKU0181,100,0,12,18
2025-02-03,SKU0181,92,0,12,18
2025-02-10,SKU0181,66,0,12,18
2025-02-17,SKU0181,40,3,12,18
2025-02-24,SKU0181,17,0,12,18
2025-03-03,SKU0181,5,0,12,18
2025-03-10,SKU0181,155,155,12,18
2025-03-17,SKU0181,132,0,12,18
2025-03-24,SKU0181,109,0,12,18
2025-03-31,SKU0181,104,0,12,18
2025-04-07,SKU0181,95,0,12,18
2025-04-14,SKU0181,78,0,12,18
2025-04-21,SKU0181,71,13,12,18
2025-04-28,SKU0181,39,12,12,18
2025-05-05,SKU0181,143,134,12,18
2025-05-12,SKU0181,133,0,12,18
2025-05-19,SKU0181,111,0,12,18
2025-05-26,SKU0181,96,8,12,18
2025-06-02,SKU0181,84,0,12,18
2025-06-09,SKU0181,75,0,12,18
2025-06-16,SKU0181,52,21,12,18
2025-06-23,SKU0181,31,0,12,18
2025-06-30,SKU0181,22,0,12,18
2025-07-07,SKU0181,0,0,12,18
2025-07-14,SKU0181,0,0,12,18
2025-07-21,SKU0181,0,0,12,18
2025-07-28,SKU0181,226,226,12,18
2025-08-04,SKU0181,209,0,12,18
2025-08-11,SKU0181,182,0,12,18
2025-08-18,SKU0181,150,0,12,18
2025-08-25,SKU0181,119,0,12,18
2025-09-01,SKU0181,110,0,12,18
2025-09-08,SKU0181,78,0,12,18
2025-09-15,SKU0181,48,0,12,18
2025-09-22,SKU0181,38,0,12,18
2025-09-29,SKU0181,33,0,12,18
2025-10-06,SKU0181,184,176,12,18
2025-10-13,SKU0181,152,0,12,18
2025-10-20,SKU0181,126,29,12,18
2025-10-27,SKU0181,94,0,12,18
2025-11-03,SKU0181,76,0,12,18
2025-11-10,SKU0181,61,0,12,18
2025-11-17,SKU0181,29,0,12,18
2025-11-24,SKU0181,15,12,12,18
2025-12-01,SKU0181,10,0,12,18
2025-12-08,SKU0181,0,27,12,18
2025-12-15,SKU0181,0,0,12,18
2025-12-22,SKU0181,205,205,12,18
2025-12-29,SKU0181,183,0,12,18
2024-01-01,SKU0182,206,29,18,33
2024-01-08,SKU0182,176,0,18,33
2024-01-15,SKU0182,168,0,18,33
2024-01-22,SKU0182,137,4,18,33
2024-01-29,SKU0182,113,0,18,33
2024-02-05,SKU0182,96,8,18,33
2024-02-12,SKU0182,67,0,18,33
2024-02-19,SKU0182,44,15,18,33
2024-02-26,SKU0182,200,167,18,33
2024-03-04,SKU0182,171,0,18,33
2024-03-11,SKU0182,153,9,18,33
2024-03-18,SKU0182,148,19,18,33
2024-03-25,SKU0182,142,0,18,33
2024-04-01,SKU0182,120,0,18,33
2024-04-08,SKU0182,103,28,18,33
2024-04-15,SKU0182,88,0,18,33
2024-04-22,SKU0182,64,0,18,33
2024-04-29,SKU0182,42,0,18,33
2024-05-06,SKU0182,123,96,18,33
2024-05-13,SKU0182,116,0,18,33
2024-05-20,SKU0182,89,0,18,33
2024-05-27,SKU0182,65,0,18,33
2024-06-03,SKU0182,46,21,18,33
2024-06-10,SKU0182,39,0,18,33
2024-06-17,SKU0182,93,87,18,33
2024-06-24,SKU0182,70,0,18,33
2024-07-01,SKU0182,45,0,18,33
2024-07-08,SKU0182,32,0,18,33
2024-07-15,SKU0182,119,114,18,33
2024-07-22,SKU0182,90,0,18,33
2024-07-29,SKU0182,59,0,18,33
2024-08-05,SKU0182,50,12,18,33
2024-08-12,SKU0182,23,0,18,33
2024-08-19,SKU0182,97,97,18,33
2024-08-26,SKU0182,74,0,18,33
2024-09-02,SKU0182,44,0,18,33
2024-09-09,SKU0182,38,0,18,33
2024-09-16,SKU0182,236,224,18,33
2024-09-23,SKU0182,221,0,18,33
2024-09-30,SKU0182,192,0,18,33
2024-10-07,SKU0182,173,29,18,33
2024-10-14,SKU0182,161,0,18,33
2024-10-21,SKU0182,143,0,18,33
2024-10-28,SKU0182,110,0,18,33
2024-11-04,SKU0182,103,0,18,33
2024-11-11,SKU0182,93,0,18,33
2024-11-18,SKU0182,82,0,18,33
2024-11-25,SKU0182,56,0,18,33
2024-12-02,SKU0182,40,6,18,33
2024-12-09,SKU0182,157,145,18,33
2024-12-16,SKU0182,128,23,18,33
2024-12-23,SKU0182,100,0,18,33
2024-12-30,SKU0182,94,19,18,33
2025-01-06,SKU0182,79,0,18,33
2025-01-13,SKU0182,58,20,18,33
2025-01-20,SKU0182,123,91,18,33
2025-01-27,SKU0182,90,0,18,33
2025-02-03,SKU0182,83,0,18,33
2025-02-10,SKU0182,78,0,18,33
2025-02-17,SKU0182,48,0,18,33
2025-02-24,SKU0182,43,0,18,33
2025-03-03,SKU0182,229,208,18,33
2025-03-10,SKU0182,204,25,18,33
2025-03-17,SKU0182,178,25,18,33
2025-03-24,SKU0182,173,6,18,33
2025-03-31,SKU0182,150,0,18,33
2025-04-07,SKU0182,142,0,18,33
2025-04-14,SKU0182,108,0,18,33
2025-04-21,SKU0182,93,0,18,33
2025-04-28,SKU0182,62,0,18,33
2025-05-05,SKU0182,42,19,18,33
2025-05-12,SKU0182,246,221,18,33
2025-05-19,SKU0182,213,0,18,33
2025-05-26,SKU0182,201,6,18,33
2025-06-02,SKU0182,167,0,18,33
2025-06-09,SKU0182,148,0,18,33
2025-06-16,SKU0182,125,25,18,33
2025-06-23,SKU0182,107,0,18,33
2025-06-30,SKU0182,90,0,18,33
2025-07-07,SKU0182,85,0,18,33
2025-07-14,SKU0182,52,0,18,33
2025-07-21,SKU0182,216,189,18,33
2025-07-28,SKU0182,205,0,18,33
2025-08-04,SKU0182,189,0,18,33
2025-08-11,SKU0182,179,4,18,33
2025-08-18,SKU0182,152,29,18,33
2025-08-25,SKU0182,138,0,18,33
2025-09-01,SKU0182,111,0,18,33
2025-09-08,SKU0182,106,0,18,33
2025-09-15,SKU0182,98,0,18,33
2025-09-22,SKU0182,74,10,18,33
2025-09-29,SKU0182,53,0,18,33
2025-10-06,SKU0182,47,19,18,33
2025-10-13,SKU0182,35,0,18,33
2025-10-20,SKU0182,119,110,18,33
2025-10-27,SKU0182,110,0,18,33
2025-11-03,SKU0182,104,0,18,33
2025-11-10,SKU0182,86,0,18,33
2025-11-17,SKU0182,73,10,18,33
2025-11-24,SKU0182,39,0,18,33
2025-12-01,SKU0182,19,0,18,33
2025-12-08,SKU0182,0,25,18,33
2025-12-15,SKU0182,148,148,18,33
2025-12-22,SKU0182,143,0,18,33
2025-12-29,SKU0182,123,0,18,33
2024-01-01,SKU0183,140,0,23,20
2024-01-08,SKU0183,135,0,23,20
2024-01-15,SKU0183,105,0,23,20
2024-01-22,SKU0183,94,7,23,20
2024-01-29,SKU0183,68,0,23,20
2024-02-05,SKU0183,55,0,23,20
2024-02-12,SKU0183,27,0,23,20
2024-02-19,SKU0183,117,101,23,20
2024-02-26,SKU0183,108,0,23,20
2024-03-04,SKU0183,88,14,23,20
2024-03-11,SKU0183,60,0,23,20
2024-03-18,SKU0183,52,0,23,20
2024-03-25,SKU0183,26,0,23,20
2024-04-01,SKU0183,172,163,23,20
2024-04-08,SKU0183,162,0,23,20
2024-04-15,SKU0183,131,0,23,20
2024-04-22,SKU0183,110,0,23,20
2024-04-29,SKU0183,96,24,23,20
2024-05-06,SKU0183,65,0,23,20
2024-05-13,SKU0183,54,0,23,20
2024-05-20,SKU0183,24,0,23,20
2024-05-27,SKU0183,119,114,23,20
2024-06-03,SKU0183,114,0,23,20
2024-06-10,SKU0183,94,3,23,20
2024-06-17,SKU0183,82,0,23,20
2024-06-24,SKU0183,73,0,23,20
2024-07-01,SKU0183,43,1,23,20
2024-07-08,SKU0183,259,241,23,20
2024-07-15,SKU0183,231,0,23,20
2024-07-22,SKU0183,219,15,23,20
2024-07-29,SKU0183,209,24,23,20
2024-08-05,SKU0183,175,0,23,20
2024-08-12,SKU0183,157,0,23,20
2024-08-19,SKU0183,137,0,23,20
2024-08-26,SKU0183,116,0,23,20
2024-09-02,SKU0183,104,0,23,20
2024-09-09,SKU0183,94,0,23,20
2024-09-16,SKU0183,78,7,23,20
2024-09-23,SKU0183,69,0,23,20
2024-09-30,SKU0183,51,0,23,20
2024-10-07,SKU0183,44,0,23,20
2024-10-14,SKU0183,19,0,23,20
2024-10-21,SKU0183,175,162,23,20
2024-10-28,SKU0183,156,0,23,20
2024-11-04,SKU0183,134,0,23,20
2024-11-11,SKU0183,122,0,23,20
2024-11-18,SKU0183,102,0,23,20
2024-11-25,SKU0183,73,0,23,20
2024-12-02,SKU0183,65,0,23,20
2024-12-09,SKU0183,57,0,23,20
2024-12-16,SKU0183,52,0,23,20
2024-12-23,SKU0183,36,0,23,20
2024-12-30,SKU0183,231,211,23,20
2025-01-06,SKU0183,206,0,23,20
2025-01-13,SKU0183,196,0,23,20
2025-01-20,SKU0183,181,0,23,20
2025-01-27,SKU0183,168,0,23,20
2025-02-03,SKU0183,141,0,23,20
2025-02-10,SKU0183,134,0,23,20
2025-02-17,SKU0183,108,0,23,20
2025-02-24,SKU0183,95,0,23,20
2025-03-03,SKU0183,67,0,23,20
2025-03-10,SKU0183,54,0,23,20
2025-03-17,SKU0183,24,0,23,20
2025-03-24,SKU0183,0,8,23,20
2025-03-31,SKU0183,188,188,23,20
2025-04-07,SKU0183,172,6,23,20
2025-04-14,SKU0183,159,0,23,20
2025-04-21,SKU0183,140,0,23,20
2025-04-28,SKU0183,107,11,23,20
2025-05-05,SKU0183,93,0,23,20
2025-05-12,SKU0183,74,0,23,20
2025-05-19,SKU0183,44,0,23,20
2025-05-26,SKU0183,38,1,23,20
2025-06-02,SKU0183,21,15,23,20
2025-06-09,SKU0183,1,0,23,20
2025-06-16,SKU0183,0,0,23,20
2025-06-23,SKU0183,125,125,23,20
2025-06-30,SKU0183,94,0,23,20
2025-07-07,SKU0183,74,0,23,20
2025-07-14,SKU0183,56,0,23,20
2025-07-21,SKU0183,24,0,23,20
2025-07-28,SKU0183,83,83,23,20
2025-08-04,SKU0183,56,0,23,20
2025-08-11,SKU0183,37,0,23,20
2025-08-18,SKU0183,165,152,23,20
2025-08-25,SKU0183,149,0,23,20
2025-09-01,SKU0183,121,22,23,20
2025-09-08,SKU0183,101,0,23,20
2025-09-15,SKU0183,69,0,23,20
2025-09-22,SKU0183,51,0,23,20
2025-09-29,SKU0183,40,20,23,20
2025-10-06,SKU0183,24,0,23,20
2025-10-13,SKU0183,173,161,23,20
2025-10-20,SKU0183,140,14,23,20
2025-10-27,SKU0183,113,0,23,20
2025-11-03,SKU0183,95,0,23,20
2025-11-10,SKU0183,80,29,23,20
2025-11-17,SKU0183,57,0,23,20
2025-11-24,SKU0183,30,0,23,20
2025-12-01,SKU0183,0,0,23,20
2025-12-08,SKU0183,0,9,23,20
2025-12-15,SKU0183,0,0,23,20
2025-12-22,SKU0183,230,230,23,20
2025-12-29,SKU0183,197,28,23,20
2024-01-01,SKU0184,171,11,13,36
2024-01-08,SKU0184,148,0,13,36
2024-01-15,SKU0184,136,0,13,36
2024-01-22,SKU0184,122,0,13,36
2024-01-29,SKU0184,92,0,13,36
2024-02-05,SKU0184,64,0,13,36
2024-02-12,SKU0184,44,0,13,36
2024-02-19,SKU0184,11,0,13,36
2024-02-26,SKU0184,103,103,13,36
2024-03-04,SKU0184,69,0,13,36
2024-03-11,SKU0184,64,1,13,36
2024-03-18,SKU0184,43,0,13,36
2024-03-25,SKU0184,124,107,13,36
2024-04-01,SKU0184,105,0,13,36
2024-04-08,SKU0184,96,13,13,36
2024-04-15,SKU0184,68,0,13,36
2024-04-22,SKU0184,57,11,13,36
2024-04-29,SKU0184,34,0,13,36
2024-05-06,SKU0184,18,0,13,36
2024-05-13,SKU0184,155,155,13,36
2024-05-20,SKU0184,142,0,13,36
2024-05-27,SKU0184,134,1,13,36
2024-06-03,SKU0184,115,0,13,36
2024-06-10,SKU0184,101,0,13,36
2024-06-17,SKU0184,82,0,13,36
2024-06-24,SKU0184,50,22,13,36
2024-07-01,SKU0184,197,168,13,36
2024-07-08,SKU0184,165,0,13,36
2024-07-15,SKU0184,156,0,13,36
2024-07-22,SKU0184,142,0,13,36
2024-07-29,SKU0184,110,16,13,36
2024-08-05,SKU0184,91,11,13,36
2024-08-12,SKU0184,68,0,13,36
2024-08-19,SKU0184,41,25,13,36
2024-08-26,SKU0184,126,107,13,36
2024-09-02,SKU0184,112,0,13,36
2024-09-09,SKU0184,82,0,13,36
2024-09-16,SKU0184,58,0,13,36
2024-09-23,SKU0184,41,0,13,36
2024-09-30,SKU0184,207,187,13,36
2024-10-07,SKU0184,201,0,13,36
2024-10-14,SKU0184,196,0,13,36
2024-10-21,SKU0184,165,9,13,36
2024-10-28,SKU0184,160,6,13,36
2024-11-04,SKU0184,136,0,13,36
2024-11-11,SKU0184,102,22,13,36
2024-11-18,SKU0184,94,0,13,36
2024-11-25,SKU0184,68,29,13,36
2024-12-02,SKU0184,37,0,13,36
2024-12-09,SKU0184,195,171,13,36
2024-12-16,SKU0184,161,0,13,36
2024-12-23,SKU0184,140,0,13,36
2024-12-30,SKU0184,130,0,13,36
2025-01-06,SKU0184,109,0,13,36
2025-01-13,SKU0184,104,0,13,36
2025-01-20,SKU0184,91,0,13,36
2025-01-27,SKU0184,76,0,13,36
2025-02-03,SKU0184,60,0,13,36
2025-02-10,SKU0184,26,10,13,36
2025-02-17,SKU0184,5,23,13,36
2025-02-24,SKU0184,90,90,13,36
2025-03-03,SKU0184,85,0,13,36
2025-03-10,SKU0184,61,0,13,36
2025-03-17,SKU0184,30,17,13,36
2025-03-24,SKU0184,2,0,13,36
2025-03-31,SKU0184,0,0,13,36
2025-04-07,SKU0184,0,20,13,36
2025-04-14,SKU0184,0,16,13,36
2025-04-21,SKU0184,0,13,13,36
2025-04-28,SKU0184,150,150,13,36
2025-05-05,SKU0184,122,0,13,36
2025-05-12,SKU0184,112,21,13,36
2025-05-19,SKU0184,95,18,13,36
2025-05-26,SKU0184,63,0,13,36
2025-06-02,SKU0184,37,6,13,36
2025-06-09,SKU0184,148,122,13,36
2025-06-16,SKU0184,116,0,13,36
2025-06-23,SKU0184,89,0,13,36
2025-06-30,SKU0184,65,0,13,36
2025-07-07,SKU0184,247,212,13,36
2025-07-14,SKU0184,224,0,13,36
2025-07-21,SKU0184,203,18,13,36
2025-07-28,SKU0184,172,0,13,36
2025-08-04,SKU0184,158,20,13,36
2025-08-11,SKU0184,141,0,13,36
2025-08-18,SKU0184,130,0,13,36
2025-08-25,SKU0184,114,0,13,36
2025-09-01,SKU0184,102,28,13,36
2025-09-08,SKU0184,78,9,13,36
2025-09-15,SKU0184,62,7,13,36
2025-09-22,SKU0184,52,0,13,36
2025-09-29,SKU0184,158,129,13,36
2025-10-06,SKU0184,146,0,13,36
2025-10-13,SKU0184,137,12,13,36
2025-10-20,SKU0184,118,0,13,36
2025-10-27,SKU0184,112,0,13,36
2025-11-03,SKU0184,104,0,13,36
2025-11-10,SKU0184,86,0,13,36
2025-11-17,SKU0184,76,0,13,36
2025-11-24,SKU0184,57,0,13,36
2025-12-01,SKU0184,51,0,13,36
2025-12-08,SKU0184,177,141,13,36
2025-12-15,SKU0184,150,0,13,36
2025-12-22,SKU0184,143,22,13,36
2025-12-29,SKU0184,135,0,13,36
2024-01-01,SKU0185,137,0,17,35
2024-01-08,SKU0185,119,0,17,35
2024-01-15,SKU0185,105,0,17,35
2024-01-22,SKU0185,83,0,17,35
2024-01-29,SKU0185,61,0,17,35
2024-02-05,SKU0185,50,0,17,35
2024-02-12,SKU0185,123,96,17,35
2024-02-19,SKU0185,101,0,17,35
2024-02-26,SKU0185,88,0,17,35
2024-03-04,SKU0185,81,26,17,35
2024-03-11,SKU0185,60,16,17,35
2024-03-18,SKU0185,52,0,17,35
2024-03-25,SKU0185,156,132,17,35
2024-04-01,SKU0185,137,0,17,35
2024-04-08,SKU0185,119,28,17,35
2024-04-15,SKU0185,85,0,17,35
2024-04-22,SKU0185,52,26,17,35
2024-04-29,SKU0185,216,191,17,35
2024-05-06,SKU0185,185,0,17,35
2024-05-13,SKU0185,172,0,17,35
2024-05-20,SKU0185,152,0,17,35
2024-05-27,SKU0185,139,0,17,35
2024-06-03,SKU0185,115,0,17,35
2024-06-10,SKU0185,87,0,17,35
2024-06-17,SKU0185,79,0,17,35
2024-06-24,SKU0185,50,0,17,35
2024-07-01,SKU0185,266,245,17,35
2024-07-08,SKU0185,238,0,17,35
2024-07-15,SKU0185,228,0,17,35
2024-07-22,SKU0185,223,0,17,35
2024-07-29,SKU0185,207,0,17,35
2024-08-05,SKU0185,177,26,17,35
2024-08-12,SKU0185,172,1,17,35
2024-08-19,SKU0185,145,0,17,35
2024-08-26,SKU0185,132,0,17,35
2024-09-02,SKU0185,106,0,17,35
2024-09-09,SKU0185,91,0,17,35
2024-09-16,SKU0185,71,13,17,35
2024-09-23,SKU0185,54,0,17,35
2024-09-30,SKU0185,45,0,17,35
2024-10-07,SKU0185,37,0,17,35
2024-10-14,SKU0185,188,158,17,35
2024-10-21,SKU0185,157,0,17,35
2024-10-28,SKU0185,141,0,17,35
2024-11-04,SKU0185,117,0,17,35
2024-11-11,SKU0185,97,0,17,35
2024-11-18,SKU0185,81,0,17,35
2024-11-25,SKU0185,75,11,17,35
2024-12-02,SKU0185,59,0,17,35
2024-12-09,SKU0185,39,0,17,35
2024-12-16,SKU0185,183,172,17,35
2024-12-23,SKU0185,159,0,17,35
2024-12-30,SKU0185,127,0,17,35
2025-01-06,SKU0185,99,0,17,35
2025-01-13,SKU0185,87,0,17,35
2025-01-20,SKU0185,74,0,17,35
2025-01-27,SKU0185,52,0,17,35
2025-02-03,SKU0185,21,24,17,35
2025-02-10,SKU0185,127,127,17,35
2025-02-17,SKU0185,102,0,17,35
2025-02-24,SKU0185,86,0,17,35
2025-03-03,SKU0185,62,18,17,35
2025-03-10,SKU0185,52,0,17,35
2025-03-17,SKU0185,47,12,17,35
2025-03-24,SKU0185,23,21,17,35
2025-03-31,SKU0185,88,88,17,35
2025-04-07,SKU0185,78,0,17,35
2025-04-14,SKU0185,55,0,17,35
2025-04-21,SKU0185,44,0,17,35
2025-04-28,SKU0185,37,12,17,35
2025-05-05,SKU0185,116,103,17,35
2025-05-12,SKU0185,84,0,17,35
2025-05-19,SKU0185,69,0,17,35
2025-05-26,SKU0185,64,20,17,35
2025-06-02,SKU0185,51,0,17,35
2025-06-09,SKU0185,41,0,17,35
2025-06-16,SKU0185,106,86,17,35
2025-06-23,SKU0185,88,0,17,35
2025-06-30,SKU0185,59,0,17,35
2025-07-07,SKU0185,42,0,17,35
2025-07-14,SKU0185,222,201,17,35
2025-07-21,SKU0185,193,29,17,35
2025-07-28,SKU0185,171,0,17,35
2025-08-04,SKU0185,165,1,17,35
2025-08-11,SKU0185,154,22,17,35
2025-08-18,SKU0185,129,0,17,35
2025-08-25,SKU0185,118,0,17,35
2025-09-01,SKU0185,88,0,17,35
2025-09-08,SKU0185,73,6,17,35
2025-09-15,SKU0185,59,20,17,35
2025-09-22,SKU0185,50,0,17,35
2025-09-29,SKU0185,25,0,17,35
2025-10-06,SKU0185,233,230,17,35
2025-10-13,SKU0185,228,27,17,35
2025-10-20,SKU0185,218,0,17,35
2025-10-27,SKU0185,199,0,17,35
2025-11-03,SKU0185,173,0,17,35
2025-11-10,SKU0185,143,0,17,35
2025-11-17,SKU0185,120,0,17,35
2025-11-24,SKU0185,114,20,17,35
2025-12-01,SKU0185,109,0,17,35
2025-12-08,SKU0185,96,0,17,35
2025-12-15,SKU0185,69,0,17,35
2025-12-22,SKU0185,42,0,17,35
2025-12-29,SKU0185,172,158,17,35
2024-01-01,SKU0186,241,0,27,44
2024-01-08,SKU0186,230,17,27,44
2024-01-15,SKU0186,202,0,27,44
2024-01-22,SKU0186,194,0,27,44
2024-01-29,SKU0186,171,0,27,44
2024-02-05,SKU0186,161,0,27,44
2024-02-12,SKU0186,144,0,27,44
2024-02-19,SKU0186,130,0,27,44
2024-02-26,SKU0186,125,0,27,44
2024-03-04,SKU0186,115,0,27,44
2024-03-11,SKU0186,107,9,27,44
2024-03-18,SKU0186,77,0,27,44
2024-03-25,SKU0186,57,0,27,44
2024-04-01,SKU0186,47,0,27,44
2024-04-08,SKU0186,15,0,27,44
2024-04-15,SKU0186,241,241,27,44
2024-04-22,SKU0186,221,0,27,44
2024-04-29,SKU0186,207,27,27,44
2024-05-06,SKU0186,198,0,27,44
2024-05-13,SKU0186,177,0,27,44
2024-05-20,SKU0186,170,0,27,44
2024-05-27,SKU0186,155,0,27,44
2024-06-03,SKU0186,132,0,27,44
2024-06-10,SKU0186,122,0,27,44
2024-06-17,SKU0186,94,0,27,44
2024-06-24,SKU0186,77,0,27,44
2024-07-01,SKU0186,66,0,27,44
2024-07-08,SKU0186,51,0,27,44
2024-07-15,SKU0186,187,147,27,44
2024-07-22,SKU0186,182,0,27,44
2024-07-29,SKU0186,176,0,27,44
2024-08-05,SKU0186,157,0,27,44
2024-08-12,SKU0186,141,0,27,44
2024-08-19,SKU0186,133,0,27,44
2024-08-26,SKU0186,118,0,27,44
2024-09-02,SKU0186,100,18,27,44
2024-09-09,SKU0186,86,0,27,44
2024-09-16,SKU0186,58,0,27,44
2024-09-23,SKU0186,53,0,27,44
2024-09-30,SKU0186,26,0,27,44
2024-10-07,SKU0186,241,234,27,44
2024-10-14,SKU0186,210,0,27,44
2024-10-21,SKU0186,181,0,27,44
2024-10-28,SKU0186,160,0,27,44
2024-11-04,SKU0186,131,22,27,44
2024-11-11,SKU0186,108,0,27,44
2024-11-18,SKU0186,99,0,27,44
2024-11-25,SKU0186,91,0,27,44
2024-12-02,SKU0186,64,0,27,44
2024-12-09,SKU0186,30,0,27,44
2024-12-16,SKU0186,4,0,27,44
2024-12-23,SKU0186,0,7,27,44
2024-12-30,SKU0186,171,171,27,44
2025-01-06,SKU0186,143,0,27,44
2025-01-13,SKU0186,132,0,27,44
2025-01-20,SKU0186,115,8,27,44
2025-01-27,SKU0186,100,0,27,44
2025-02-03,SKU0186,92,0,27,44
2025-02-10,SKU0186,79,0,27,44
2025-02-17,SKU0186,73,0,27,44
2025-02-24,SKU0186,65,0,27,44
2025-03-03,SKU0186,51,0,27,44
2025-03-10,SKU0186,180,151,27,44
2025-03-17,SKU0186,149,0,27,44
2025-03-24,SKU0186,136,0,27,44
2025-03-31,SKU0186,125,0,27,44
2025-04-07,SKU0186,111,0,27,44
2025-04-14,SKU0186,101,0,27,44
2025-04-21,SKU0186,73,16,27,44
2025-04-28,SKU0186,65,0,27,44
2025-05-05,SKU0186,58,0,27,44
2025-05-12,SKU0186,284,246,27,44
2025-05-19,SKU0186,259,0,27,44
2025-05-26,SKU0186,225,0,27,44
2025-06-02,SKU0186,196,0,27,44
2025-06-09,SKU0186,175,0,27,44
2025-06-16,SKU0186,149,0,27,44
2025-06-23,SKU0186,128,0,27,44
2025-06-30,SKU0186,111,0,27,44
2025-07-07,SKU0186,91,0,27,44
2025-07-14,SKU0186,82,0,27,44
2025-07-21,SKU0186,57,0,27,44
2025-07-28,SKU0186,41,0,27,44
2025-08-04,SKU0186,246,211,27,44
2025-08-11,SKU0186,235,20,27,44
2025-08-18,SKU0186,217,11,27,44
2025-08-25,SKU0186,208,27,27,44
2025-09-01,SKU0186,198,0,27,44
2025-09-08,SKU0186,181,16,27,44
2025-09-15,SKU0186,160,0,27,44
2025-09-22,SKU0186,139,0,27,44
2025-09-29,SKU0186,126,0,27,44
2025-10-06,SKU0186,111,11,27,44
2025-10-13,SKU0186,100,0,27,44
2025-10-20,SKU0186,85,12,27,44
2025-10-27,SKU0186,64,0,27,44
2025-11-03,SKU0186,53,8,27,44
2025-11-10,SKU0186,196,158,27,44
2025-11-17,SKU0186,185,0,27,44
2025-11-24,SKU0186,174,0,27,44
2025-12-01,SKU0186,166,25,27,44
2025-12-08,SKU0186,132,0,27,44
2025-12-15,SKU0186,123,2,27,44
2025-12-22,SKU0186,115,0,27,44
2025-12-29,SKU0186,88,0,27,44
2024-01-01,SKU0187,137,0,10,36
2024-01-08,SKU0187,118,0,10,36
2024-01-15,SKU0187,111,0,10,36
2024-01-22,SKU0187,95,10,10,36
2024-01-29,SKU0187,85,0,10,36
2024-02-05,SKU0187,77,0,10,36
2024-02-12,SKU0187,52,0,10,36
2024-02-19,SKU0187,242,215,10,36
2024-02-26,SKU0187,223,0,10,36
2024-03-04,SKU0187,191,0,10,36
2024-03-11,SKU0187,161,0,10,36
2024-03-18,SKU0187,130,0,10,36
2024-03-25,SKU0187,96,0,10,36
2024-04-01,SKU0187,82,0,10,36
2024-04-08,SKU0187,60,0,10,36
2024-04-15,SKU0187,143,108,10,36
2024-04-22,SKU0187,111,24,10,36
2024-04-29,SKU0187,78,17,10,36
2024-05-06,SKU0187,72,0,10,36
2024-05-13,SKU0187,41,3,10,36
2024-05-20,SKU0187,23,0,10,36
2024-05-27,SKU0187,236,236,10,36
2024-06-03,SKU0187,214,7,10,36
2024-06-10,SKU0187,196,0,10,36
2024-06-17,SKU0187,185,0,10,36
2024-06-24,SKU0187,154,0,10,36
2024-07-01,SKU0187,123,0,10,36
2024-07-08,SKU0187,103,0,10,36
2024-07-15,SKU0187,82,15,10,36
2024-07-22,SKU0187,50,0,10,36
2024-07-29,SKU0187,19,0,10,36
2024-08-05,SKU0187,109,109,10,36
2024-08-12,SKU0187,77,0,10,36
2024-08-19,SKU0187,56,21,10,36
2024-08-26,SKU0187,236,207,10,36
2024-09-02,SKU0187,210,2,10,36
2024-09-09,SKU0187,190,21,10,36
2024-09-16,SKU0187,163,0,10,36
2024-09-23,SKU0187,130,0,10,36
2024-09-30,SKU0187,112,0,10,36
2024-10-07,SKU0187,88,0,10,36
2024-10-14,SKU0187,71,0,10,36
2024-10-21,SKU0187,41,0,10,36
2024-10-28,SKU0187,17,20,10,36
2024-11-04,SKU0187,6,9,10,36
2024-11-11,SKU0187,0,0,10,36
2024-11-18,SKU0187,0,0,10,36
2024-11-25,SKU0187,0,0,10,36
2024-12-02,SKU0187,173,173,10,36
2024-12-09,SKU0187,150,0,10,36
2024-12-16,SKU0187,138,0,10,36
2024-12-23,SKU0187,123,0,10,36
2024-12-30,SKU0187,103,26,10,36
2025-01-06,SKU0187,89,0,10,36
2025-01-13,SKU0187,62,0,10,36
2025-01-20,SKU0187,38,0,10,36
2025-01-27,SKU0187,17,0,10,36
2025-02-03,SKU0187,10,0,10,36
2025-02-10,SKU0187,0,0,10,36
2025-02-17,SKU0187,90,90,10,36
2025-02-24,SKU0187,75,0,10,36
2025-03-03,SKU0187,57,0,10,36
2025-03-10,SKU0187,220,193,10,36
2025-03-17,SKU0187,192,0,10,36
2025-03-24,SKU0187,164,0,10,36
2025-03-31,SKU0187,153,0,10,36
2025-04-07,SKU0187,146,0,10,36
2025-04-14,SKU0187,131,0,10,36
2025-04-21,SKU0187,109,0,10,36
2025-04-28,SKU0187,99,0,10,36
2025-05-05,SKU0187,65,0,10,36
2025-05-12,SKU0187,212,179,10,36
2025-05-19,SKU0187,190,0,10,36
2025-05-26,SKU0187,156,0,10,36
2025-06-02,SKU0187,144,0,10,36
2025-06-09,SKU0187,112,19,10,36
2025-06-16,SKU0187,86,0,10,36
2025-06-23,SKU0187,72,0,10,36
2025-06-30,SKU0187,40,0,10,36
2025-07-07,SKU0187,216,184,10,36
2025-07-14,SKU0187,211,0,10,36
2025-07-21,SKU0187,182,0,10,36
2025-07-28,SKU0187,172,16,10,36
2025-08-04,SKU0187,149,0,10,36
2025-08-11,SKU0187,141,0,10,36
2025-08-18,SKU0187,128,0,10,36
2025-08-25,SKU0187,116,18,10,36
2025-09-01,SKU0187,102,0,10,36
2025-09-08,SKU0187,90,0,10,36
2025-09-15,SKU0187,81,0,10,36
2025-09-22,SKU0187,49,0,10,36
2025-09-29,SKU0187,125,92,10,36
2025-10-06,SKU0187,100,0,10,36
2025-10-13,SKU0187,94,0,10,36
2025-10-20,SKU0187,88,0,10,36
2025-10-27,SKU0187,67,0,10,36
2025-11-03,SKU0187,61,17,10,36
2025-11-10,SKU0187,53,0,10,36
2025-11-17,SKU0187,247,225,10,36
2025-11-24,SKU0187,221,0,10,36
2025-12-01,SKU0187,191,0,10,36
2025-12-08,SKU0187,186,8,10,36
2025-12-15,SKU0187,181,0,10,36
2025-12-22,SKU0187,176,23,10,36
2025-12-29,SKU0187,161,26,10,36
2024-01-01,SKU0188,253,0,25,29
2024-01-08,SKU0188,225,20,25,29
2024-01-15,SKU0188,193,27,25,29
2024-01-22,SKU0188,182,28,25,29
2024-01-29,SKU0188,175,5,25,29
2024-02-05,SKU0188,142,0,25,29
2024-02-12,SKU0188,126,0,25,29
2024-02-19,SKU0188,120,0,25,29
2024-02-26,SKU0188,91,0,25,29
2024-03-04,SKU0188,74,0,25,29
2024-03-11,SKU0188,60,0,25,29
2024-03-18,SKU0188,38,0,25,29
2024-03-25,SKU0188,184,161,25,29
2024-04-01,SKU0188,173,0,25,29
2024-04-08,SKU0188,164,0,25,29
2024-04-15,SKU0188,156,13,25,29
2024-04-22,SKU0188,146,15,25,29
2024-04-29,SKU0188,130,0,25,29
2024-05-06,SKU0188,118,0,25,29
2024-05-13,SKU0188,86,0,25,29
2024-05-20,SKU0188,57,0,25,29
2024-05-27,SKU0188,31,0,25,29
2024-06-03,SKU0188,157,155,25,29
2024-06-10,SKU0188,150,0,25,29
2024-06-17,SKU0188,144,0,25,29
2024-06-24,SKU0188,121,0,25,29
2024-07-01,SKU0188,115,0,25,29
2024-07-08,SKU0188,108,0,25,29
2024-07-15,SKU0188,100,9,25,29
2024-07-22,SKU0188,81,0,25,29
2024-07-29,SKU0188,75,0,25,29
2024-08-05,SKU0188,50,10,25,29
2024-08-12,SKU0188,133,111,25,29
2024-08-19,SKU0188,124,0,25,29
2024-08-26,SKU0188,114,0,25,29
2024-09-02,SKU0188,80,0,25,29
2024-09-09,SKU0188,69,17,25,29
2024-09-16,SKU0188,64,0,25,29
2024-09-23,SKU0188,35,14,25,29
2024-09-30,SKU0188,144,134,25,29
2024-10-07,SKU0188,116,0,25,29
2024-10-14,SKU0188,91,0,25,29
2024-10-21,SKU0188,85,0,25,29
2024-10-28,SKU0188,64,0,25,29
2024-11-04,SKU0188,50,0,25,29
2024-11-11,SKU0188,45,0,25,29
2024-11-18,SKU0188,193,167,25,29
2024-11-25,SKU0188,171,0,25,29
2024-12-02,SKU0188,150,2,25,29
2024-12-09,SKU0188,131,22,25,29
2024-12-16,SKU0188,119,15,25,29
2024-12-23,SKU0188,97,0,25,29
2024-12-30,SKU0188,68,0,25,29
2025-01-06,SKU0188,39,0,25,29
2025-01-13,SKU0188,245,231,25,29
2025-01-20,SKU0188,223,0,25,29
2025-01-27,SKU0188,197,0,25,29
2025-02-03,SKU0188,181,0,25,29
2025-02-10,SKU0188,148,0,25,29
2025-02-17,SKU0188,140,0,25,29
2025-02-24,SKU0188,111,0,25,29
2025-03-03,SKU0188,100,0,25,29
2025-03-10,SKU0188,78,0,25,29
2025-03-17,SKU0188,68,0,25,29
2025-03-24,SKU0188,38,0,25,29
2025-03-31,SKU0188,261,249,25,29
2025-04-07,SKU0188,241,0,25,29
2025-04-14,SKU0188,212,26,25,29
2025-04-21,SKU0188,190,0,25,29
2025-04-28,SKU0188,185,23,25,29
2025-05-05,SKU0188,167,0,25,29
2025-05-12,SKU0188,160,0,25,29
2025-05-19,SKU0188,140,0,25,29
2025-05-26,SKU0188,120,0,25,29
2025-06-02,SKU0188,111,0,25,29
2025-06-09,SKU0188,79,0,25,29
2025-06-16,SKU0188,46,0,25,29
2025-06-23,SKU0188,141,129,25,29
2025-06-30,SKU0188,118,0,25,29
2025-07-07,SKU0188,92,0,25,29
2025-07-14,SKU0188,81,0,25,29
2025-07-21,SKU0188,67,0,25,29
2025-07-28,SKU0188,46,0,25,29
2025-08-04,SKU0188,254,226,25,29
2025-08-11,SKU0188,246,0,25,29
2025-08-18,SKU0188,213,1,25,29
2025-08-25,SKU0188,190,19,25,29
2025-09-01,SKU0188,180,0,25,29
2025-09-08,SKU0188,163,0,25,29
2025-09-15,SKU0188,149,8,25,29
2025-09-22,SKU0188,133,0,25,29
2025-09-29,SKU0188,121,0,25,29
2025-10-06,SKU0188,102,0,25,29
2025-10-13,SKU0188,83,9,25,29
2025-10-20,SKU0188,73,0,25,29
2025-10-27,SKU0188,50,0,25,29
2025-11-03,SKU0188,37,0,25,29
2025-11-10,SKU0188,250,224,25,29
2025-11-17,SKU0188,218,0,25,29
2025-11-24,SKU0188,208,0,25,29
2025-12-01,SKU0188,174,0,25,29
2025-12-08,SKU0188,143,0,25,29
2025-12-15,SKU0188,130,0,25,29
2025-12-22,SKU0188,121,21,25,29
2025-12-29,SKU0188,101,0,25,29
2024-01-01,SKU0189,187,0,19,36
2024-01-08,SKU0189,163,0,19,36
2024-01-15,SKU0189,151,0,19,36
2024-01-22,SKU0189,140,0,19,36
2024-01-29,SKU0189,115,0,19,36
2024-02-05,SKU0189,102,7,19,36
2024-02-12,SKU0189,70,0,19,36
2024-02-19,SKU0189,55,0,19,36
2024-02-26,SKU0189,36,25,19,36
2024-03-04,SKU0189,152,130,19,36
2024-03-11,SKU0189,137,0,19,36
2024-03-18,SKU0189,114,10,19,36
2024-03-25,SKU0189,84,0,19,36
2024-04-01,SKU0189,76,12,19,36
2024-04-08,SKU0189,56,24,19,36
2024-04-15,SKU0189,49,0,19,36
2024-04-22,SKU0189,33,0,19,36
2024-04-29,SKU0189,135,124,19,36
2024-05-06,SKU0189,107,7,19,36
2024-05-13,SKU0189,82,0,19,36
2024-05-20,SKU0189,67,20,19,36
2024-05-27,SKU0189,42,0,19,36
2024-06-03,SKU0189,9,0,19,36
2024-06-10,SKU0189,228,228,19,36
2024-06-17,SKU0189,203,0,19,36
2024-06-24,SKU0189,186,0,19,36
2024-07-01,SKU0189,181,0,19,36
2024-07-08,SKU0189,164,0,19,36
2024-07-15,SKU0189,137,9,19,36
2024-07-22,SKU0189,122,0,19,36
2024-07-29,SKU0189,97,0,19,36
2024-08-05,SKU0189,76,0,19,36
2024-08-12,SKU0189,49,0,19,36
2024-08-19,SKU0189,244,226,19,36
2024-08-26,SKU0189,212,0,19,36
2024-09-02,SKU0189,207,5,19,36
2024-09-09,SKU0189,174,18,19,36
2024-09-16,SKU0189,158,0,19,36
2024-09-23,SKU0189,137,2,19,36
2024-09-30,SKU0189,112,0,19,36
2024-10-07,SKU0189,104,0,19,36
2024-10-14,SKU0189,91,0,19,36
2024-10-21,SKU0189,75,0,19,36
2024-10-28,SKU0189,56,0,19,36
2024-11-04,SKU0189,49,0,19,36
2024-11-11,SKU0189,135,108,19,36
2024-11-18,SKU0189,119,0,19,36
2024-11-25,SKU0189,107,3,19,36
2024-12-02,SKU0189,96,2,19,36
2024-12-09,SKU0189,62,28,19,36
2024-12-16,SKU0189,45,0,19,36
2024-12-23,SKU0189,40,0,19,36
2024-12-30,SKU0189,205,179,19,36
2025-01-06,SKU0189,182,0,19,36
2025-01-13,SKU0189,175,0,19,36
2025-01-20,SKU0189,145,0,19,36
2025-01-27,SKU0189,125,0,19,36
2025-02-03,SKU0189,98,0,19,36
2025-02-10,SKU0189,67,0,19,36
2025-02-17,SKU0189,142,108,19,36
2025-02-24,SKU0189,129,0,19,36
2025-03-03,SKU0189,97,27,19,36
2025-03-10,SKU0189,63,16,19,36
2025-03-17,SKU0189,51,0,19,36
2025-03-24,SKU0189,39,0,19,36
2025-03-31,SKU0189,215,201,19,36
2025-04-07,SKU0189,201,0,19,36
2025-04-14,SKU0189,178,0,19,36
2025-04-21,SKU0189,155,0,19,36
2025-04-28,SKU0189,148,0,19,36
2025-05-05,SKU0189,119,0,19,36
2025-05-12,SKU0189,93,0,19,36
2025-05-19,SKU0189,66,0,19,36
2025-05-26,SKU0189,179,146,19,36
2025-06-02,SKU0189,146,0,19,36
2025-06-09,SKU0189,115,0,19,36
2025-06-16,SKU0189,103,0,19,36
2025-06-23,SKU0189,84,0,19,36
2025-06-30,SKU0189,55,0,19,36
2025-07-07,SKU0189,22,27,19,36
2025-07-14,SKU0189,0,0,19,36
2025-07-21,SKU0189,104,104,19,36
2025-07-28,SKU0189,92,0,19,36
2025-08-04,SKU0189,65,0,19,36
2025-08-11,SKU0189,47,0,19,36
2025-08-18,SKU0189,111,97,19,36
2025-08-25,SKU0189,81,5,19,36
2025-09-01,SKU0189,62,26,19,36
2025-09-08,SKU0189,38,0,19,36
2025-09-15,SKU0189,27,9,19,36
2025-09-22,SKU0189,16,0,19,36
2025-09-29,SKU0189,181,181,19,36
2025-10-06,SKU0189,161,0,19,36
2025-10-13,SKU0189,130,0,19,36
2025-10-20,SKU0189,106,0,19,36
2025-10-27,SKU0189,73,22,19,36
2025-11-03,SKU0189,47,0,19,36
2025-11-10,SKU0189,115,97,19,36
2025-11-17,SKU0189,85,0,19,36
2025-11-24,SKU0189,75,0,19,36
2025-12-01,SKU0189,64,0,19,36
2025-12-08,SKU0189,38,0,19,36
2025-12-15,SKU0189,234,225,19,36
2025-12-22,SKU0189,216,0,19,36
2025-12-29,SKU0189,204,0,19,36
2024-01-01,SKU0190,93,0,26,40
2024-01-08,SKU0190,83,0,26,40
2024-01-15,SKU0190,72,0,26,40
2024-01-22,SKU0190,60,0,26,40
2024-01-29,SKU0190,249,213,26,40
2024-02-05,SKU0190,230,0,26,40
2024-02-12,SKU0190,216,0,26,40
2024-02-19,SKU0190,204,0,26,40
2024-02-26,SKU0190,174,0,26,40
2024-03-04,SKU0190,153,0,26,40
2024-03-11,SKU0190,120,0,26,40
2024-03-18,SKU0190,93,0,26,40
2024-03-25,SKU0190,64,0,26,40
2024-04-01,SKU0190,165,132,26,40
2024-04-08,SKU0190,158,0,26,40
2024-04-15,SKU0190,151,0,26,40
2024-04-22,SKU0190,137,0,26,40
2024-04-29,SKU0190,106,27,26,40
2024-05-06,SKU0190,98,0,26,40
2024-05-13,SKU0190,71,0,26,40
2024-05-20,SKU0190,56,0,26,40
2024-05-27,SKU0190,122,96,26,40
2024-06-03,SKU0190,109,0,26,40
2024-06-10,SKU0190,89,15,26,40
2024-06-17,SKU0190,60,7,26,40
2024-06-24,SKU0190,55,0,26,40
2024-07-01,SKU0190,47,10,26,40
2024-07-08,SKU0190,38,0,26,40
2024-07-15,SKU0190,6,0,26,40
2024-07-22,SKU0190,0,0,26,40
2024-07-29,SKU0190,0,0,26,40
2024-08-05,SKU0190,135,135,26,40
2024-08-12,SKU0190,114,25,26,40
2024-08-19,SKU0190,105,0,26,40
2024-08-26,SKU0190,74,0,26,40
2024-09-02,SKU0190,64,0,26,40
2024-09-09,SKU0190,37,0,26,40
2024-09-16,SKU0190,132,124,26,40
2024-09-23,SKU0190,109,0,26,40
2024-09-30,SKU0190,85,0,26,40
2024-10-07,SKU0190,51,24,26,40
2024-10-14,SKU0190,147,112,26,40
2024-10-21,SKU0190,131,0,26,40
2024-10-28,SKU0190,102,0,26,40
2024-11-04,SKU0190,90,0,26,40
2024-11-11,SKU0190,70,0,26,40
2024-11-18,SKU0190,61,0,26,40
2024-11-25,SKU0190,127,98,26,40
2024-12-02,SKU0190,105,1,26,40
2024-12-09,SKU0190,93,0,26,40
2024-12-16,SKU0190,69,27,26,40
2024-12-23,SKU0190,56,0,26,40
2024-12-30,SKU0190,189,165,26,40
2025-01-06,SKU0190,182,14,26,40
2025-01-13,SKU0190,173,0,26,40
2025-01-20,SKU0190,162,0,26,40
2025-01-27,SKU0190,131,0,26,40
2025-02-03,SKU0190,118,0,26,40
2025-02-10,SKU0190,105,0,26,40
2025-02-17,SKU0190,96,0,26,40
2025-02-24,SKU0190,65,22,26,40
2025-03-03,SKU0190,48,0,26,40
2025-03-10,SKU0190,254,219,26,40
2025-03-17,SKU0190,223,0,26,40
2025-03-24,SKU0190,205,0,26,40
2025-03-31,SKU0190,189,0,26,40
2025-04-07,SKU0190,167,0,26,40
2025-04-14,SKU0190,136,0,26,40
2025-04-21,SKU0190,131,9,26,40
2025-04-28,SKU0190,124,0,26,40
2025-05-05,SKU0190,92,3,26,40
2025-05-12,SKU0190,67,0,26,40
2025-05-19,SKU0190,55,18,26,40
2025-05-26,SKU0190,111,82,26,40
2025-06-02,SKU0190,97,0,26,40
2025-06-09,SKU0190,64,0,26,40
2025-06-16,SKU0190,45,0,26,40
2025-06-23,SKU0190,17,0,26,40
2025-06-30,SKU0190,4,0,26,40
2025-07-07,SKU0190,0,28,26,40
2025-07-14,SKU0190,121,121,26,40
2025-07-21,SKU0190,90,26,26,40
2025-07-28,SKU0190,76,0,26,40
2025-08-04,SKU0190,55,0,26,40
2025-08-11,SKU0190,27,26,26,40
2025-08-18,SKU0190,14,0,26,40
2025-08-25,SKU0190,139,139,26,40
2025-09-01,SKU0190,115,0,26,40
2025-09-08,SKU0190,103,0,26,40
2025-09-15,SKU0190,77,0,26,40
2025-09-22,SKU0190,72,0,26,40
2025-09-29,SKU0190,60,0,26,40
2025-10-06,SKU0190,117,81,26,40
2025-10-13,SKU0190,104,0,26,40
2025-10-20,SKU0190,86,0,26,40
2025-10-27,SKU0190,73,0,26,40
2025-11-03,SKU0190,56,0,26,40
2025-11-10,SKU0190,28,0,26,40
2025-11-17,SKU0190,109,109,26,40
2025-11-24,SKU0190,102,0,26,40
2025-12-01,SKU0190,94,0,26,40
2025-12-08,SKU0190,80,0,26,40
2025-12-15,SKU0190,58,0,26,40
2025-12-22,SKU0190,26,14,26,40
2025-12-29,SKU0190,121,100,26,40
2024-01-01,SKU0191,123,16,12,55
2024-01-08,SKU0191,115,8,12,55
2024-01-15,SKU0191,104,0,12,55
2024-01-22,SKU0191,83,5,12,55
2024-01-29,SKU0191,77,0,12,55
2024-02-05,SKU0191,68,0,12,55
2024-02-12,SKU0191,249,206,12,55
2024-02-19,SKU0191,225,0,12,55
2024-02-26,SKU0191,211,7,12,55
2024-03-04,SKU0191,193,0,12,55
2024-03-11,SKU0191,161,0,12,55
2024-03-18,SKU0191,156,0,12,55
2024-03-25,SKU0191,147,0,12,55
2024-04-01,SKU0191,133,0,12,55
2024-04-08,SKU0191,118,0,12,55
2024-04-15,SKU0191,100,0,12,55
2024-04-22,SKU0191,85,0,12,55
2024-04-29,SKU0191,72,0,12,55
2024-05-06,SKU0191,42,0,12,55
2024-05-13,SKU0191,123,92,12,55
2024-05-20,SKU0191,94,27,12,55
2024-05-27,SKU0191,89,0,12,55
2024-06-03,SKU0191,74,0,12,55
2024-06-10,SKU0191,47,15,12,55
2024-06-17,SKU0191,20,0,12,55
2024-06-24,SKU0191,153,153,12,55
2024-07-01,SKU0191,125,0,12,55
2024-07-08,SKU0191,94,0,12,55
2024-07-15,SKU0191,85,9,12,55
2024-07-22,SKU0191,171,120,12,55
2024-07-29,SKU0191,155,0,12,55
2024-08-05,SKU0191,147,0,12,55
2024-08-12,SKU0191,123,0,12,55
2024-08-19,SKU0191,116,0,12,55
2024-08-26,SKU0191,89,0,12,55
2024-09-02,SKU0191,65,0,12,55
2024-09-09,SKU0191,203,148,12,55
2024-09-16,SKU0191,193,0,12,55
2024-09-23,SKU0191,185,18,12,55
2024-09-30,SKU0191,163,0,12,55
2024-10-07,SKU0191,150,0,12,55
2024-10-14,SKU0191,122,0,12,55
2024-10-21,SKU0191,116,0,12,55
2024-10-28,SKU0191,110,0,12,55
2024-11-04,SKU0191,80,13,12,55
2024-11-11,SKU0191,74,18,12,55
2024-11-18,SKU0191,67,14,12,55
2024-11-25,SKU0191,50,13,12,55
2024-12-02,SKU0191,205,164,12,55
2024-12-09,SKU0191,178,0,12,55
2024-12-16,SKU0191,166,0,12,55
2024-12-23,SKU0191,145,0,12,55
2024-12-30,SKU0191,114,2,12,55
2025-01-06,SKU0191,96,0,12,55
2025-01-13,SKU0191,87,0,12,55
2025-01-20,SKU0191,60,0,12,55
2025-01-27,SKU0191,45,0,12,55
2025-02-03,SKU0191,212,172,12,55
2025-02-10,SKU0191,198,0,12,55
2025-02-17,SKU0191,182,14,12,55
2025-02-24,SKU0191,155,0,12,55
2025-03-03,SKU0191,140,0,12,55
2025-03-10,SKU0191,134,0,12,55
2025-03-17,SKU0191,105,0,12,55
2025-03-24,SKU0191,81,23,12,55
2025-03-31,SKU0191,47,0,12,55
2025-04-07,SKU0191,27,9,12,55
2025-04-14,SKU0191,17,0,12,55
2025-04-21,SKU0191,0,9,12,55
2025-04-28,SKU0191,146,146,12,55
2025-05-05,SKU0191,132,0,12,55
2025-05-12,SKU0191,127,21,12,55
2025-05-19,SKU0191,107,0,12,55
2025-05-26,SKU0191,82,0,12,55
2025-06-02,SKU0191,63,0,12,55
2025-06-09,SKU0191,33,0,12,55
2025-06-16,SKU0191,181,172,12,55
2025-06-23,SKU0191,149,0,12,55
2025-06-30,SKU0191,144,0,12,55
2025-07-07,SKU0191,122,0,12,55
2025-07-14,SKU0191,88,0,12,55
2025-07-21,SKU0191,67,0,12,55
2025-07-28,SKU0191,260,212,12,55
2025-08-04,SKU0191,237,0,12,55
2025-08-11,SKU0191,204,5,12,55
2025-08-18,SKU0191,190,0,12,55
2025-08-25,SKU0191,174,0,12,55
2025-09-01,SKU0191,161,0,12,55
2025-09-08,SKU0191,148,0,12,55
2025-09-15,SKU0191,142,0,12,55
2025-09-22,SKU0191,131,19,12,55
2025-09-29,SKU0191,123,0,12,55
2025-10-06,SKU0191,103,0,12,55
2025-10-13,SKU0191,75,0,12,55
2025-10-20,SKU0191,58,0,12,55
2025-10-27,SKU0191,225,199,12,55
2025-11-03,SKU0191,204,0,12,55
2025-11-10,SKU0191,182,0,12,55
2025-11-17,SKU0191,168,0,12,55
2025-11-24,SKU0191,136,0,12,55
2025-12-01,SKU0191,121,0,12,55
2025-12-08,SKU0191,96,6,12,55
2025-12-15,SKU0191,70,0,12,55
2025-12-22,SKU0191,50,0,12,55
2025-12-29,SKU0191,20,0,12,55
2024-01-01,SKU0192,141,0,19,56
2024-01-08,SKU0192,116,0,19,56
2024-01-15,SKU0192,103,0,19,56
2024-01-22,SKU0192,73,0,19,56
2024-01-29,SKU0192,135,88,19,56
2024-02-05,SKU0192,114,0,19,56
2024-02-12,SKU0192,82,0,19,56
2024-02-19,SKU0192,73,0,19,56
2024-02-26,SKU0192,65,0,19,56
2024-03-04,SKU0192,60,0,19,56
2024-03-11,SKU0192,30,0,19,56
2024-03-18,SKU0192,140,138,19,56
2024-03-25,SKU0192,121,10,19,56
2024-04-01,SKU0192,116,0,19,56
2024-04-08,SKU0192,86,0,19,56
2024-04-15,SKU0192,73,0,19,56
2024-04-22,SKU0192,58,0,19,56
2024-04-29,SKU0192,50,27,19,56
2024-05-06,SKU0192,226,196,19,56
2024-05-13,SKU0192,199,0,19,56
2024-05-20,SKU0192,168,0,19,56
2024-05-27,SKU0192,145,0,19,56
2024-06-03,SKU0192,140,0,19,56
2024-06-10,SKU0192,126,27,19,56
2024-06-17,SKU0192,119,10,19,56
2024-06-24,SKU0192,108,4,19,56
2024-07-01,SKU0192,100,0,19,56
2024-07-08,SKU0192,91,0,19,56
2024-07-15,SKU0192,70,0,19,56
2024-07-22,SKU0192,47,1,19,56
2024-07-29,SKU0192,41,0,19,56
2024-08-05,SKU0192,12,0,19,56
2024-08-12,SKU0192,230,229,19,56
2024-08-19,SKU0192,223,0,19,56
2024-08-26,SKU0192,212,18,19,56
2024-09-02,SKU0192,196,0,19,56
2024-09-09,SKU0192,166,0,19,56
2024-09-16,SKU0192,154,0,19,56
2024-09-23,SKU0192,149,0,19,56
2024-09-30,SKU0192,142,0,19,56
2024-10-07,SKU0192,118,1,19,56
2024-10-14,SKU0192,102,27,19,56
2024-10-21,SKU0192,83,0,19,56
2024-10-28,SKU0192,71,27,19,56
2024-11-04,SKU0192,42,0,19,56
2024-11-11,SKU0192,33,0,19,56
2024-11-18,SKU0192,164,142,19,56
2024-11-25,SKU0192,148,0,19,56
2024-12-02,SKU0192,131,0,19,56
2024-12-09,SKU0192,119,0,19,56
2024-12-16,SKU0192,104,0,19,56
2024-12-23,SKU0192,87,0,19,56
2024-12-30,SKU0192,74,0,19,56
2025-01-06,SKU0192,150,103,19,56
2025-01-13,SKU0192,124,0,19,56
2025-01-20,SKU0192,107,0,19,56
2025-01-27,SKU0192,100,0,19,56
2025-02-03,SKU0192,83,20,19,56
2025-02-10,SKU0192,240,191,19,56
2025-02-17,SKU0192,213,9,19,56
2025-02-24,SKU0192,179,0,19,56
2025-03-03,SKU0192,153,0,19,56
2025-03-10,SKU0192,138,0,19,56
2025-03-17,SKU0192,122,0,19,56
2025-03-24,SKU0192,116,14,19,56
2025-03-31,SKU0192,110,11,19,56
2025-04-07,SKU0192,96,0,19,56
2025-04-14,SKU0192,68,0,19,56
2025-04-21,SKU0192,198,152,19,56
2025-04-28,SKU0192,173,0,19,56
2025-05-05,SKU0192,160,0,19,56
2025-05-12,SKU0192,149,23,19,56
2025-05-19,SKU0192,138,12,19,56
2025-05-26,SKU0192,129,0,19,56
2025-06-02,SKU0192,113,3,19,56
2025-06-09,SKU0192,107,0,19,56
2025-06-16,SKU0192,89,0,19,56
2025-06-23,SKU0192,72,0,19,56
2025-06-30,SKU0192,38,0,19,56
2025-07-07,SKU0192,238,207,19,56
2025-07-14,SKU0192,219,0,19,56
2025-07-21,SKU0192,211,23,19,56
2025-07-28,SKU0192,194,0,19,56
2025-08-04,SKU0192,169,0,19,56
2025-08-11,SKU0192,138,0,19,56
2025-08-18,SKU0192,104,0,19,56
2025-08-25,SKU0192,83,0,19,56
2025-09-01,SKU0192,62,13,19,56
2025-09-08,SKU0192,40,0,19,56
2025-09-15,SKU0192,35,0,19,56
2025-09-22,SKU0192,144,135,19,56
2025-09-29,SKU0192,120,0,19,56
2025-10-06,SKU0192,101,0,19,56
2025-10-13,SKU0192,71,17,19,56
2025-10-20,SKU0192,60,0,19,56
2025-10-27,SKU0192,171,133,19,56
2025-11-03,SKU0192,161,0,19,56
2025-11-10,SKU0192,153,0,19,56
2025-11-17,SKU0192,131,0,19,56
2025-11-24,SKU0192,98,13,19,56
2025-12-01,SKU0192,71,0,19,56
2025-12-08,SKU0192,51,0,19,56
2025-12-15,SKU0192,213,194,19,56
2025-12-22,SKU0192,179,0,19,56
2025-12-29,SKU0192,173,0,19,56
2024-01-01,SKU0193,178,0,18,39
2024-01-08,SKU0193,151,21,18,39
2024-01-15,SKU0193,137,0,18,39
2024-01-22,SKU0193,131,0,18,39
2024-01-29,SKU0193,116,0,18,39
2024-02-05,SKU0193,110,0,18,39
2024-02-12,SKU0193,98,0,18,39
2024-02-19,SKU0193,73,17,18,39
2024-02-26,SKU0193,55,0,18,39
2024-03-04,SKU0193,38,0,18,39
2024-03-11,SKU0193,99,86,18,39
2024-03-18,SKU0193,80,0,18,39
2024-03-25,SKU0193,61,0,18,39
2024-04-01,SKU0193,188,157,18,39
2024-04-08,SKU0193,177,8,18,39
2024-04-15,SKU0193,163,0,18,39
2024-04-22,SKU0193,154,0,18,39
2024-04-29,SKU0193,123,0,18,39
2024-05-06,SKU0193,106,0,18,39
2024-05-13,SKU0193,72,0,18,39
2024-05-20,SKU0193,65,4,18,39
2024-05-27,SKU0193,58,0,18,39
2024-06-03,SKU0193,25,0,18,39
2024-06-10,SKU0193,17,0,18,39
2024-06-17,SKU0193,0,0,18,39
2024-06-24,SKU0193,0,0,18,39
2024-07-01,SKU0193,169,169,18,39
2024-07-08,SKU0193,155,0,18,39
2024-07-15,SKU0193,147,0,18,39
2024-07-22,SKU0193,124,0,18,39
2024-07-29,SKU0193,90,21,18,39
2024-08-05,SKU0193,82,0,18,39
2024-08-12,SKU0193,65,0,18,39
2024-08-19,SKU0193,42,0,18,39
2024-08-26,SKU0193,154,118,18,39
2024-09-02,SKU0193,129,0,18,39
2024-09-09,SKU0193,101,0,18,39
2024-09-16,SKU0193,87,0,18,39
2024-09-23,SKU0193,69,0,18,39
2024-09-30,SKU0193,40,0,18,39
2024-10-07,SKU0193,32,0,18,39
2024-10-14,SKU0193,1,0,18,39
2024-10-21,SKU0193,226,226,18,39
2024-10-28,SKU0193,219,6,18,39
2024-11-04,SKU0193,204,29,18,39
2024-11-11,SKU0193,187,0,18,39
2024-11-18,SKU0193,155,0,18,39
2024-11-25,SKU0193,142,27,18,39
2024-12-02,SKU0193,117,0,18,39
2024-12-09,SKU0193,93,0,18,39
2024-12-16,SKU0193,84,0,18,39
2024-12-23,SKU0193,71,0,18,39
2024-12-30,SKU0193,47,0,18,39
2025-01-06,SKU0193,147,130,18,39
2025-01-13,SKU0193,117,0,18,39
2025-01-20,SKU0193,88,0,18,39
2025-01-27,SKU0193,76,0,18,39
2025-02-03,SKU0193,60,0,18,39
2025-02-10,SKU0193,159,122,18,39
2025-02-17,SKU0193,134,0,18,39
2025-02-24,SKU0193,125,0,18,39
2025-03-03,SKU0193,92,0,18,39
2025-03-10,SKU0193,78,0,18,39
2025-03-17,SKU0193,53,0,18,39
2025-03-24,SKU0193,44,0,18,39
2025-03-31,SKU0193,19,0,18,39
2025-04-07,SKU0193,88,88,18,39
2025-04-14,SKU0193,65,0,18,39
2025-04-21,SKU0193,47,0,18,39
2025-04-28,SKU0193,217,197,18,39
2025-05-05,SKU0193,196,0,18,39
2025-05-12,SKU0193,189,0,18,39
2025-05-19,SKU0193,177,0,18,39
2025-05-26,SKU0193,168,0,18,39
2025-06-02,SKU0193,162,0,18,39
2025-06-09,SKU0193,152,0,18,39
2025-06-16,SKU0193,144,0,18,39
2025-06-23,SKU0193,130,0,18,39
2025-06-30,SKU0193,108,0,18,39
2025-07-07,SKU0193,95,0,18,39
2025-07-14,SKU0193,73,7,18,39
2025-07-21,SKU0193,51,17,18,39
2025-07-28,SKU0193,156,139,18,39
2025-08-04,SKU0193,149,0,18,39
2025-08-11,SKU0193,141,0,18,39
2025-08-18,SKU0193,133,0,18,39
2025-08-25,SKU0193,118,0,18,39
2025-09-01,SKU0193,90,0,18,39
2025-09-08,SKU0193,81,0,18,39
2025-09-15,SKU0193,59,22,18,39
2025-09-22,SKU0193,50,0,18,39
2025-09-29,SKU0193,35,10,18,39
2025-10-06,SKU0193,203,181,18,39
2025-10-13,SKU0193,176,0,18,39
2025-10-20,SKU0193,162,11,18,39
2025-10-27,SKU0193,132,0,18,39
2025-11-03,SKU0193,103,0,18,39
2025-11-10,SKU0193,90,0,18,39
2025-11-17,SKU0193,80,0,18,39
2025-11-24,SKU0193,63,0,18,39
2025-12-01,SKU0193,33,0,18,39
2025-12-08,SKU0193,28,0,18,39
2025-12-15,SKU0193,0,0,18,39
2025-12-22,SKU0193,171,171,18,39
2025-12-29,SKU0193,145,0,18,39
2024-01-01,SKU0194,174,0,7,24
2024-01-08,SKU0194,144,0,7,24
2024-01-15,SKU0194,133,0,7,24
2024-01-22,SKU0194,120,0,7,24
2024-01-29,SKU0194,113,0,7,24
2024-02-05,SKU0194,94,0,7,24
2024-02-12,SKU0194,66,10,7,24
2024-02-19,SKU0194,58,0,7,24
2024-02-26,SKU0194,46,0,7,24
2024-03-04,SKU0194,27,0,7,24
2024-03-11,SKU0194,232,216,7,24
2024-03-18,SKU0194,206,0,7,24
2024-03-25,SKU0194,199,21,7,24
2024-04-01,SKU0194,192,0,7,24
2024-04-08,SKU0194,166,0,7,24
2024-04-15,SKU0194,134,28,7,24
2024-04-22,SKU0194,102,0,7,24
2024-04-29,SKU0194,94,18,7,24
2024-05-06,SKU0194,83,0,7,24
2024-05-13,SKU0194,69,0,7,24
2024-05-20,SKU0194,51,0,7,24
2024-05-27,SKU0194,29,0,7,24
2024-06-03,SKU0194,19,15,7,24
2024-06-10,SKU0194,0,0,7,24
2024-06-17,SKU0194,139,139,7,24
2024-06-24,SKU0194,113,0,7,24
2024-07-01,SKU0194,99,23,7,24
2024-07-08,SKU0194,71,3,7,24
2024-07-15,SKU0194,50,0,7,24
2024-07-22,SKU0194,45,0,7,24
2024-07-29,SKU0194,30,0,7,24
2024-08-05,SKU0194,147,143,7,24
2024-08-12,SKU0194,141,0,7,24
2024-08-19,SKU0194,123,0,7,24
2024-08-26,SKU0194,118,0,7,24
2024-09-02,SKU0194,111,2,7,24
2024-09-09,SKU0194,101,0,7,24
2024-09-16,SKU0194,78,0,7,24
2024-09-23,SKU0194,44,8,7,24
2024-09-30,SKU0194,32,0,7,24
2024-10-07,SKU0194,209,205,7,24
2024-10-14,SKU0194,177,0,7,24
2024-10-21,SKU0194,151,0,7,24
2024-10-28,SKU0194,134,0,7,24
2024-11-04,SKU0194,129,0,7,24
2024-11-11,SKU0194,124,23,7,24
2024-11-18,SKU0194,107,0,7,24
2024-11-25,SKU0194,85,0,7,24
2024-12-02,SKU0194,51,0,7,24
2024-12-09,SKU0194,166,149,7,24
2024-12-16,SKU0194,133,0,7,24
2024-12-23,SKU0194,124,0,7,24
2024-12-30,SKU0194,104,0,7,24
2025-01-06,SKU0194,96,2,7,24
2025-01-13,SKU0194,69,26,7,24
2025-01-20,SKU0194,49,0,7,24
2025-01-27,SKU0194,34,7,7,24
2025-02-03,SKU0194,21,0,7,24
2025-02-10,SKU0194,197,197,7,24
2025-02-17,SKU0194,191,0,7,24
2025-02-24,SKU0194,166,26,7,24
2025-03-03,SKU0194,154,0,7,24
2025-03-10,SKU0194,135,0,7,24
2025-03-17,SKU0194,126,0,7,24
2025-03-24,SKU0194,119,0,7,24
2025-03-31,SKU0194,110,5,7,24
2025-04-07,SKU0194,89,0,7,24
2025-04-14,SKU0194,59,3,7,24
2025-04-21,SKU0194,37,0,7,24
2025-04-28,SKU0194,117,93,7,24
2025-05-05,SKU0194,85,0,7,24
2025-05-12,SKU0194,71,0,7,24
2025-05-19,SKU0194,45,0,7,24
2025-05-26,SKU0194,37,0,7,24
2025-06-02,SKU0194,170,166,7,24
2025-06-09,SKU0194,160,0,7,24
2025-06-16,SKU0194,152,29,7,24
2025-06-23,SKU0194,138,0,7,24
2025-06-30,SKU0194,120,0,7,24
2025-07-07,SKU0194,92,0,7,24
2025-07-14,SKU0194,85,29,7,24
2025-07-21,SKU0194,62,0,7,24
2025-07-28,SKU0194,33,0,7,24
2025-08-04,SKU0194,17,0,7,24
2025-08-11,SKU0194,195,195,7,24
2025-08-18,SKU0194,177,3,7,24
2025-08-25,SKU0194,151,0,7,24
2025-09-01,SKU0194,139,0,7,24
2025-09-08,SKU0194,114,0,7,24
2025-09-15,SKU0194,86,0,7,24
2025-09-22,SKU0194,53,0,7,24
2025-09-29,SKU0194,42,0,7,24
2025-10-06,SKU0194,32,0,7,24
2025-10-13,SKU0194,207,185,7,24
2025-10-20,SKU0194,173,0,7,24
2025-10-27,SKU0194,145,0,7,24
2025-11-03,SKU0194,129,0,7,24
2025-11-10,SKU0194,117,14,7,24
2025-11-17,SKU0194,112,0,7,24
2025-11-24,SKU0194,95,0,7,24
2025-12-01,SKU0194,69,0,7,24
2025-12-08,SKU0194,59,5,7,24
2025-12-15,SKU0194,28,6,7,24
2025-12-22,SKU0194,129,129,7,24
2025-12-29,SKU0194,95,0,7,24
2024-01-01,SKU0195,83,0,10,50
2024-01-08,SKU0195,57,25,10,50
2024-01-15,SKU0195,31,0,10,50
2024-01-22,SKU0195,13,0,10,50
2024-01-29,SKU0195,155,155,10,50
2024-02-05,SKU0195,142,0,10,50
2024-02-12,SKU0195,126,0,10,50
2024-02-19,SKU0195,114,0,10,50
2024-02-26,SKU0195,90,0,10,50
2024-03-04,SKU0195,72,0,10,50
2024-03-11,SKU0195,214,174,10,50
2024-03-18,SKU0195,204,0,10,50
2024-03-25,SKU0195,197,0,10,50
2024-04-01,SKU0195,179,0,10,50
2024-04-08,SKU0195,161,17,10,50
2024-04-15,SKU0195,143,0,10,50
2024-04-22,SKU0195,126,0,10,50
2024-04-29,SKU0195,103,0,10,50
2024-05-06,SKU0195,69,0,10,50
2024-05-13,SKU0195,239,194,10,50
2024-05-20,SKU0195,210,0,10,50
2024-05-27,SKU0195,204,0,10,50
2024-06-03,SKU0195,180,12,10,50
2024-06-10,SKU0195,164,0,10,50
2024-06-17,SKU0195,159,26,10,50
2024-06-24,SKU0195,129,0,10,50
2024-07-01,SKU0195,124,0,10,50
2024-07-08,SKU0195,91,0,10,50
2024-07-15,SKU0195,68,9,10,50
2024-07-22,SKU0195,57,16,10,50
2024-07-29,SKU0195,35,0,10,50
2024-08-05,SKU0195,29,0,10,50
2024-08-12,SKU0195,245,228,10,50
2024-08-19,SKU0195,223,0,10,50
2024-08-26,SKU0195,216,0,10,50
2024-09-02,SKU0195,201,0,10,50
2024-09-09,SKU0195,184,0,10,50
2024-09-16,SKU0195,160,27,10,50
2024-09-23,SKU0195,138,0,10,50
2024-09-30,SKU0195,112,0,10,50
2024-10-07,SKU0195,102,0,10,50
2024-10-14,SKU0195,71,11,10,50
2024-10-21,SKU0195,46,9,10,50
2024-10-28,SKU0195,112,83,10,50
2024-11-04,SKU0195,99,0,10,50
2024-11-11,SKU0195,69,0,10,50
2024-11-18,SKU0195,241,205,10,50
2024-11-25,SKU0195,225,10,10,50
2024-12-02,SKU0195,210,0,10,50
2024-12-09,SKU0195,202,0,10,50
2024-12-16,SKU0195,182,9,10,50
2024-12-23,SKU0195,150,0,10,50
2024-12-30,SKU0195,119,0,10,50
2025-01-06,SKU0195,103,0,10,50
2025-01-13,SKU0195,88,0,10,50
2025-01-20,SKU0195,66,0,10,50
2025-01-27,SKU0195,49,0,10,50
2025-02-03,SKU0195,42,20,10,50
2025-02-10,SKU0195,10,0,10,50
2025-02-17,SKU0195,84,83,10,50
2025-02-24,SKU0195,52,0,10,50
2025-03-03,SKU0195,22,0,10,50
2025-03-10,SKU0195,211,211,10,50
2025-03-17,SKU0195,199,0,10,50
2025-03-24,SKU0195,167,0,10,50
2025-03-31,SKU0195,135,0,10,50
2025-04-07,SKU0195,118,0,10,50
2025-04-14,SKU0195,91,0,10,50
2025-04-21,SKU0195,63,10,10,50
2025-04-28,SKU0195,55,0,10,50
2025-05-05,SKU0195,170,120,10,50
2025-05-12,SKU0195,159,0,10,50
2025-05-19,SKU0195,132,19,10,50
2025-05-26,SKU0195,115,0,10,50
2025-06-02,SKU0195,109,18,10,50
2025-06-09,SKU0195,81,0,10,50
2025-06-16,SKU0195,63,0,10,50
2025-06-23,SKU0195,134,87,10,50
2025-06-30,SKU0195,121,19,10,50
2025-07-07,SKU0195,97,0,10,50
2025-07-14,SKU0195,64,0,10,50
2025-07-21,SKU0195,58,0,10,50
2025-07-28,SKU0195,230,197,10,50
2025-08-04,SKU0195,214,0,10,50
2025-08-11,SKU0195,201,0,10,50
2025-08-18,SKU0195,193,0,10,50
2025-08-25,SKU0195,161,0,10,50
2025-09-01,SKU0195,151,0,10,50
2025-09-08,SKU0195,142,3,10,50
2025-09-15,SKU0195,127,0,10,50
2025-09-22,SKU0195,115,0,10,50
2025-09-29,SKU0195,101,0,10,50
2025-10-06,SKU0195,81,0,10,50
2025-10-13,SKU0195,49,0,10,50
2025-10-20,SKU0195,161,122,10,50
2025-10-27,SKU0195,149,0,10,50
2025-11-03,SKU0195,124,0,10,50
2025-11-10,SKU0195,93,0,10,50
2025-11-17,SKU0195,75,0,10,50
2025-11-24,SKU0195,52,0,10,50
2025-12-01,SKU0195,188,169,10,50
2025-12-08,SKU0195,177,29,10,50
2025-12-15,SKU0195,143,28,10,50
2025-12-22,SKU0195,131,0,10,50
2025-12-29,SKU0195,115,28,10,50
2024-01-01,SKU0196,118,0,24,40
2024-01-08,SKU0196,106,0,24,40
2024-01-15,SKU0196,99,0,24,40
2024-01-22,SKU0196,81,0,24,40
2024-01-29,SKU0196,48,0,24,40
2024-02-05,SKU0196,42,0,24,40
2024-02-12,SKU0196,109,88,24,40
2024-02-19,SKU0196,80,0,24,40
2024-02-26,SKU0196,69,0,24,40
2024-03-04,SKU0196,46,0,24,40
2024-03-11,SKU0196,22,0,24,40
2024-03-18,SKU0196,0,0,24,40
2024-03-25,SKU0196,0,0,24,40
2024-04-01,SKU0196,190,190,24,40
2024-04-08,SKU0196,174,0,24,40
2024-04-15,SKU0196,142,0,24,40
2024-04-22,SKU0196,110,0,24,40
2024-04-29,SKU0196,77,0,24,40
2024-05-06,SKU0196,64,0,24,40
2024-05-13,SKU0196,49,0,24,40
2024-05-20,SKU0196,253,224,24,40
2024-05-27,SKU0196,237,0,24,40
2024-06-03,SKU0196,206,0,24,40
2024-06-10,SKU0196,198,0,24,40
2024-06-17,SKU0196,165,0,24,40
2024-06-24,SKU0196,142,0,24,40
2024-07-01,SKU0196,112,0,24,40
2024-07-08,SKU0196,81,0,24,40
2024-07-15,SKU0196,71,0,24,40
2024-07-22,SKU0196,39,23,24,40
2024-07-29,SKU0196,207,176,24,40
2024-08-05,SKU0196,199,0,24,40
2024-08-12,SKU0196,179,0,24,40
2024-08-19,SKU0196,161,0,24,40
2024-08-26,SKU0196,153,0,24,40
2024-09-02,SKU0196,128,0,24,40
2024-09-09,SKU0196,117,0,24,40
2024-09-16,SKU0196,111,0,24,40
2024-09-23,SKU0196,100,0,24,40
2024-09-30,SKU0196,72,0,24,40
2024-10-07,SKU0196,58,13,24,40
2024-10-14,SKU0196,44,11,24,40
2024-10-21,SKU0196,17,0,24,40
2024-10-28,SKU0196,0,0,24,40
2024-11-04,SKU0196,0,0,24,40
2024-11-11,SKU0196,176,176,24,40
2024-11-18,SKU0196,144,0,24,40
2024-11-25,SKU0196,116,8,24,40
2024-12-02,SKU0196,86,0,24,40
2024-12-09,SKU0196,60,0,24,40
2024-12-16,SKU0196,41,0,24,40
2024-12-23,SKU0196,26,0,24,40
2024-12-30,SKU0196,224,214,24,40
2025-01-06,SKU0196,208,0,24,40
2025-01-13,SKU0196,199,0,24,40
2025-01-20,SKU0196,178,0,24,40
2025-01-27,SKU0196,144,0,24,40
2025-02-03,SKU0196,122,0,24,40
2025-02-10,SKU0196,113,0,24,40
2025-02-17,SKU0196,80,0,24,40
2025-02-24,SKU0196,73,0,24,40
2025-03-03,SKU0196,45,0,24,40
2025-03-10,SKU0196,128,115,24,40
2025-03-17,SKU0196,97,0,24,40
2025-03-24,SKU0196,66,20,24,40
2025-03-31,SKU0196,187,148,24,40
2025-04-07,SKU0196,169,0,24,40
2025-04-14,SKU0196,164,0,24,40
2025-04-21,SKU0196,132,0,24,40
2025-04-28,SKU0196,100,0,24,40
2025-05-05,SKU0196,83,0,24,40
2025-05-12,SKU0196,64,0,24,40
2025-05-19,SKU0196,44,0,24,40
2025-05-26,SKU0196,11,10,24,40
2025-06-02,SKU0196,236,236,24,40
2025-06-09,SKU0196,212,0,24,40
2025-06-16,SKU0196,183,5,24,40
2025-06-23,SKU0196,155,0,24,40
2025-06-30,SKU0196,124,0,24,40
2025-07-07,SKU0196,106,0,24,40
2025-07-14,SKU0196,75,0,24,40
2025-07-21,SKU0196,42,0,24,40
2025-07-28,SKU0196,200,168,24,40
2025-08-04,SKU0196,177,0,24,40
2025-08-11,SKU0196,149,0,24,40
2025-08-18,SKU0196,144,0,24,40
2025-08-25,SKU0196,135,15,24,40
2025-09-01,SKU0196,114,0,24,40
2025-09-08,SKU0196,83,0,24,40
2025-09-15,SKU0196,77,0,24,40
2025-09-22,SKU0196,53,0,24,40
2025-09-29,SKU0196,136,101,24,40
2025-10-06,SKU0196,106,0,24,40
2025-10-13,SKU0196,97,0,24,40
2025-10-20,SKU0196,80,16,24,40
2025-10-27,SKU0196,75,20,24,40
2025-11-03,SKU0196,43,0,24,40
2025-11-10,SKU0196,92,81,24,40
2025-11-17,SKU0196,79,0,24,40
2025-11-24,SKU0196,66,0,24,40
2025-12-01,SKU0196,49,17,24,40
2025-12-08,SKU0196,31,0,24,40
2025-12-15,SKU0196,0,0,24,40
2025-12-22,SKU0196,160,160,24,40
2025-12-29,SKU0196,128,26,24,40
2024-01-01,SKU0197,224,0,27,21
2024-01-08,SKU0197,219,0,27,21
2024-01-15,SKU0197,195,0,27,21
2024-01-22,SKU0197,189,0,27,21
2024-01-29,SKU0197,168,2,27,21
2024-02-05,SKU0197,135,0,27,21
2024-02-12,SKU0197,103,0,27,21
2024-02-19,SKU0197,89,7,27,21
2024-02-26,SKU0197,74,0,27,21
2024-03-04,SKU0197,59,0,27,21
2024-03-11,SKU0197,34,0,27,21
2024-03-18,SKU0197,23,0,27,21
2024-03-25,SKU0197,0,0,27,21
2024-04-01,SKU0197,141,141,27,21
2024-04-08,SKU0197,111,0,27,21
2024-04-15,SKU0197,86,0,27,21
2024-04-22,SKU0197,79,0,27,21
2024-04-29,SKU0197,46,0,27,21
2024-05-06,SKU0197,39,0,27,21
2024-05-13,SKU0197,32,0,27,21
2024-05-20,SKU0197,217,210,27,21
2024-05-27,SKU0197,194,0,27,21
2024-06-03,SKU0197,172,0,27,21
2024-06-10,SKU0197,165,0,27,21
2024-06-17,SKU0197,145,0,27,21
2024-06-24,SKU0197,119,0,27,21
2024-07-01,SKU0197,86,0,27,21
2024-07-08,SKU0197,64,0,27,21
2024-07-15,SKU0197,33,0,27,21
2024-07-22,SKU0197,1,0,27,21
2024-07-29,SKU0197,114,114,27,21
2024-08-05,SKU0197,105,0,27,21
2024-08-12,SKU0197,84,0,27,21
2024-08-19,SKU0197,74,9,27,21
2024-08-26,SKU0197,62,8,27,21
2024-09-02,SKU0197,46,12,27,21
2024-09-09,SKU0197,30,0,27,21
2024-09-16,SKU0197,23,0,27,21
2024-09-23,SKU0197,183,183,27,21
2024-09-30,SKU0197,157,29,27,21
2024-10-07,SKU0197,146,0,27,21
2024-10-14,SKU0197,122,0,27,21
2024-10-21,SKU0197,109,0,27,21
2024-10-28,SKU0197,89,0,27,21
2024-11-04,SKU0197,67,0,27,21
2024-11-11,SKU0197,44,0,27,21
2024-11-18,SKU0197,29,0,27,21
2024-11-25,SKU0197,0,0,27,21
2024-12-02,SKU0197,157,157,27,21
2024-12-09,SKU0197,137,0,27,21
2024-12-16,SKU0197,113,0,27,21
2024-12-23,SKU0197,81,0,27,21
2024-12-30,SKU0197,69,3,27,21
2025-01-06,SKU0197,42,0,27,21
2025-01-13,SKU0197,8,4,27,21
2025-01-20,SKU0197,0,15,27,21
2025-01-27,SKU0197,0,2,27,21
2025-02-03,SKU0197,138,138,27,21
2025-02-10,SKU0197,121,0,27,21
2025-02-17,SKU0197,96,0,27,21
2025-02-24,SKU0197,67,0,27,21
2025-03-03,SKU0197,41,0,27,21
2025-03-10,SKU0197,136,120,27,21
2025-03-17,SKU0197,102,0,27,21
2025-03-24,SKU0197,85,0,27,21
2025-03-31,SKU0197,64,0,27,21
2025-04-07,SKU0197,35,0,27,21
2025-04-14,SKU0197,134,122,27,21
2025-04-21,SKU0197,124,0,27,21
2025-04-28,SKU0197,108,0,27,21
2025-05-05,SKU0197,84,0,27,21
2025-05-12,SKU0197,54,0,27,21
2025-05-19,SKU0197,22,0,27,21
2025-05-26,SKU0197,0,0,27,21
2025-06-02,SKU0197,0,0,27,21
2025-06-09,SKU0197,240,240,27,21
2025-06-16,SKU0197,228,0,27,21
2025-06-23,SKU0197,206,0,27,21
2025-06-30,SKU0197,177,6,27,21
2025-07-07,SKU0197,169,0,27,21
2025-07-14,SKU0197,139,0,27,21
2025-07-21,SKU0197,114,0,27,21
2025-07-28,SKU0197,106,0,27,21
2025-08-04,SKU0197,72,0,27,21
2025-08-11,SKU0197,47,0,27,21
2025-08-18,SKU0197,171,156,27,21
2025-08-25,SKU0197,150,0,27,21
2025-09-01,SKU0197,125,7,27,21
2025-09-08,SKU0197,94,0,27,21
2025-09-15,SKU0197,70,0,27,21
2025-09-22,SKU0197,53,0,27,21
2025-09-29,SKU0197,37,0,27,21
2025-10-06,SKU0197,27,0,27,21
2025-10-13,SKU0197,269,248,27,21
2025-10-20,SKU0197,248,0,27,21
2025-10-27,SKU0197,232,0,27,21
2025-11-03,SKU0197,198,4,27,21
2025-11-10,SKU0197,186,0,27,21
2025-11-17,SKU0197,162,5,27,21
2025-11-24,SKU0197,144,0,27,21
2025-12-01,SKU0197,127,0,27,21
2025-12-08,SKU0197,100,20,27,21
2025-12-15,SKU0197,85,0,27,21
2025-12-22,SKU0197,77,0,27,21
2025-12-29,SKU0197,53,0,27,21
2024-01-01,SKU0198,135,0,9,34
2024-01-08,SKU0198,121,0,9,34
2024-01-15,SKU0198,90,0,9,34
2024-01-22,SKU0198,77,0,9,34
2024-01-29,SKU0198,60,28,9,34
2024-02-05,SKU0198,53,0,9,34
2024-02-12,SKU0198,40,0,9,34
2024-02-19,SKU0198,178,168,9,34
2024-02-26,SKU0198,152,24,9,34
2024-03-04,SKU0198,129,0,9,34
2024-03-11,SKU0198,102,0,9,34
2024-03-18,SKU0198,79,0,9,34
2024-03-25,SKU0198,67,0,9,34
2024-04-01,SKU0198,35,0,9,34
2024-04-08,SKU0198,274,249,9,34
2024-04-15,SKU0198,240,3,9,34
2024-04-22,SKU0198,230,10,9,34
2024-04-29,SKU0198,210,23,9,34
2024-05-06,SKU0198,183,0,9,34
2024-05-13,SKU0198,166,9,9,34
2024-05-20,SKU0198,144,0,9,34
2024-05-27,SKU0198,121,0,9,34
2024-06-03,SKU0198,114,3,9,34
2024-06-10,SKU0198,89,0,9,34
2024-06-17,SKU0198,80,0,9,34
2024-06-24,SKU0198,47,0,9,34
2024-07-01,SKU0198,265,234,9,34
2024-07-08,SKU0198,258,0,9,34
2024-07-15,SKU0198,230,0,9,34
2024-07-22,SKU0198,217,19,9,34
2024-07-29,SKU0198,188,0,9,34
2024-08-05,SKU0198,159,0,9,34
2024-08-12,SKU0198,138,0,9,34
2024-08-19,SKU0198,107,0,9,34
2024-08-26,SKU0198,87,3,9,34
2024-09-02,SKU0198,75,0,9,34
2024-09-09,SKU0198,61,0,9,34
2024-09-16,SKU0198,30,0,9,34
2024-09-23,SKU0198,17,0,9,34
2024-09-30,SKU0198,0,0,9,34
2024-10-07,SKU0198,152,152,9,34
2024-10-14,SKU0198,127,5,9,34
2024-10-21,SKU0198,115,28,9,34
2024-10-28,SKU0198,89,8,9,34
2024-11-04,SKU0198,71,0,9,34
2024-11-11,SKU0198,54,0,9,34
2024-11-18,SKU0198,40,0,9,34
2024-11-25,SKU0198,21,0,9,34
2024-12-02,SKU0198,195,195,9,34
2024-12-09,SKU0198,188,0,9,34
2024-12-16,SKU0198,171,0,9,34
2024-12-23,SKU0198,139,0,9,34
2024-12-30,SKU0198,110,0,9,34
2025-01-06,SKU0198,82,0,9,34
2025-01-13,SKU0198,62,0,9,34
2025-01-20,SKU0198,32,0,9,34
2025-01-27,SKU0198,157,155,9,34
2025-02-03,SKU0198,146,11,9,34
2025-02-10,SKU0198,136,0,9,34
2025-02-17,SKU0198,131,0,9,34
2025-02-24,SKU0198,116,7,9,34
2025-03-03,SKU0198,91,13,9,34
2025-03-10,SKU0198,59,0,9,34
2025-03-17,SKU0198,52,0,9,34
2025-03-24,SKU0198,236,216,9,34
2025-03-31,SKU0198,221,13,9,34
2025-04-07,SKU0198,202,0,9,34
2025-04-14,SKU0198,185,0,9,34
2025-04-21,SKU0198,180,0,9,34
2025-04-28,SKU0198,160,0,9,34
2025-05-05,SKU0198,145,0,9,34
2025-05-12,SKU0198,121,0,9,34
2025-05-19,SKU0198,112,0,9,34
2025-05-26,SKU0198,93,0,9,34
2025-06-02,SKU0198,88,0,9,34
2025-06-09,SKU0198,82,0,9,34
2025-06-16,SKU0198,73,0,9,34
2025-06-23,SKU0198,56,0,9,34
2025-06-30,SKU0198,45,14,9,34
2025-07-07,SKU0198,163,143,9,34
2025-07-14,SKU0198,144,0,9,34
2025-07-21,SKU0198,128,0,9,34
2025-07-28,SKU0198,104,0,9,34
2025-08-04,SKU0198,89,0,9,34
2025-08-11,SKU0198,68,0,9,34
2025-08-18,SKU0198,61,0,9,34
2025-08-25,SKU0198,43,19,9,34
2025-09-01,SKU0198,264,236,9,34
2025-09-08,SKU0198,242,0,9,34
2025-09-15,SKU0198,225,0,9,34
2025-09-22,SKU0198,212,28,9,34
2025-09-29,SKU0198,200,0,9,34
2025-10-06,SKU0198,171,0,9,34
2025-10-13,SKU0198,165,26,9,34
2025-10-20,SKU0198,131,0,9,34
2025-10-27,SKU0198,108,0,9,34
2025-11-03,SKU0198,102,0,9,34
2025-11-10,SKU0198,84,0,9,34
2025-11-17,SKU0198,68,0,9,34
2025-11-24,SKU0198,55,0,9,34
2025-12-01,SKU0198,37,18,9,34
2025-12-08,SKU0198,11,0,9,34
2025-12-15,SKU0198,84,84,9,34
2025-12-22,SKU0198,72,0,9,34
2025-12-29,SKU0198,47,14,9,34
2024-01-01,SKU0199,272,0,29,16
2024-01-08,SKU0199,249,0,29,16
2024-01-15,SKU0199,229,0,29,16
2024-01-22,SKU0199,211,0,29,16
2024-01-29,SKU0199,200,0,29,16
2024-02-05,SKU0199,188,21,29,16
2024-02-12,SKU0199,166,0,29,16
2024-02-19,SKU0199,145,6,29,16
2024-02-26,SKU0199,124,0,29,16
2024-03-04,SKU0199,115,19,29,16
2024-03-11,SKU0199,89,0,29,16
2024-03-18,SKU0199,76,0,29,16
2024-03-25,SKU0199,63,0,29,16
2024-04-01,SKU0199,48,8,29,16
2024-04-08,SKU0199,28,0,29,16
2024-04-15,SKU0199,17,0,29,16
2024-04-22,SKU0199,81,81,29,16
2024-04-29,SKU0199,61,0,29,16
2024-05-06,SKU0199,44,0,29,16
2024-05-13,SKU0199,185,171,29,16
2024-05-20,SKU0199,169,0,29,16
2024-05-27,SKU0199,139,0,29,16
2024-06-03,SKU0199,127,0,29,16
2024-06-10,SKU0199,93,0,29,16
2024-06-17,SKU0199,73,0,29,16
2024-06-24,SKU0199,64,0,29,16
2024-07-01,SKU0199,52,0,29,16
2024-07-08,SKU0199,33,0,29,16
2024-07-15,SKU0199,7,0,29,16
2024-07-22,SKU0199,81,81,29,16
2024-07-29,SKU0199,55,0,29,16
2024-08-05,SKU0199,22,0,29,16
2024-08-12,SKU0199,227,227,29,16
2024-08-19,SKU0199,214,0,29,16
2024-08-26,SKU0199,184,1,29,16
2024-09-02,SKU0199,159,0,29,16
2024-09-09,SKU0199,129,13,29,16
2024-09-16,SKU0199,117,0,29,16
2024-09-23,SKU0199,94,0,29,16
2024-09-30,SKU0199,74,0,29,16
2024-10-07,SKU0199,59,0,29,16
2024-10-14,SKU0199,48,0,29,16
2024-10-21,SKU0199,38,8,29,16
2024-10-28,SKU0199,19,0,29,16
2024-11-04,SKU0199,9,0,29,16
2024-11-11,SKU0199,120,120,29,16
2024-11-18,SKU0199,94,0,29,16
2024-11-25,SKU0199,61,0,29,16
2024-12-02,SKU0199,37,2,29,16
2024-12-09,SKU0199,101,94,29,16
2024-12-16,SKU0199,91,0,29,16
2024-12-23,SKU0199,69,3,29,16
2024-12-30,SKU0199,39,0,29,16
2025-01-06,SKU0199,243,236,29,16
2025-01-13,SKU0199,212,0,29,16
2025-01-20,SKU0199,198,0,29,16
2025-01-27,SKU0199,167,0,29,16
2025-02-03,SKU0199,145,0,29,16
2025-02-10,SKU0199,135,0,29,16
2025-02-17,SKU0199,123,0,29,16
2025-02-24,SKU0199,109,0,29,16
2025-03-03,SKU0199,99,0,29,16
2025-03-10,SKU0199,69,0,29,16
2025-03-17,SKU0199,61,0,29,16
2025-03-24,SKU0199,53,0,29,16
2025-03-31,SKU0199,47,26,29,16
2025-04-07,SKU0199,35,0,29,16
2025-04-14,SKU0199,235,234,29,16
2025-04-21,SKU0199,204,0,29,16
2025-04-28,SKU0199,189,0,29,16
2025-05-05,SKU0199,177,0,29,16
2025-05-12,SKU0199,145,0,29,16
2025-05-19,SKU0199,116,0,29,16
2025-05-26,SKU0199,93,0,29,16
2025-06-02,SKU0199,79,0,29,16
2025-06-09,SKU0199,65,0,29,16
2025-06-16,SKU0199,55,0,29,16
2025-06-23,SKU0199,43,0,29,16
2025-06-30,SKU0199,22,0,29,16
2025-07-07,SKU0199,4,26,29,16
2025-07-14,SKU0199,166,166,29,16
2025-07-21,SKU0199,137,22,29,16
2025-07-28,SKU0199,109,0,29,16
2025-08-04,SKU0199,96,0,29,16
2025-08-11,SKU0199,78,1,29,16
2025-08-18,SKU0199,46,0,29,16
2025-08-25,SKU0199,14,15,29,16
2025-09-01,SKU0199,185,183,29,16
2025-09-08,SKU0199,167,0,29,16
2025-09-15,SKU0199,145,0,29,16
2025-09-22,SKU0199,121,8,29,16
2025-09-29,SKU0199,112,0,29,16
2025-10-06,SKU0199,79,0,29,16
2025-10-13,SKU0199,66,0,29,16
2025-10-20,SKU0199,60,0,29,16
2025-10-27,SKU0199,53,0,29,16
2025-11-03,SKU0199,43,0,29,16
2025-11-10,SKU0199,242,229,29,16
2025-11-17,SKU0199,236,11,29,16
2025-11-24,SKU0199,230,0,29,16
2025-12-01,SKU0199,214,0,29,16
2025-12-08,SKU0199,206,0,29,16
2025-12-15,SKU0199,188,0,29,16
2025-12-22,SKU0199,180,0,29,16
2025-12-29,SKU0199,173,0,29,16
2024-01-01,SKU0200,129,9,20,24
2024-01-08,SKU0200,98,0,20,24
2024-01-15,SKU0200,71,0,20,24
2024-01-22,SKU0200,37,1,20,24
2024-01-29,SKU0200,32,0,20,24
2024-02-05,SKU0200,120,103,20,24
2024-02-12,SKU0200,111,0,20,24
2024-02-19,SKU0200,77,0,20,24
2024-02-26,SKU0200,55,0,20,24
2024-03-04,SKU0200,28,0,20,24
2024-03-11,SKU0200,109,106,20,24
2024-03-18,SKU0200,93,0,20,24
2024-03-25,SKU0200,85,0,20,24
2024-04-01,SKU0200,76,0,20,24
2024-04-08,SKU0200,62,0,20,24
2024-04-15,SKU0200,42,0,20,24
2024-04-22,SKU0200,154,133,20,24
2024-04-29,SKU0200,132,0,20,24
2024-05-06,SKU0200,122,0,20,24
2024-05-13,SKU0200,100,0,20,24
2024-05-20,SKU0200,89,4,20,24
2024-05-27,SKU0200,65,21,20,24
2024-06-03,SKU0200,58,0,20,24
2024-06-10,SKU0200,52,0,20,24
2024-06-17,SKU0200,28,0,20,24
2024-06-24,SKU0200,165,156,20,24
2024-07-01,SKU0200,139,12,20,24
2024-07-08,SKU0200,125,0,20,24
2024-07-15,SKU0200,114,0,20,24
2024-07-22,SKU0200,97,0,20,24
2024-07-29,SKU0200,73,0,20,24
2024-08-05,SKU0200,56,0,20,24
2024-08-12,SKU0200,214,191,20,24
2024-08-19,SKU0200,186,0,20,24
2024-08-26,SKU0200,163,0,20,24
2024-09-02,SKU0200,147,2,20,24
2024-09-09,SKU0200,115,0,20,24
2024-09-16,SKU0200,85,6,20,24
2024-09-23,SKU0200,69,0,20,24
2024-09-30,SKU0200,53,0,20,24
2024-10-07,SKU0200,23,29,20,24
2024-10-14,SKU0200,0,0,20,24
2024-10-21,SKU0200,164,164,20,24
2024-10-28,SKU0200,130,0,20,24
2024-11-04,SKU0200,116,17,20,24
2024-11-11,SKU0200,89,22,20,24
2024-11-18,SKU0200,76,0,20,24
2024-11-25,SKU0200,46,0,20,24
2024-12-02,SKU0200,41,0,20,24
2024-12-09,SKU0200,27,0,20,24
2024-12-16,SKU0200,248,248,20,24
2024-12-23,SKU0200,243,0,20,24
2024-12-30,SKU0200,229,8,20,24
2025-01-06,SKU0200,219,0,20,24
2025-01-13,SKU0200,188,0,20,24
2025-01-20,SKU0200,174,0,20,24
2025-01-27,SKU0200,162,0,20,24
2025-02-03,SKU0200,144,0,20,24
2025-02-10,SKU0200,124,0,20,24
2025-02-17,SKU0200,106,0,20,24
2025-02-24,SKU0200,101,0,20,24
2025-03-03,SKU0200,86,0,20,24
2025-03-10,SKU0200,58,0,20,24
2025-03-17,SKU0200,43,0,20,24
2025-03-24,SKU0200,206,185,20,24
2025-03-31,SKU0200,189,0,20,24
2025-04-07,SKU0200,160,0,20,24
2025-04-14,SKU0200,145,0,20,24
2025-04-21,SKU0200,135,0,20,24
2025-04-28,SKU0200,108,0,20,24
2025-05-05,SKU0200,84,0,20,24
2025-05-12,SKU0200,55,0,20,24
2025-05-19,SKU0200,24,0,20,24
2025-05-26,SKU0200,87,87,20,24
2025-06-02,SKU0200,70,0,20,24
2025-06-09,SKU0200,37,22,20,24
2025-06-16,SKU0200,198,181,20,24
2025-06-23,SKU0200,192,0,20,24
2025-06-30,SKU0200,169,0,20,24
2025-07-07,SKU0200,146,0,20,24
2025-07-14,SKU0200,115,16,20,24
2025-07-21,SKU0200,99,0,20,24
2025-07-28,SKU0200,71,0,20,24
2025-08-04,SKU0200,42,0,20,24
2025-08-11,SKU0200,32,0,20,24
2025-08-18,SKU0200,117,103,20,24
2025-08-25,SKU0200,106,0,20,24
2025-09-01,SKU0200,98,0,20,24
2025-09-08,SKU0200,72,15,20,24
2025-09-15,SKU0200,52,1,20,24
2025-09-22,SKU0200,46,0,20,24
2025-09-29,SKU0200,34,0,20,24
2025-10-06,SKU0200,25,0,20,24
2025-10-13,SKU0200,87,87,20,24
2025-10-20,SKU0200,77,14,20,24
2025-10-27,SKU0200,43,22,20,24
2025-11-03,SKU0200,37,0,20,24
2025-11-10,SKU0200,220,215,20,24
2025-11-17,SKU0200,188,0,20,24
2025-11-24,SKU0200,159,0,20,24
2025-12-01,SKU0200,147,0,20,24
2025-12-08,SKU0200,122,0,20,24
2025-12-15,SKU0200,96,0,20,24
2025-12-22,SKU0200,78,28,20,24
2025-12-29,SKU0200,70,27,20,24
